case_id,sample_universe,report_id,phase,standard_id,disclosure_id,material_topic,requirement_id,occurrence_idx,a0_status_resolved,a0_decision_path,a0_rationale,a0_citations_json,a1_status_resolved,a1_decision_path,a1_rationale,a1_citations_json,a2_status_resolved,a2_decision_path,a2_rationale,a2_citations_json,v_new_status_resolved,v_new_decision_path,v_new_rationale,v_new_citations_json,disagreement_meta
D001,disagreement,OKQ82024,phase3,GRI 2,2-1,__none__,d,0,pass,standard,"Countries of operation (Sweden, Denmark) are explicitly stated in chunk 0008.","[""OKQ82024__c_0008""]",pass,standard,"Countries of operation (Denmark, Sweden) explicitly mentioned in chunks.","[""OKQ82024__c_0008"", ""OKQ82024__c_0162""]",pass,standard,"Countries of operation (Denmark, Sweden) explicitly mentioned in chunks 0008 and 0162.","[""OKQ82024__c_0008"", ""OKQ82024__c_0162""]",partial,standard,"Mentions operations in Denmark and Sweden, but not all countries of operation.","[""OKQ82024__c_0008""]",1v3
D002,disagreement,OKQ82023,phase3,GRI 2,2-25,__none__,c,0,pass,standard,Processes for remediation include external surveys (chunk 0154) and annual decontamination cost provisions (chunk 0154).,"[""OKQ82023__c_0154""]",pass,standard,"Describes EHS system, spill management, and risk assessments as remediation processes (chunk 0157, 0156).","[""OKQ82023__c_0157"", ""OKQ82023__c_0156"", ""OKQ82023__c_0155"", ""OKQ82023__c_0160"", ""OKQ82023__c_0158""]",partial,standard,"References internal audits (chunk 0146) and remediation processes (chunk 0156), but lacks explicit description of 'other processes' beyond these.","[""OKQ82023__c_0146"", ""OKQ82023__c_0156""]",pass,standard,"Describes spill remediation, EHS system, and safety protocols as processes for remediation.","[""OKQ82023__c_0156"", ""OKQ82023__c_0157"", ""OKQ82023__c_0155"", ""OKQ82023__c_0159"", ""OKQ82023__c_0146""]",1v3
D003,disagreement,OKQ82023,phase3,GRI 2,2-7,__none__,c.i,0,no_evidence,standard,No explicit description of methodologies (head count/FTE) used for employee data compilation.,[],partial,standard,Mentions 'average length of employment' but not head count/FTE methodology.,"[""OKQ82023__c_0172""]",no_evidence,standard,"No evidence explicitly describes methodologies or assumptions for compiling employee data (e.g., head count vs. FTE).",[],no_evidence,standard,"No explicit description of methodologies (head count, FTE, etc.) for compiling employee data is provided.","[""OKQ82023__c_0172"", ""OKQ82023__c_0099"", ""OKQ82023__c_0098"", ""OKQ82023__c_0095"", ""OKQ82023__c_0097""]",1v3
D004,disagreement,OKQ82023,phase3,GRI 2,2-11,__none__,b,0,no_evidence,standard,"No evidence explains the chair's function, reasons for dual role, or conflict mitigation mechanisms despite the conditional requirement being met.",[],no_evidence,standard,"No evidence explains the chair's management function, reasons for dual role, or conflict mitigation mechanisms.",[],no_evidence,standard,"No chunks explain the Chair's function, reasons for the arrangement, or conflict mitigation mechanisms.",[],pass,condition_not_applicable,Condition not met: No explicit confirmation that the chair is currently a senior executive. Temporary role in 2023 does not satisfy the condition.,"[""OKQ82023__c_0132""]",1v3
D005,disagreement,HPCL2024,phase3,GRI 2,2-25,__none__,c,0,partial,standard,"References ERM frameworks and materiality assessments, which may relate to remediation but are not explicitly described as such.","[""HPCL2024__c_0103"", ""HPCL2024__c_0335"", ""HPCL2024__c_0363"", ""HPCL2024__c_0364"", ""HPCL2024__c_0316""]",no_evidence,standard,No explicit description of remediation processes beyond risk management and anti-corruption frameworks.,[],no_evidence,standard,No description of additional remediation processes beyond stakeholder engagement.,"[""HPCL2024__c_0095"", ""HPCL2024__c_0096"", ""HPCL2024__c_0299"", ""HPCL2024__c_0316"", ""HPCL2024__c_0330""]",no_evidence,standard,No explicit description of other remediation processes beyond general risk management.,"[""HPCL2024__c_0300"", ""HPCL2024__c_0330"", ""HPCL2024__c_0096"", ""HPCL2024__c_0336"", ""HPCL2024__c_0327""]",1v3
D006,disagreement,Bapco2023,phase3,GRI 2,2-25,__none__,e,0,no_evidence,standard,No mention of tracking effectiveness of remediation processes or stakeholder feedback.,[],no_evidence,standard,No explicit tracking of grievance mechanism effectiveness or stakeholder feedback examples.,[],partial,standard,References tracking progress but lacks explicit examples of effectiveness or stakeholder feedback.,"[""Bapco2023__c_0029""]",no_evidence,standard,No explicit description of tracking effectiveness or reporting examples of remediation processes.,"[""Bapco2023__c_0026"", ""Bapco2023__c_0029""]",1v3
D007,disagreement,Bapco2023,phase3,GRI 2,2-9,__none__,a,0,partial,standard,Describes Board structure and ESG focus but lacks details on committees of the highest governance body.,"[""Bapco2023__c_0084""]",partial,standard,Describes Board structure and ESG focus but lacks details on committees of the highest governance body.,"[""Bapco2023__c_0084""]",no_evidence,standard,No explicit description of governance structure or committees of the highest governance body.,"[""Bapco2023__c_0084""]",partial,standard,Evidence describes the Board of Directors' structure and function but does not explicitly list committees of the highest governance body.,"[""Bapco2023__c_0084""]",1v3
D008,disagreement,HPCL2024,phase3,GRI 2,2-16,__none__,a,0,no_evidence,standard,No evidence describes communication of critical concerns to the highest governance body.,"[""HPCL2024__c_0103"", ""HPCL2024__c_0327"", ""HPCL2024__c_0328"", ""HPCL2024__c_0329"", ""HPCL2024__c_0330""]",partial,standard,"Evidence mentions anti-corruption policies communicated to governance levels (chunk 0327, 0329), but no explicit description of critical concerns being communicated to the highest governance body.","[""HPCL2024__c_0327"", ""HPCL2024__c_0329""]",no_evidence,standard,No evidence describes communication of critical concerns to the highest governance body.,[],no_evidence,standard,"No explicit description of critical concerns communicated to the highest governance body. Policies and procedures are mentioned, but not concerns.","[""HPCL2024__c_0327"", ""HPCL2024__c_0329"", ""HPCL2024__c_0328"", ""HPCL2024__c_0330""]",1v3
D009,disagreement,HPCL2023,phase3,GRI 2,2-8,__none__,a.i,0,partial,standard,"Describes contract workforce types (fixed-term, project associates) but lacks total numbers.","[""HPCL2023__c_0236""]",partial,standard,Mentions contract workforce types but lacks total numbers.,"[""HPCL2023__c_0236""]",no_evidence,standard,No evidence of total numbers or worker types for non-employee workers.,"[""HPCL2023__c_0236""]",no_evidence,standard,"No explicit total number of non-employee workers reported, though contract workforce types are mentioned.","[""HPCL2023__c_0236""]",2v2
D010,disagreement,Bangchak2025,phase3,GRI 2,2-5,__none__,b.ii,0,pass,standard,"Details on assured information, standards (AAIOOOAS v3, ISAE 3410), assurance levels, and limitations are explicitly described.","[""Bangchak2025__c_0381"", ""Bangchak2025__c_0385"", ""Bangchak2025__c_0387""]",pass,standard,"Specifies assured topics (energy/GHG data), standards (ISAE 3000/3410), assurance levels, and limitations (chunk 0385).","[""Bangchak2025__c_0385"", ""Bangchak2025__c_0387"", ""Bangchak2025__c_0383"", ""Bangchak2025__c_0381"", ""Bangchak2025__c_0384""]",pass,standard,"Details on assured topics, standards (AAIOOOAS v3, ISAE 3000), and assurance levels are explicitly described.","[""Bangchak2025__c_0381"", ""Bangchak2025__c_0383"", ""Bangchak2025__c_0384"", ""Bangchak2025__c_0385"", ""Bangchak2025__c_0387""]",partial,standard,"Partially describes assured topics (GRI 302-1, 305-1, etc.) and standards (ISAE 3000, 3410), but lacks full detail on limitations.","[""Bangchak2025__c_0387"", ""Bangchak2025__c_0383""]",1v3
D011,disagreement,OKQ82024,phase3,GRI 2,2-4,__none__,a.i,0,no_evidence,standard,No evidence of restatements or explanations for them in the chunks.,[],pass,standard,"The report explicitly corrects a calculation error in lost workday cases severity data from 2022-2023, explaining the reason (error) and effect (correction).","[""OKQ82024__c_0159""]",no_evidence,standard,No evidence of restatements from previous periods or explanations for them in the chunks.,[],no_evidence,standard,No evidence of restatements from previous periods or explanations for them in the chunks.,"[""OKQ82024__c_0159"", ""OKQ82024__c_0152"", ""OKQ82024__c_0151"", ""OKQ82024__c_0158"", ""OKQ82024__c_0161""]",1v3
D012,disagreement,Mubadala2024,phase3,GRI 2,2-23,__none__,a.ii,0,no_evidence,standard,No explicit statement about due diligence stipulations in policy commitments.,"[""Mubadala2024__c_0066"", ""Mubadala2024__c_0067""]",pass,standard,Policy stipulates due diligence via Business Partner Due Diligence Policy and anti-corruption risk assessments.,"[""Mubadala2024__c_0123"", ""Mubadala2024__c_0086"", ""Mubadala2024__c_0066"", ""Mubadala2024__c_0122"", ""Mubadala2024__c_0085""]",no_evidence,standard,No explicit mention of due diligence stipulations in policy commitments.,"[""Mubadala2024__c_0066"", ""Mubadala2024__c_0067""]",no_evidence,standard,No explicit reference to due diligence in policy commitments.,[],1v3
D013,disagreement,Bangchak2024,phase3,GRI 2,2-2,__none__,c.iii,0,no_evidence,standard,No discussion of scope differences across disclosures or material topics.,[],partial,standard,"Surat Thani Oil Depot exclusions suggest topic-specific scope differences, but no explicit cross-disclosure approach variation is detailed.","[""Bangchak2024__c_0334""]",no_evidence,standard,No mention of differences in consolidation approaches across disclosures or material topics.,[],no_evidence,standard,No discussion of methodological differences across disclosures or topics.,[],1v3
D014,disagreement,OKQ82023,phase3,GRI 2,2-11,__none__,a,0,pass,standard,"Chunk 0132 explicitly states the Chair of the Board temporarily assumed CEO responsibilities in 2023, confirming the chair is a senior executive.","[""OKQ82023__c_0132""]",pass,standard,"Chunk 0132 explicitly states the Chair of the Board temporarily assumed the CEO role in 2023, confirming the chair is a senior executive.","[""OKQ82023__c_0132""]",pass,standard,"Chunk 0132 explicitly states the Chair of the Board temporarily assumed the CEO role, indicating they are a senior executive.","[""OKQ82023__c_0132""]",no_evidence,standard,No explicit statement confirms whether the chair is a senior executive. Temporary CEO role in 2023 does not clarify current status.,"[""OKQ82023__c_0132""]",1v3
D015,disagreement,Bangchak2024,phase3,GRI 2,2-23,__none__,b.i,0,partial,standard,References human rights support but does not specify which internationally recognized rights.,"[""Bangchak2024__c_0043""]",partial,standard,References human rights support but does not specify which internationally recognized rights.,"[""Bangchak2024__c_0043""]",no_evidence,standard,No specific human rights covered are listed in the policy commitment.,[],no_evidence,standard,No specific internationally recognized human rights are listed in the commitment.,[],2v2
D016,disagreement,Mubadala2023,phase3,GRI 2,2-24,__none__,a.i,0,partial,standard,Mentions QHSSE Policy and OMS/EMS frameworks but lacks explicit allocation of responsibilities across organizational levels.,"[""Mubadala2023__c_0036"", ""Mubadala2023__c_0048"", ""Mubadala2023__c_0063""]",partial,standard,Mentions commitment embedded in DNA and strategic pillars but lacks explicit allocation of responsibility across organizational levels.,"[""Mubadala2023__c_0063"", ""Mubadala2023__c_0033""]",no_evidence,standard,No explicit description of how policy commitments are allocated across organizational levels. Policies exist but implementation structure is not detailed.,"[""Mubadala2023__c_0032"", ""Mubadala2023__c_0033"", ""Mubadala2023__c_0036"", ""Mubadala2023__c_0048"", ""Mubadala2023__c_0063""]",no_evidence,standard,No explicit description of responsibility allocation across organizational levels.,"[""Mubadala2023__c_0032"", ""Mubadala2023__c_0033"", ""Mubadala2023__c_0036"", ""Mubadala2023__c_0048"", ""Mubadala2023__c_0063""]",2v2
D017,disagreement,Mubadala2023,phase3,GRI 2,2-5,__none__,b.ii,0,partial,standard,"States assurance was conducted for Scope 1/2 emissions but omits standards, assurance level, or limitations.","[""Mubadala2023__c_0009""]",partial,standard,"States assurance was conducted for Scope 1/2 emissions but omits standards, assurance level, or limitations.","[""Mubadala2023__c_0009""]",no_evidence,standard,"No details on assured scope, standards, or limitations are described.","[""Mubadala2023__c_0009""]",no_evidence,standard,"No details on assured scope, standards, or limitations are described.","[""Mubadala2023__c_0009""]",2v2
D018,disagreement,OKQ82023,phase3,GRI 2,2-29,__none__,a.iii,0,partial,standard,"Engagement methods (dialogues, materiality analysis) are described, but no explicit focus on ensuring 'meaningfulness' of engagement.","[""OKQ82023__c_0119"", ""OKQ82023__c_0120"", ""OKQ82023__c_0122"", ""OKQ82023__c_0123"", ""OKQ82023__c_0143""]",partial,standard,"References dialogues and collaborations but lacks explicit mechanisms to ensure meaningful engagement (e.g., feedback loops, participation methods).","[""OKQ82023__c_0101"", ""OKQ82023__c_0119"", ""OKQ82023__c_0120"", ""OKQ82023__c_0104"", ""OKQ82023__c_0151""]",pass,standard,"Evidence of stakeholder dialogues, materiality assessments, and structured engagement processes.","[""OKQ82023__c_0119"", ""OKQ82023__c_0120"", ""OKQ82023__c_0121"", ""OKQ82023__c_0122"", ""OKQ82023__c_0123""]",pass,standard,"Evidence describes stakeholder dialogues (chunk 0119, 0120) and collaborations (chunk 0104) to ensure meaningful engagement.","[""OKQ82023__c_0119"", ""OKQ82023__c_0120"", ""OKQ82023__c_0104""]",2v2
D019,disagreement,HPCL2023,phase3,GRI 2,2-19,__none__,a.v,0,pass,standard,Explicitly mentions superannuation benefits for Board-level executives.,"[""HPCL2023__c_0097""]",pass,standard,Explicitly mentions superannuation benefits for Board-level executives.,"[""HPCL2023__c_0097""]",no_evidence,standard,No evidence describes retirement benefits policies.,[],no_evidence,standard,No evidence describes retirement benefits policies.,[],2v2
D020,disagreement,Bunduq2023,phase3,GRI 2,2-6,__none__,b.ii,0,no_evidence,standard,No verdict produced.,[],pass,standard,"Chunk 0007 details UPD's role as a shareholder and customer, and chunks 0004/0006 describe supply chain logistics.","[""Bunduq2023__c_0007"", ""Bunduq2023__c_0004"", ""Bunduq2023__c_0006""]",no_evidence,standard,"No explicit description of the supply chain (suppliers, procurement) in the chunks.",[],pass,standard,"Supply chain details (pipelines, Das Island processing, UPD relationship) are provided.","[""Bunduq2023__c_0003"", ""Bunduq2023__c_0006"", ""Bunduq2023__c_0007""]",2v2
D021,disagreement,IslandOil2024,phase3,GRI 2,2-23,__none__,c,0,pass,standard,Chunk 0151 explicitly explains that one policy is not publicly available but is accessible internally and integrated into the Code of Business Conduct.,"[""IslandOil2024__c_0151""]",pass,standard,Chunk 0151 explains that one policy is not publicly available but is accessible internally and in the Code of Business Conduct.,"[""IslandOil2024__c_0151""]",partial,standard,Evidence explains one policy is not publicly available but does not address all policy commitments.,"[""IslandOil2024__c_0151""]",partial,standard,Evidence explains one policy is not publicly available but does not mention links for others.,"[""IslandOil2024__c_0151""]",2v2
D022,disagreement,HPCL2024,phase3,GRI 2,2-26,__none__,a.ii,0,no_evidence,standard,No explicit mechanisms for raising concerns about business conduct are described in the evidence.,"[""HPCL2024__c_0274"", ""HPCL2024__c_0275"", ""HPCL2024__c_0329"", ""HPCL2024__c_0330"", ""HPCL2024__c_0328""]",no_evidence,standard,No explicit description of mechanisms for raising concerns about business conduct.,"[""HPCL2024__c_0330""]",partial,standard,"Vague mention of 'proactive mechanisms' to respond to concerns in chunk 0330, but no specific channels (e.g., hotlines, portals) are described.","[""HPCL2024__c_0330""]",partial,standard,Mentions feedback mechanisms but lacks explicit details on raising concerns about business conduct.,"[""HPCL2024__c_0330"", ""HPCL2024__c_0329"", ""HPCL2024__c_0275"", ""HPCL2024__c_0274"", ""HPCL2024__c_0327""]",2v2
D023,disagreement,Desfa2023,phase3,GRI 2,2-25,__none__,a,0,pass,standard,Evidence describes DESFA's commitment to remediate impacts through grievance mechanisms and stakeholder engagement frameworks.,"[""Desfa2023__c_0178""]",pass,standard,Evidence describes DESFA's commitment to remediate impacts through grievance mechanisms and stakeholder engagement frameworks.,"[""Desfa2023__c_0178""]",no_evidence,standard,No explicit description of commitments to remediate negative impacts caused by DESFA.,"[""Desfa2023__c_0177""]",no_evidence,standard,No explicit description of commitments to remediate negative impacts; mentions engagement principles but not remediation.,"[""Desfa2023__c_0177""]",2v2
D024,disagreement,Bunduq2023,phase3,GRI 2,2-16,__none__,a,0,partial,standard,The report describes grievance channels and CEO involvement but does not explicitly state communication to the highest governance body.,"[""Bunduq2023__c_0100""]",partial,standard,The report describes grievance channels and CEO involvement but does not explicitly state communication to the highest governance body.,"[""Bunduq2023__c_0100""]",no_evidence,standard,No explicit description of communication to the highest governance body; mentions CEO involvement but not governance body.,"[""Bunduq2023__c_0100""]",no_evidence,standard,No explicit description of communication to the highest governance body; mentions CEO involvement but not governance body.,"[""Bunduq2023__c_0100""]",2v2
D025,disagreement,IslandOil2024,phase3,GRI 2,2-6,__none__,b.ii,0,pass,standard,"Supply chain management described in chunk 0027 (sourcing, compliance, Code of Conduct).","[""IslandOil2024__c_0027""]",pass,standard,"Supply chain described with focus on sourcing, compliance, and business associate evaluations.","[""IslandOil2024__c_0027""]",partial,standard,Mentions supply chain management but lacks detailed structure (chunk 0027).,"[""IslandOil2024__c_0027""]",partial,standard,Mentions supply chain management but lacks detailed upstream/downstream entity descriptions.,"[""IslandOil2024__c_0027""]",2v2
D026,disagreement,HPCL2024,phase3,GRI 2,2-15,__none__,a,0,pass,standard,"The Code of Conduct for Board Members and Senior Management explicitly addresses conflict mitigation, including non-participation in decisions with conflicts.","[""HPCL2024__c_0317"", ""HPCL2024__c_0316""]",pass,standard,The Code of Conduct for Board Members and Senior Management explicitly addresses conflict avoidance and governance processes.,"[""HPCL2024__c_0317""]",partial,standard,Mentions code of conduct and internal controls but lacks explicit description of highest governance body's conflict mitigation processes.,"[""HPCL2024__c_0316"", ""HPCL2024__c_0317""]",no_evidence,standard,No explicit description of governance body processes for preventing/mitigating conflicts of interest.,"[""HPCL2024__c_0317""]",3stat
D027,disagreement,HPCL2024,phase3,GRI 2,2-13,__none__,a.ii,0,partial,standard,"Mentions structured frameworks and committees (e.g., EAM, CFD) but does not explicitly link delegation to managing impacts on economy, environment, or people.","[""HPCL2024__c_0321"", ""HPCL2024__c_0320"", ""HPCL2024__c_0316""]",pass,standard,"The EAM delineates delegated authorities across hierarchical levels and committees, indicating delegation to other employees.","[""HPCL2024__c_0321""]",no_evidence,standard,No explicit mention of delegation to non-senior employees for managing impacts. EAM outlines authority levels but not employee-specific sustainability responsibilities.,"[""HPCL2024__c_0321"", ""HPCL2024__c_0316""]",no_evidence,standard,No explicit description of delegation to other employees for managing impacts on economy/environment/people.,"[""HPCL2024__c_0321""]",3stat
D028,disagreement,Energean2024,phase3,GRI 2,2-1,__none__,b,0,pass,standard,Legal form ('Plc') and ownership (listed on FTSE 250 and TA-35) are mentioned in chunks 0026 and 0027.,"[""Energean2024__c_0026"", ""Energean2024__c_0027""]",partial,standard,"Legal form ('Plc') is mentioned, but ownership structure is not explicitly described.","[""Energean2024__c_0026"", ""Energean2024__c_0027""]",partial,standard,Implied 'independent' and 'E&P company' in chunks 0026-0027 but no explicit ownership/legal form details.,"[""Energean2024__c_0026"", ""Energean2024__c_0027""]",no_evidence,standard,"No explicit mention of legal form (e.g., 'public limited company') in evidence.",[],3stat
D029,disagreement,OQ2023,phase3,GRI 2,2-25,__none__,e,0,pass,standard,"Chunk 0072 provides examples of grievances received and actions taken, demonstrating tracking of effectiveness.","[""OQ2023__c_0072""]",partial,standard,References examples of grievances and actions taken but lacks specific metrics or stakeholder feedback on effectiveness.,"[""OQ2023__c_0072""]",partial,standard,"Chunk 0072 mentions examples of grievances and actions taken, but lacks explicit tracking metrics or stakeholder feedback.","[""OQ2023__c_0072""]",no_evidence,standard,No evidence describes tracking effectiveness of grievance mechanisms or stakeholder feedback.,[],3stat
D030,disagreement,OKQ82024,phase3,GRI 2,2-23,__none__,d,0,pass,standard,"The Board of Directors, the most senior level, approved the sustainability strategy and policy (chunk 0117, 0123).","[""OKQ82024__c_0117"", ""OKQ82024__c_0123""]",partial,standard,"The Board's role in reviewing policies is mentioned, but approval levels for specific policies are not detailed.","[""OKQ82024__c_0123"", ""OKQ82024__c_0117"", ""OKQ82024__c_0116"", ""OKQ82024__c_0114"", ""OKQ82024__c_0118""]",no_evidence,standard,The approval level of policy commitments is not explicitly stated in the evidence.,"[""OKQ82024__c_0117"", ""OKQ82024__c_0123"", ""OKQ82024__c_0114"", ""OKQ82024__c_0115"", ""OKQ82024__c_0116""]",no_evidence,standard,"The Board's role in approving policies is mentioned, but no explicit statement confirms it is the most senior level.","[""OKQ82024__c_0117"", ""OKQ82024__c_0114"", ""OKQ82024__c_0123"", ""OKQ82024__c_0113"", ""OKQ82024__c_0116""]",3stat
D031,disagreement,Bangchak2024,phase5,GRI 3,3-3,Economic impacts,e.iv,0,no_evidence,standard,No explicit lessons learned or policy updates related to economic impacts are described.,[],no_evidence,standard,No evidence of lessons learned related to economic impacts incorporated into policies.,[],no_evidence,standard,No explicit mention of lessons learned or policy updates related to economic impacts.,[],no_evidence,standard,No mention of lessons learned or policy changes related to economic impacts.,[],all_agree
D032,disagreement,Bangchak2025,phase5,GRI 3,3-3,Land and Resouce Rights,e.iii,0,partial,standard,"States 'no complaints regarding land acquisition', but does not evaluate progress toward specific goals related to 'Land and Resource Rights'.","[""Bangchak2025__c_0360""]",partial,standard,"States no complaints about land acquisition (chunk 0360), but does not report progress toward specific goals or targets for 'Land and Resource Rights'.","[""Bangchak2025__c_0360"", ""Bangchak2025__c_0352"", ""Bangchak2025__c_0347"", ""Bangchak2025__c_0350"", ""Bangchak2025__c_0348""]",no_evidence,standard,No progress toward goals or targets for 'Land and Resource Rights' is reported. The absence of complaints is noted but does not address effectiveness tracking.,"[""Bangchak2025__c_0343"", ""Bangchak2025__c_0347"", ""Bangchak2025__c_0350"", ""Bangchak2025__c_0360"", ""Bangchak2025__c_0362""]",no_evidence,standard,No explicit evaluation of effectiveness or progress toward goals for 'Land and Resource Rights'.,"[""Bangchak2025__c_0360""]",2v2
D033,disagreement,OKQ82024,phase5,GRI 3,3-3,Anti-competitive behavior,e.iv,0,no_evidence,standard,No evidence describes lessons learned or policy updates related to anti-competitive behavior.,"[""OKQ82024__c_0113"", ""OKQ82024__c_0117"", ""OKQ82024__c_0118"", ""OKQ82024__c_0122"", ""OKQ82024__c_0123""]",no_evidence,standard,No lessons learned or policy updates related to anti-competitive behavior are described.,"[""OKQ82024__c_0113"", ""OKQ82024__c_0117"", ""OKQ82024__c_0118"", ""OKQ82024__c_0122"", ""OKQ82024__c_0125""]",partial,standard,Mentions continuous skill development but lacks explicit lessons learned or policy updates related to anti-competitive behavior.,"[""OKQ82024__c_0118"", ""OKQ82024__c_0122""]",no_evidence,standard,No evidence explicitly describes lessons learned or policy updates related to 'Anti-competitive behavior'.,"[""OKQ82024__c_0113"", ""OKQ82024__c_0117"", ""OKQ82024__c_0118"", ""OKQ82024__c_0122"", ""OKQ82024__c_0125""]",1v3
D034,disagreement,HPCL2023,phase5,GRI 3,3-3,Human Rights (GRI OGSS Topic: Non-discrimination and Equal Opportunity),d.iii,0,no_evidence,standard,"No actions to manage positive human rights impacts are described. Evidence focuses on prevention, not positive outcomes for non-discrimination.","[""HPCL2023__c_0105"", ""HPCL2023__c_0106""]",no_evidence,standard,No explicit mention of managing positive human rights impacts.,[],no_evidence,standard,No actions to manage positive human rights impacts are described. Evidence mentions shared value but not human rights benefits.,"[""HPCL2023__c_0106""]",no_evidence,standard,No actions to manage positive human rights impacts are described. Evidence mentions shared value but not human rights benefits.,"[""HPCL2023__c_0106"", ""HPCL2023__c_0107""]",all_agree
D035,disagreement,OKQ82023,phase5,GRI 3,3-3,Freedom of association and collective bargaining,e.ii,0,no_evidence,standard,"No evidence mentions goals, targets, or indicators tied to 'Freedom of association and collective bargaining'. General sustainability targets are discussed but not specific to the topic.","[""OKQ82023__c_0073"", ""OKQ82023__c_0074"", ""OKQ82023__c_0089"", ""OKQ82023__c_0095"", ""OKQ82023__c_0098""]",no_evidence,standard,"No goals, targets, or indicators specific to freedom of association and collective bargaining are reported.",[],no_evidence,standard,"No goals, targets, or indicators for evaluating progress on 'Freedom of association and collective bargaining' are reported.","[""OKQ82023__c_0073""]",no_evidence,standard,"No goals, targets, or indicators for evaluating progress on 'Freedom of association and collective bargaining' are reported.","[""OKQ82023__c_0073"", ""OKQ82023__c_0074"", ""OKQ82023__c_0093"", ""OKQ82023__c_0097"", ""OKQ82023__c_0099""]",all_agree
D036,disagreement,Energean2024,phase5,GRI 3,3-3,Water and marine resources,a,0,no_evidence,standard,"No explicit description of actual/potential impacts on economy/environment/people, including human rights, for water and marine resources.","[""Energean2024__c_0156"", ""Energean2024__c_0157"", ""Energean2024__c_0158"", ""Energean2024__c_0159""]",no_evidence,standard,No explicit description of impacts on human rights or economy/environment/people for 'Water and marine resources'.,"[""Energean2024__c_0156"", ""Energean2024__c_0157"", ""Energean2024__c_0158"", ""Energean2024__c_0159""]",no_evidence,standard,"No explicit description of impacts on economy, environment, or people related to water and marine resources.",[],no_evidence,standard,"No evidence describes impacts on economy, environment, people, or human rights for water and marine resources.",[],all_agree
D037,disagreement,OKQ82023,phase5,GRI 3,3-3,Energy,a,0,no_evidence,standard,"No explicit description of economic, environmental, or human rights impacts related to Energy.","[""OKQ82023__c_0041"", ""OKQ82023__c_0042"", ""OKQ82023__c_0043"", ""OKQ82023__c_0045"", ""OKQ82023__c_0065""]",no_evidence,standard,"No explicit description of economic, social, or human rights impacts related to Energy.",[],no_evidence,standard,No explicit description of actual/potential impacts on economy/environment/people related to Energy.,[],no_evidence,standard,No evidence describes impacts (positive/negative) on economy/environment/people related to Energy.,[],all_agree
D038,disagreement,Mubadala2024,phase5,GRI 3,3-3,Employment Practices,d.iii,0,pass,standard,"Describes actions to manage positive impacts (e.g., wellness programs, training, employee engagement initiatives).","[""Mubadala2024__c_0085"", ""Mubadala2024__c_0086"", ""Mubadala2024__c_0088"", ""Mubadala2024__c_0089"", ""Mubadala2024__c_0090""]",pass,standard,"Positive impacts managed via wellness programs, team-building, and employee engagement initiatives.","[""Mubadala2024__c_0085"", ""Mubadala2024__c_0086"", ""Mubadala2024__c_0088""]",pass,standard,"Actions to manage positive impacts (e.g., wellness programs, DE&I initiatives) are described.","[""Mubadala2024__c_0085"", ""Mubadala2024__c_0089""]",partial,standard,"Wellness programs and DE&I initiatives suggest managing positive impacts, but lack explicit focus on maximizing benefits.","[""Mubadala2024__c_0085"", ""Mubadala2024__c_0089""]",1v3
D039,disagreement,Bapco2024,phase5,GRI 3,3-3,"Health, safety and well-being",e.ii,0,no_evidence,standard,"No specific goals, targets, or indicators for evaluating progress on 'Health, safety and well-being' are explicitly reported.","[""Bapco2024__c_0061"", ""Bapco2024__c_0064"", ""Bapco2024__c_0066""]",partial,standard,"Mentions IOGP standards and 100% coverage but lacks explicit goals/targets for 'Health, safety and well-being'.","[""Bapco2024__c_0061""]",no_evidence,standard,"No specific goals, targets, or indicators for evaluating progress are reported.",[],no_evidence,standard,"No specific goals, targets, or indicators are explicitly reported.",[],1v3
D040,disagreement,Bunduq2023,phase5,GRI 3,3-3,Spills,c,0,pass,standard,Describes policies like safety protocols and environmental stewardship related to spills.,"[""Bunduq2023__c_0060"", ""Bunduq2023__c_0061""]",pass,standard,Policies on safety protocols and spill prevention systems are explicitly described.,"[""Bunduq2023__c_0060"", ""Bunduq2023__c_0061""]",pass,standard,Commitment to sustainability and environmental stewardship explicitly stated.,"[""Bunduq2023__c_0060"", ""Bunduq2023__c_0061""]",pass,standard,Policies (safety protocols) related to spill prevention are described.,"[""Bunduq2023__c_0061"", ""Bunduq2023__c_0060""]",all_agree
D041,disagreement,Mubadala2023,phase5,GRI 3,3-3,Diversity & Inclusion,d.i,0,pass,standard,Actions like zero-tolerance policies and parental leave mitigate potential negative impacts.,"[""Mubadala2023__c_0083""]",pass,standard,Describes actions to prevent discrimination and provide parental leave as mitigation measures.,"[""Mubadala2023__c_0083""]",pass,standard,"Describes actions to prevent discrimination/harassment and promote inclusion (e.g., zero-tolerance policy, parental leave).","[""Mubadala2023__c_0083"", ""Mubadala2023__c_0084""]",partial,standard,Mentions sponsorship of events promoting diversity but lacks explicit focus on preventing/mitigating negative impacts.,"[""Mubadala2023__c_0084""]",1v3
D042,disagreement,Bunduq2023,phase5,GRI 3,3-3,Occupational health and safety,e.iii,0,pass,standard,"Progress (zero LTIs, reduced incident rates) and KPI achievements are quantified and contextualized.","[""Bunduq2023__c_0068"", ""Bunduq2023__c_0064"", ""Bunduq2023__c_0069"", ""Bunduq2023__c_0070"", ""Bunduq2023__c_0065""]",pass,standard,"States zero LTIs for 6+ years and declining key indicators (fatalities, MTCs) as evidence of effectiveness.","[""Bunduq2023__c_0068""]",pass,standard,Zero LTIs (chunk_0068) and WATCH observation metrics (chunk_0068) demonstrate progress.,"[""Bunduq2023__c_0068""]",pass,standard,"Zero LTIs, 3,190 WATCH observations, and incident investigation improvements are reported.","[""Bunduq2023__c_0068"", ""Bunduq2023__c_0064"", ""Bunduq2023__c_0062""]",all_agree
D043,disagreement,Desfa2023,phase5,GRI 3,3-3,Privacy,e.iii,0,no_evidence,standard,No explicit evaluation of Privacy action effectiveness or progress toward goals is provided.,"[""Desfa2023__c_0220""]",pass,standard,Reports zero data leaks and no substantiated privacy complaints as evidence of effectiveness.,"[""Desfa2023__c_0220""]",no_evidence,standard,No evaluation of privacy action effectiveness or progress toward goals is provided.,"[""Desfa2023__c_0207"", ""Desfa2023__c_0220""]",pass,standard,Zero data leaks and no substantiated privacy complaints indicate effectiveness.,"[""Desfa2023__c_0220""]",2v2
D044,disagreement,Bangchak2024,phase5,GRI 3,3-3,"GHG Emissions & Climate adaptation, resilience, and transition",b,0,pass,standard,Explicitly states refinery operations as a source of GHG emissions and climate risks.,"[""Bangchak2024__c_0153"", ""Bangchak2024__c_0162"", ""Bangchak2024__c_0164"", ""Bangchak2024__c_0166"", ""Bangchak2024__c_0170""]",pass,standard,Report explicitly states involvement in negative impacts via Scope 1/2 emissions and refinery operations.,"[""Bangchak2024__c_0171"", ""Bangchak2024__c_0174"", ""Bangchak2024__c_0172"", ""Bangchak2024__c_0173"", ""Bangchak2024__c_0175""]",pass,standard,Explicitly states involvement in negative impacts through refinery operations and energy use (chunk 0153).,"[""Bangchak2024__c_0153""]",partial,standard,Chunks mention emissions data but lack explicit description of activities/business relationships causing negative impacts.,"[""Bangchak2024__c_0171"", ""Bangchak2024__c_0172"", ""Bangchak2024__c_0169""]",1v3
D045,disagreement,Mubadala2024,phase5,GRI 3,3-3,GHG & Other Air Emissions,f,0,partial,standard,Evidence mentions stakeholder engagement in materiality assessment but lacks explicit linkage to actions taken or their effectiveness for GHG emissions.,"[""Mubadala2024__c_0057"", ""Mubadala2024__c_0058""]",partial,standard,Evidence mentions stakeholder discussion to prioritize issues (chunk 0057) but lacks explicit linkage to effectiveness evaluation of actions.,"[""Mubadala2024__c_0057"", ""Mubadala2024__c_0059""]",no_evidence,standard,No evidence explicitly describes stakeholder engagement informing action effectiveness for GHG emissions. Chunks mention stakeholder input in materiality assessment but not effectiveness tracking.,"[""Mubadala2024__c_0057"", ""Mubadala2024__c_0058""]",partial,standard,Evidence mentions stakeholder engagement in prioritizing issues (Mubadala2024__c_0057) but lacks details on how it informed action effectiveness.,"[""Mubadala2024__c_0057"", ""Mubadala2024__c_0059""]",1v3
D046,disagreement,Mubadala2024,phase5,GRI 3,3-3,Responsible Procurement,e.iv,0,pass,standard,Policy revisions (2024) and piloting low-carbon solutions demonstrate lessons learned being incorporated.,"[""Mubadala2024__c_0132"", ""Mubadala2024__c_0135""]",pass,standard,Revised Corporate Procurement Policy in 2024 reflects lessons learned and integration into operational policies.,"[""Mubadala2024__c_0136""]",pass,standard,Policy revision in 2024 reflects incorporation of lessons into procurement governance.,"[""Mubadala2024__c_0132""]",pass,standard,Revised procurement policy and plans for climate-specific guidelines demonstrate lessons learned incorporation.,"[""Mubadala2024__c_0132"", ""Mubadala2024__c_0136""]",all_agree
D047,disagreement,Bangchak2024,phase5,GRI 3,3-3,"GHG Emissions & Climate adaptation, resilience, and transition",e.iii,0,pass,standard,"Progress toward targets (e.g., 2,215.16 tCO2e reduction, 2024 emission decreases) is explicitly reported.","[""Bangchak2024__c_0162"", ""Bangchak2024__c_0175"", ""Bangchak2024__c_0170"", ""Bangchak2024__c_0164"", ""Bangchak2024__c_0163""]",pass,standard,"Discusses progress (e.g., 2,215 tCO2e reduction from insulation projects, 30% fuel reduction) and metrics like eco-efficiency and Scope 1/2 emissions.","[""Bangchak2024__c_0162"", ""Bangchak2024__c_0175"", ""Bangchak2024__c_0171"", ""Bangchak2024__c_0167"", ""Bangchak2024__c_0174""]",pass,standard,"Progress toward goals (e.g., 2,215.16 tCO2e reduction, 4.84% FOEB target) and eco-efficiency metrics are explicitly reported.","[""Bangchak2024__c_0162"", ""Bangchak2024__c_0171"", ""Bangchak2024__c_0175""]",partial,standard,"Some progress data (e.g., 2,215.16 tCO2e reduction, chunk 0162) is reported but lacks explicit goal comparison.","[""Bangchak2024__c_0162"", ""Bangchak2024__c_0175""]",1v3
D048,disagreement,Bangchak2024,phase5,GRI 3,3-3,Payments to governments,e.i,0,pass,standard,"Processes like tax health checks, risk assessments, and compliance evaluations are explicitly described.","[""Bangchak2024__c_0151""]",pass,standard,"Describes processes like tax health checks, risk assessments, and monitoring tax laws to track effectiveness of actions.","[""Bangchak2024__c_0150"", ""Bangchak2024__c_0151""]",partial,standard,Mentions tax health checks and risk assessments but lacks detailed processes for tracking effectiveness.,"[""Bangchak2024__c_0150"", ""Bangchak2024__c_0151""]",pass,standard,"Processes like tax health checks, risk assessments, and monitoring tax laws are explicitly described.","[""Bangchak2024__c_0150"", ""Bangchak2024__c_0151""]",1v3
D049,disagreement,Mubadala2023,phase5,GRI 3,3-3,Leading Employment Practices,d.ii,0,no_evidence,standard,No explicit description of actions to address actual negative impacts or remediation.,"[""Mubadala2023__c_0081"", ""Mubadala2023__c_0082""]",no_evidence,standard,No explicit description of actions to address actual negative impacts or remediation.,"[""Mubadala2023__c_0081"", ""Mubadala2023__c_0082""]",no_evidence,standard,No description of actions to address actual negative impacts or remediation.,"[""Mubadala2023__c_0081"", ""Mubadala2023__c_0082""]",no_evidence,standard,No description of actions to address actual negative impacts or remediation.,"[""Mubadala2023__c_0081"", ""Mubadala2023__c_0082""]",all_agree
D050,disagreement,OKQ82024,phase5,GRI 3,3-3,Freedom of association and collective bargaining,b,0,no_evidence,standard,No evidence links the organization to negative impacts on freedom of association or collective bargaining. Supplier and ESG mentions are unrelated.,"[""OKQ82024__c_0060"", ""OKQ82024__c_0063"", ""OKQ82024__c_0066"", ""OKQ82024__c_0073"", ""OKQ82024__c_0081""]",no_evidence,standard,No evidence explicitly links the organization to negative impacts related to freedom of association.,[],no_evidence,standard,No evidence links the organization to negative impacts on freedom of association.,[],no_evidence,standard,No evidence links the organization to negative impacts on freedom of association.,[],all_agree
D051,disagreement,Bangchak2024,phase5,GRI 3,3-3,Employment Practices,c,0,pass,standard,"Policies on labor rights, work regulations, and employee development are explicitly described.","[""Bangchak2024__c_0282"", ""Bangchak2024__c_0283"", ""Bangchak2024__c_0286"", ""Bangchak2024__c_0287"", ""Bangchak2024__c_0290""]",pass,standard,"Clear policies described (e.g., Management Development Committee, 100XHappiness strategy, BEST Employer framework).","[""Bangchak2024__c_0282"", ""Bangchak2024__c_0281"", ""Bangchak2024__c_0294"", ""Bangchak2024__c_0283"", ""Bangchak2024__c_0298""]",pass,standard,"Explicit policies described (e.g., Management Development Committee, labor law compliance, diversity initiatives).","[""Bangchak2024__c_0282"", ""Bangchak2024__c_0283"", ""Bangchak2024__c_0286"", ""Bangchak2024__c_0287"", ""Bangchak2024__c_0290""]",pass,standard,"Policies like the Management Development Committee, 100XHappiness strategy, and training programs are described.","[""Bangchak2024__c_0282"", ""Bangchak2024__c_0281"", ""Bangchak2024__c_0293"", ""Bangchak2024__c_0287"", ""Bangchak2024__c_0290""]",all_agree
D052,disagreement,Mubadala2023,phase5,GRI 3,3-3,Contributing to Communities & Societies,d.i,0,pass,standard,"Describes actions to prevent negative impacts (e.g., stakeholder engagement, project assurance, and alignment with UN SDGs).","[""Mubadala2023__c_0091"", ""Mubadala2023__c_0097"", ""Mubadala2023__c_0098"", ""Mubadala2023__c_0100"", ""Mubadala2023__c_0101""]",pass,standard,"Actions like stakeholder engagement, project evaluations, and partnerships are described to prevent/mitigate impacts.","[""Mubadala2023__c_0091"", ""Mubadala2023__c_0097""]",pass,standard,"Actions to prevent/mitigate impacts include stakeholder engagement, project oversight, and post-project evaluations (Mubadala2023__c_0091).","[""Mubadala2023__c_0091""]",partial,standard,"Some actions (e.g., Ecogreen program) mitigate environmental impacts, but no explicit mention of preventing negative impacts.","[""Mubadala2023__c_0094""]",1v3
D053,disagreement,Energean2024,phase5,GRI 3,3-3,Water and marine resources,d.iii,0,pass,standard,"Describes positive impacts of desalination (e.g., environmental preservation, operational efficiency) for water and marine resources.","[""Energean2024__c_0159""]",pass,standard,Describes desalination benefits as positive impacts on sustainability.,"[""Energean2024__c_0159""]",pass,standard,"Describes desalination benefits, including ecosystem preservation and water quality consistency.","[""Energean2024__c_0159""]",pass,standard,"Describes desalination benefits (ecosystem preservation, operational efficiency) as positive impact management.","[""Energean2024__c_0159""]",all_agree
D054,disagreement,Bunduq2023,phase5,GRI 3,3-3,Water and Effluents Management,d.ii,0,no_evidence,standard,No explicit description of actions to address actual negative impacts or remediation efforts.,[],no_evidence,standard,No explicit mention of addressing actual negative impacts or remediation efforts.,[],no_evidence,standard,No explicit description of actions to address actual negative impacts or remediation.,"[""Bunduq2023__c_0056"", ""Bunduq2023__c_0057""]",no_evidence,standard,No explicit description of actions to address actual negative impacts.,[],all_agree
D055,disagreement,OQ2023,phase5,GRI 3,3-3,Cybersecurity and Data Privacy,e.iv,0,no_evidence,standard,No lessons learned or policy updates from cybersecurity initiatives are explicitly described.,"[""OQ2023__c_0082""]",no_evidence,standard,No lessons learned or policy updates from cybersecurity initiatives are explicitly described.,"[""OQ2023__c_0082""]",no_evidence,standard,No lessons learned or policy updates from cybersecurity initiatives are explicitly described.,"[""OQ2023__c_0082""]",no_evidence,standard,No evidence of lessons learned or policy updates from cybersecurity initiatives.,"[""OQ2023__c_0082""]",all_agree
D056,disagreement,Bangchak2025,phase5,GRI 3,3-3,Anti-corruption & Anti-competitive behavior,e.i,0,pass,standard,"Processes include monitoring improvement targets and annual compliance assessments (chunk 0120, 0122).","[""Bangchak2025__c_0120"", ""Bangchak2025__c_0122""]",pass,standard,Processes like complaint management and risk assessments are described for tracking effectiveness.,"[""Bangchak2025__c_0122"", ""Bangchak2025__c_0121""]",partial,standard,"Mentions monitoring targets and reporting to committees, but lacks specificity on anti-corruption effectiveness tracking.","[""Bangchak2025__c_0120"", ""Bangchak2025__c_0122""]",no_evidence,standard,No explicit processes for tracking effectiveness of anti-corruption actions are described.,[],3stat
D057,disagreement,HPCL2023,phase5,GRI 3,3-3,Diversity & Inclusion (GRI OGSS Topic: Local Communities),e.i,0,no_evidence,standard,No explicit processes for tracking effectiveness of actions are described.,[],no_evidence,standard,No evidence describes processes for tracking effectiveness of actions on 'Diversity & Inclusion'.,[],no_evidence,standard,No evidence describes processes used to track effectiveness of actions related to Diversity & Inclusion.,[],no_evidence,standard,No evidence describes processes to track effectiveness of actions related to Diversity & Inclusion.,"[""HPCL2023__c_0306""]",all_agree
D058,disagreement,OKQ82024,phase5,GRI 3,3-3,Water and effluents,d.i,0,pass,standard,"Actions include testing water treatment methods, using probiotics, and promoting car wash facilities to reduce home washing impacts.","[""OKQ82024__c_0072""]",pass,standard,Actions include water treatment development (chunk 0070) and EHS system (chunk 0139).,"[""OKQ82024__c_0070"", ""OKQ82024__c_0139""]",partial,standard,"Mentions testing water treatment methods and informing customers about home washing, but lacks detailed mitigation strategies.","[""OKQ82024__c_0072""]",pass,standard,Mentions actions like 'optimise water use' and 'develop water treatment for car washes' to mitigate potential negative impacts.,"[""OKQ82024__c_0069"", ""OKQ82024__c_0070""]",1v3
D059,disagreement,Bangchak2025,phase5,GRI 3,3-3,Rights of indigenous peoples,e.i,0,partial,standard,General monitoring processes exist but are not explicitly tied to indigenous peoples' rights. Chunk 0350 mentions annual reporting but lacks specificity.,"[""Bangchak2025__c_0350"", ""Bangchak2025__c_0360"", ""Bangchak2025__c_0362"", ""Bangchak2025__c_0352"", ""Bangchak2025__c_0347""]",partial,standard,"General processes (e.g., impact assessments) are mentioned but not explicitly tied to 'Rights of indigenous peoples'.","[""Bangchak2025__c_0347"", ""Bangchak2025__c_0351"", ""Bangchak2025__c_0352"", ""Bangchak2025__c_0349"", ""Bangchak2025__c_0346""]",no_evidence,standard,"General monitoring processes mentioned (e.g., annual reporting) but not tied to 'Rights of indigenous peoples'.","[""Bangchak2025__c_0350""]",pass,standard,Processes for tracking effectiveness include annual human rights assessments and remediation mechanisms.,"[""Bangchak2025__c_0352"", ""Bangchak2025__c_0348"", ""Bangchak2025__c_0362"", ""Bangchak2025__c_0349"", ""Bangchak2025__c_0350""]",3stat
D060,disagreement,HPCL2023,phase5,GRI 3,3-3,"Business Ethics, Transparency & Regulatory Compliance (GRI OGSS Topic: Public Policy)",e.ii,0,no_evidence,standard,"No evidence mentions goals, targets, or indicators for evaluating progress on the topic.",[],no_evidence,standard,"No evidence mentions goals, targets, or indicators for evaluating progress on the material topic.",[],no_evidence,standard,"No evidence of goals, targets, or indicators for evaluating progress on the material topic.","[""HPCL2023__c_0312"", ""HPCL2023__c_0313"", ""HPCL2023__c_0314"", ""HPCL2023__c_0315""]",no_evidence,standard,"No evidence mentions goals, targets, or indicators for evaluating progress on the material topic.","[""HPCL2023__c_0315"", ""HPCL2023__c_0314"", ""HPCL2023__c_0313"", ""HPCL2023__c_0312""]",all_agree
D061,disagreement,HPCL2023,phase5,GRI 3,3-3,Water and Wastewater Management (GRI OGSS Topic: Water and Effluents),d.iii,0,pass,standard,"Actions to manage positive impacts (e.g., rainwater harvesting, green cover) are explicitly described.","[""HPCL2023__c_0213"", ""HPCL2023__c_0214""]",pass,standard,Actions like rainwater harvesting and planting low-water trees are described.,"[""HPCL2023__c_0213"", ""HPCL2023__c_0214""]",pass,standard,Mentions rainwater harvesting and green cover initiatives (HPCL2023__c_0214).,"[""HPCL2023__c_0214""]",pass,standard,Mentions rainwater harvesting and community benefits as positive actions.,"[""HPCL2023__c_0213"", ""HPCL2023__c_0215""]",all_agree
D062,disagreement,Bangchak2025,phase5,GRI 3,3-3,Non-discrimination and equal opportunity,e.iii,0,no_evidence,standard,No progress toward goals or evaluation of effectiveness for non-discrimination is detailed.,"[""Bangchak2025__c_0343"", ""Bangchak2025__c_0344"", ""Bangchak2025__c_0352"", ""Bangchak2025__c_0356"", ""Bangchak2025__c_0360""]",partial,standard,Mentions of 'no complaints' (0352) suggest effectiveness but lack quantitative progress metrics.,"[""Bangchak2025__c_0352"", ""Bangchak2025__c_0360"", ""Bangchak2025__c_0356"", ""Bangchak2025__c_0343"", ""Bangchak2025__c_0346""]",pass,standard,"States no complaints regarding harassment/discrimination, indicating effectiveness.","[""Bangchak2025__c_0352"", ""Bangchak2025__c_0362""]",partial,standard,"Mentions of no complaints (e.g., harassment/discrimination) imply effectiveness but lack detailed progress tracking.","[""Bangchak2025__c_0352"", ""Bangchak2025__c_0360"", ""Bangchak2025__c_0356"", ""Bangchak2025__c_0343"", ""Bangchak2025__c_0359""]",3stat
D063,disagreement,Bunduq2023,phase5,GRI 3,3-3,Energy Management,e.ii,0,pass,standard,References ADNOC/QatarEnergy energy targets and 2024 optimization assessment.,"[""Bunduq2023__c_0041""]",partial,standard,Mentions ADNOC/QatarEnergy targets but lacks specific goals/indicators for energy management.,"[""Bunduq2023__c_0041""]",partial,standard,Chunk 0041 mentions alignment with ADNOC/QatarEnergy targets but does not explicitly list indicators used to evaluate progress.,"[""Bunduq2023__c_0041""]",no_evidence,standard,"No specific goals, targets, or indicators for Energy Management effectiveness tracking.","[""Bunduq2023__c_0041"", ""Bunduq2023__c_0042""]",3stat
D064,disagreement,Mubadala2023,phase5,GRI 3,3-3,Climate Change & Energy Transition,e.ii,0,partial,standard,"References alignment with Net Zero targets and emissions reduction, but no specific goals, targets, or indicators are quantified.","[""Mubadala2023__c_0033"", ""Mubadala2023__c_0036""]",pass,standard,References alignment with UAE's Net Zero 2050 target and reducing GHG emissions in line with international standards as goals.,"[""Mubadala2023__c_0033""]",no_evidence,standard,"No evidence of goals, targets, or indicators used to evaluate progress on Climate Change & Energy Transition.","[""Mubadala2023__c_0033"", ""Mubadala2023__c_0034"", ""Mubadala2023__c_0035"", ""Mubadala2023__c_0036""]",no_evidence,standard,"No evidence specifies goals, targets, or indicators used to evaluate progress for Climate Change & Energy Transition.","[""Mubadala2023__c_0033"", ""Mubadala2023__c_0034"", ""Mubadala2023__c_0035"", ""Mubadala2023__c_0036""]",3stat
D065,disagreement,OQ2023,phase5,GRI 3,3-3,Employment Practices & Development,e.iii,0,no_evidence,standard,No evidence explicitly describes the effectiveness of actions or progress toward goals for Employment Practices & Development.,[],partial,standard,"Survey results (88% relevance, 95% satisfaction) suggest effectiveness but lack progress metrics against specific goals.","[""OQ2023__c_0162"", ""OQ2023__c_0161""]",no_evidence,standard,No evidence evaluates effectiveness of employment practices actions or progress toward goals.,"[""OQ2023__c_0160"", ""OQ2023__c_0161"", ""OQ2023__c_0162"", ""OQ2023__c_0163"", ""OQ2023__c_0164""]",no_evidence,standard,No evidence evaluates effectiveness of employment actions or progress toward goals.,"[""OQ2023__c_0160"", ""OQ2023__c_0161"", ""OQ2023__c_0162"", ""OQ2023__c_0163"", ""OQ2023__c_0165""]",1v3
D066,disagreement,Bapco2023,phase5,GRI 3,3-3,Environmental Policy & Management,d.i,0,pass,standard,Mentions HSSEMS and impact assessments to prevent/mitigate potential negative impacts.,"[""Bapco2023__c_0033""]",pass,standard,Mentions HSSEMS and impact assessments to prevent/mitigate potential negative impacts.,"[""Bapco2023__c_0033""]",pass,standard,Mentions HSSEMS and impact assessments as preventive/mitigation actions.,"[""Bapco2023__c_0033""]",pass,standard,Mentions HSSEMS and impact assessments as preventive/mitigation actions.,"[""Bapco2023__c_0033""]",all_agree
D067,disagreement,OQ2023,phase5,GRI 3,3-3,"Agility, Innovation, & Digital Transformation",e.iii,0,no_evidence,standard,No evaluation of action effectiveness or progress toward goals for the material topic is provided.,"[""OQ2023__c_0080"", ""OQ2023__c_0081"", ""OQ2023__c_0082""]",no_evidence,standard,No evidence in chunks about the effectiveness of actions or progress toward goals for the material topic.,[],no_evidence,standard,No evidence of effectiveness evaluation or progress for the material topic in the chunks.,"[""OQ2023__c_0080"", ""OQ2023__c_0081"", ""OQ2023__c_0082""]",no_evidence,standard,No evidence of effectiveness evaluation or progress toward goals for the material topic.,"[""OQ2023__c_0080"", ""OQ2023__c_0081"", ""OQ2023__c_0082""]",all_agree
D068,disagreement,HPCL2023,phase5,GRI 3,3-3,Customer Satisfaction (Additional Disclosure),f,0,no_evidence,standard,No explicit mention of stakeholder engagement informing actions or effectiveness for Customer Satisfaction.,"[""HPCL2023__c_0286"", ""HPCL2023__c_0287"", ""HPCL2023__c_0288"", ""HPCL2023__c_0289"", ""HPCL2023__c_0290""]",no_evidence,standard,No verdict produced.,[],no_evidence,standard,No evidence explicitly describes stakeholder engagement informing actions or effectiveness for 'Customer Satisfaction'.,[],no_evidence,standard,No explicit description of stakeholder engagement informing actions or effectiveness tracking.,"[""HPCL2023__c_0288"", ""HPCL2023__c_0291""]",all_agree
D069,disagreement,Bapco2024,phase5,GRI 3,3-3,Cybersecurity & Data Privacy,d.i,0,pass,standard,Mentions DEFEND program and training to prevent/mitigate cyber threats.,"[""Bapco2024__c_0100""]",pass,standard,Mentions DEFEND program and training to prevent/mitigate cyber threats.,"[""Bapco2024__c_0100""]",pass,standard,Mentions DEFEND program and cybersecurity awareness training to prevent/mitigate threats.,"[""Bapco2024__c_0100""]",pass,standard,Mentions DEFEND program and cybersecurity awareness training to prevent/mitigate threats.,"[""Bapco2024__c_0100""]",all_agree
D070,disagreement,Bangchak2024,phase5,GRI 3,3-1,__none__,a.i,0,pass,standard,"Process includes stakeholder input, internal/external data, and alignment with GRI standards, covering economic, environmental, and social impacts (including human rights).","[""Bangchak2024__c_0067"", ""Bangchak2024__c_0068"", ""Bangchak2024__c_0069""]",pass,standard,"Chunks describe identifying impacts on economy, environment, people, and human rights using internal/external data, stakeholder input, and alignment with ERM and GRI standards.","[""Bangchak2024__c_0067"", ""Bangchak2024__c_0068"", ""Bangchak2024__c_0069""]",partial,standard,"Evidence describes impact identification via stakeholder input, ERM, and global standards (chunks 0067-0069), but lacks explicit detail on business relationships.","[""Bangchak2024__c_0067"", ""Bangchak2024__c_0068"", ""Bangchak2024__c_0069""]",partial,standard,"Chunks mention stakeholder input, ERM, and GRI Standards but lack explicit details on identifying actual/potential impacts across all three dimensions (economic, environmental, social).","[""Bangchak2024__c_0067"", ""Bangchak2024__c_0068"", ""Bangchak2024__c_0069""]",2v2
D071,disagreement,OQ2023,phase5,GRI 3,3-3,Occupational Health and Safety,e.iii,0,partial,standard,"Progress (e.g., Zero Fatality) is reported, but without explicit reference to predefined goals/targets for evaluation.","[""OQ2023__c_0166"", ""OQ2023__c_0175""]",pass,standard,Zero fatalities (chunk 0166) and incident reporting (chunk 0175) demonstrate progress toward goals.,"[""OQ2023__c_0166"", ""OQ2023__c_0175""]",pass,standard,States zero fatalities and safe manhours as progress toward goals.,"[""OQ2023__c_0166""]",partial,standard,Reports 'zero fatalities' but does not explicitly link this to progress toward defined goals/targets.,"[""OQ2023__c_0166""]",2v2
D072,disagreement,Bangchak2025,phase5,GRI 3,3-3,Land and Resouce Rights,b,0,partial,standard,"Mentions land acquisition/management (chunk 357) and potential impacts from new service stations (chunk 360), but no explicit confirmation of involvement in negative impacts.","[""Bangchak2025__c_0357"", ""Bangchak2025__c_0360"", ""Bangchak2025__c_0362"", ""Bangchak2025__c_0347"", ""Bangchak2025__c_0349""]",no_evidence,standard,"No explicit mention of involvement in negative impacts related to 'Land and Resource Rights'. General human rights compliance is noted, but not the specific topic.","[""Bangchak2025__c_0360"", ""Bangchak2025__c_0343"", ""Bangchak2025__c_0346"", ""Bangchak2025__c_0352"", ""Bangchak2025__c_0354""]",no_evidence,standard,"No explicit statement on involvement in negative impacts related to 'Land and Resource Rights'. General absence of complaints is noted, but not tied to this topic.","[""Bangchak2025__c_0360"", ""Bangchak2025__c_0362"", ""Bangchak2025__c_0343"", ""Bangchak2025__c_0344"", ""Bangchak2025__c_0352""]",pass,standard,Report states no complaints related to land acquisition conflicts or community impacts.,"[""Bangchak2025__c_0360""]",3stat
D073,disagreement,Bapco2024,phase5,GRI 3,3-3,Emissions & Climate Action,e.iii,1,pass,standard,Quantifies 2024 emission reductions (660 Gg) and progress toward targets.,"[""Bapco2024__c_0037""]",pass,standard,Quantifies 2024 emission reductions (660 Gg) and progress toward targets.,"[""Bapco2024__c_0037""]",partial,standard,Reports 660 Gg CO2e reduction but lacks broader effectiveness evaluation against goals.,"[""Bapco2024__c_0037""]",partial,standard,Reports 660 Gg CO2e reduction but lacks broader effectiveness evaluation against goals.,"[""Bapco2024__c_0037""]",2v2
D074,disagreement,OKQ82023,phase5,GRI 3,3-3,Biodiversity,e.i,0,partial,standard,"References testing methods (e.g., passive flora growth) but does not explicitly describe formal processes for tracking effectiveness.","[""OKQ82023__c_0083"", ""OKQ82023__c_0084""]",no_evidence,standard,No explicit processes for tracking biodiversity action effectiveness are described.,[],partial,standard,"Mentions testing methods (e.g., passive flora growth) but lacks detailed processes for tracking effectiveness.","[""OKQ82023__c_0083"", ""OKQ82023__c_0084""]",no_evidence,standard,No explicit description of processes used to track effectiveness of biodiversity-related actions.,[],2v2
D075,disagreement,Energean2024,phase5,GRI 3,3-3,Climate Change,f,0,partial,standard,"Evidence mentions stakeholder engagement (e.g., industry associations, government consultations) but lacks explicit links to how these informed actions or evaluated effectiveness.","[""Energean2024__c_0113"", ""Energean2024__c_0112""]",partial,standard,"Evidence mentions stakeholder engagement (e.g., industry associations, government consultations) but lacks explicit links to how this informed action effectiveness.","[""Energean2024__c_0113"", ""Energean2024__c_0144""]",no_evidence,standard,No explicit description of stakeholder engagement informing actions or effectiveness. Evidence mentions engagement channels but not outcomes.,"[""Energean2024__c_0113""]",no_evidence,standard,No explicit mention of stakeholder engagement informing actions or effectiveness evaluation for Climate Change.,[],2v2
D076,disagreement,OKQ82024,phase5,GRI 3,3-3,Employment,b,0,no_evidence,standard,No explicit mention of involvement in negative employment-related impacts through activities or business relationships.,[],partial,standard,"References ethics council and supplier compliance (chunk 0125, 0122) but does not explicitly confirm involvement in negative impacts through activities or relationships.","[""OKQ82024__c_0125"", ""OKQ82024__c_0122"", ""OKQ82024__c_0138"", ""OKQ82024__c_0134"", ""OKQ82024__c_0133""]",no_evidence,standard,No explicit statement on involvement with negative impacts through activities/business relationships related to Employment.,[],no_evidence,standard,No explicit mention of involvement in negative employment-related impacts.,[],1v3
D077,disagreement,Desfa2023,phase5,GRI 3,3-3,Employment practices,e.iv,0,partial,standard,"Mentions inefficiencies in training evaluation and plans to repeat surveys, indicating some lessons learned.","[""Desfa2023__c_0139"", ""Desfa2023__c_0144"", ""Desfa2023__c_0153"", ""Desfa2023__c_0154"", ""Desfa2023__c_0155""]",partial,standard,Mentions inefficiencies in training evaluation but does not explicitly describe lessons learned or policy updates.,"[""Desfa2023__c_0139"", ""Desfa2023__c_0146"", ""Desfa2023__c_0153"", ""Desfa2023__c_0142"", ""Desfa2023__c_0140""]",pass,standard,"Inefficiencies in training evaluation and planned survey repetition show lessons learned (chunk 0139, 0144).","[""Desfa2023__c_0139"", ""Desfa2023__c_0144""]",no_evidence,standard,No explicit mention of lessons learned being incorporated into operational policies or procedures.,"[""Desfa2023__c_0146"", ""Desfa2023__c_0144""]",3stat
D078,disagreement,HPCL2023,phase5,GRI 3,3-3,Supplier Environmental Assessment (GRI: Supplier Environmental Assessment 2016),d.i,0,pass,standard,Vendor development programs and procurement transparency initiatives are described as preventive measures.,"[""HPCL2023__c_0056""]",partial,standard,Mentions supplier compliance with environmental standards but lacks specifics on preventing/mitigating potential negative impacts.,"[""HPCL2023__c_0057""]",no_evidence,standard,No evidence of actions to prevent/mitigate potential negative environmental impacts from suppliers.,[],no_evidence,standard,No actions to prevent/mitigate potential negative impacts related to Supplier Environmental Assessment are described.,[],3stat
D079,disagreement,Bunduq2023,phase5,GRI 3,3-3,Talent Management and Development,d.i,0,pass,standard,"Actions to prevent/mitigate negative impacts include training, skill gap analysis, and development plans.","[""Bunduq2023__c_0088"", ""Bunduq2023__c_0091""]",pass,standard,"Actions to prevent/mitigate impacts include training, skill gap analysis, and development plans.","[""Bunduq2023__c_0088"", ""Bunduq2023__c_0091"", ""Bunduq2023__c_0090""]",no_evidence,standard,No evidence describes actions to prevent/mitigate potential negative impacts related to the topic.,[],pass,standard,Actions to prevent skill gaps and improve workforce competence are described.,"[""Bunduq2023__c_0088"", ""Bunduq2023__c_0091""]",1v3
D080,disagreement,HPCL2024,phase5,GRI 3,3-3,"Business Ethics, Transparency & Regulatory Compliance (GRI OGSS Topic: Payments to Governments)",c,0,no_evidence,standard,No policies or commitments related to the material topic are described,"[""HPCL2024__c_0363"", ""HPCL2024__c_0364""]",no_evidence,standard,No policies or commitments related to the material topic are described,"[""HPCL2024__c_0363"", ""HPCL2024__c_0364""]",no_evidence,standard,No policies/commitments related to 'Payments to Governments' are described.,"[""HPCL2024__c_0363"", ""HPCL2024__c_0364""]",no_evidence,standard,No policies/commitments related to 'Payments to Governments' are described.,"[""HPCL2024__c_0363"", ""HPCL2024__c_0364""]",all_agree
D081,disagreement,Bangchak2025,phase5,GRI 3,3-3,Water and effluents,b,0,pass,standard,"Evidence describes involvement in negative impacts (e.g., water withdrawal risks) and associated activities (e.g., wastewater treatment).","[""Bangchak2025__c_0215"", ""Bangchak2025__c_0216""]",no_evidence,standard,No explicit mention of involvement in negative impacts through activities or business relationships.,[],pass,standard,Explicitly describes involvement in negative impacts through water withdrawal and wastewater discharge at the refinery.,"[""Bangchak2025__c_0215"", ""Bangchak2025__c_0218"", ""Bangchak2025__c_0219""]",partial,standard,Mentions water risk assessment and drought management but lacks explicit confirmation of involvement in negative impacts through activities/business relationships.,"[""Bangchak2025__c_0216"", ""Bangchak2025__c_0215""]",3stat
D082,disagreement,OKQ82024,phase5,GRI 3,3-3,Non-discrimination,e.iii,0,pass,standard,"Discusses progress metrics (e.g., 27% decrease in lost workdays, gender balance) to evaluate action effectiveness.","[""OKQ82024__c_0075"", ""OKQ82024__c_0081""]",pass,standard,"Equal Pay Index results (98.1, 98.8) and gender balance ratio (51/49) demonstrate progress toward goals.","[""OKQ82024__c_0081"", ""OKQ82024__c_0075"", ""OKQ82024__c_0078"", ""OKQ82024__c_0076"", ""OKQ82024__c_0079""]",partial,standard,Reports gender balance and pay gaps but lacks explicit progress evaluation against non-discrimination goals.,"[""OKQ82024__c_0075"", ""OKQ82024__c_0081""]",partial,standard,Equal pay index results (98.1/98.8) and gender balance (51/49) show progress but lack explicit goal alignment.,"[""OKQ82024__c_0081"", ""OKQ82024__c_0075""]",2v2
D083,disagreement,Mubadala2023,phase5,GRI 3,3-3,Innovation & Digital Transformation,e.ii,0,no_evidence,standard,"No specific goals, targets, or indicators for evaluating progress are reported.","[""Mubadala2023__c_0133"", ""Mubadala2023__c_0134""]",no_evidence,standard,"No specific goals, targets, or indicators for evaluating progress under 'Innovation & Digital Transformation'.","[""Mubadala2023__c_0133"", ""Mubadala2023__c_0134""]",no_evidence,standard,"No specific goals, targets, or indicators for evaluating progress are reported.","[""Mubadala2023__c_0133"", ""Mubadala2023__c_0134"", ""Mubadala2023__c_0135""]",no_evidence,standard,"No evidence reports goals, targets, or indicators used to evaluate progress for 'Innovation & Digital Transformation'.","[""Mubadala2023__c_0133"", ""Mubadala2023__c_0134""]",all_agree
D084,disagreement,OQ2023,phase5,GRI 3,3-3,Human Right Protection & Labour Management,a,0,no_evidence,standard,No explicit description of actual/potential impacts on economy/environment/people (including human rights) is provided.,"[""OQ2023__c_0072"", ""OQ2023__c_0073""]",no_evidence,standard,No explicit description of actual/potential impacts on economy/environment/people (including human rights) is provided.,"[""OQ2023__c_0072"", ""OQ2023__c_0073""]",no_evidence,standard,"No explicit description of actual/potential impacts on economy/environment/people, including human rights.",[],no_evidence,standard,"No explicit description of actual/potential impacts on economy/environment/people, including human rights.",[],all_agree
D085,disagreement,OKQ82023,phase5,GRI 3,3-3,Supplier environmental assessment,a,0,partial,standard,"Evidence mentions environmental impacts (e.g., EcoVadis assessments) but lacks explicit description of economic or social impacts, or human rights considerations specific to supplier environmental assessment.","[""OKQ82023__c_0073"", ""OKQ82023__c_0074""]",partial,standard,Mentions ESG performance assessment but lacks explicit description of impacts on economy/environment/people.,"[""OKQ82023__c_0071"", ""OKQ82023__c_0070"", ""OKQ82023__c_0148"", ""OKQ82023__c_0072"", ""OKQ82023__c_0150""]",no_evidence,standard,No explicit description of actual/potential impacts on economy/environment/people related to supplier environmental assessment.,"[""OKQ82023__c_0070"", ""OKQ82023__c_0071"", ""OKQ82023__c_0073"", ""OKQ82023__c_0074"", ""OKQ82023__c_0148""]",no_evidence,standard,"No evidence describes impacts on economy, environment, or people related to supplier environmental assessment.",[],2v2
D086,disagreement,OKQ82024,phase5,GRI 3,3-3,Supplier environmental assessment,d.iii,0,pass,standard,"Actions include promoting sustainable choices, circular solutions, and transparency as positive impacts management strategies.","[""OKQ82024__c_0060"", ""OKQ82024__c_0059"", ""OKQ82024__c_0130"", ""OKQ82024__c_0131"", ""OKQ82024__c_0134""]",pass,standard,"Describes positive impacts (e.g., biofuels from waste, circular solutions).","[""OKQ82024__c_0134"", ""OKQ82024__c_0060"", ""OKQ82024__c_0133"", ""OKQ82024__c_0061"", ""OKQ82024__c_0139""]",no_evidence,standard,No evidence describes actions to manage positive impacts related to supplier environmental assessment.,[],no_evidence,standard,No evidence describes actions to manage positive impacts related to supplier environmental assessment.,[],2v2
D087,disagreement,Desfa2023,phase5,GRI 3,3-3,Privacy,b,0,no_evidence,standard,No explicit mention of involvement in negative impacts through activities or business relationships related to privacy.,[],partial,standard,Mentions breaches and policy failures but lacks explicit linkage to organizational activities/business relationships.,"[""Desfa2023__c_0209""]",no_evidence,standard,No evidence reports involvement with negative Privacy impacts through activities/business relationships.,[],no_evidence,standard,No evidence reports involvement with negative Privacy impacts.,[],1v3
D088,disagreement,Bapco2023,phase5,GRI 3,3-3,"Health, safety and well-being",e.i,0,pass,standard,Internal/external audits and the HSSE Committee are described as processes tracking effectiveness.,"[""Bapco2023__c_0063"", ""Bapco2023__c_0064""]",pass,standard,Internal/external audits and HSSE Committee processes explicitly track effectiveness.,"[""Bapco2023__c_0064""]",pass,standard,"Internal audits, external reviews, and HSSE Committee processes are described for tracking effectiveness.","[""Bapco2023__c_0063"", ""Bapco2023__c_0064""]",pass,standard,Internal/external audits and HSSE Committee track HSEMS effectiveness.,"[""Bapco2023__c_0064"", ""Bapco2023__c_0063""]",all_agree
D089,disagreement,OKQ82024,phase5,GRI 3,3-3,Supplier social assessment,e.iii,0,partial,standard,References EcoVadis improvements but lacks detailed progress tracking against specific goals.,"[""OKQ82024__c_0064"", ""OKQ82024__c_0061"", ""OKQ82024__c_0131"", ""OKQ82024__c_0133"", ""OKQ82024__c_0060""]",partial,standard,Improvements in EcoVadis ratings (chunk 0064) and supplier compliance (chunk 0133) indicate progress but lack specific progress reports against defined goals.,"[""OKQ82024__c_0064"", ""OKQ82024__c_0133""]",partial,standard,"Improvements in EcoVadis ratings mentioned, but no explicit progress toward specific goals.","[""OKQ82024__c_0061"", ""OKQ82024__c_0064"", ""OKQ82024__c_0130"", ""OKQ82024__c_0131"", ""OKQ82024__c_0133""]",partial,standard,Weak evidence of effectiveness via EcoVadis improvements but no explicit progress toward goals.,"[""OKQ82024__c_0064"", ""OKQ82024__c_0122""]",all_agree
D090,disagreement,Bangchak2024,phase5,GRI 3,3-3,Conflict and security,f,0,no_evidence,standard,"No evidence discusses stakeholder engagement related to 'Conflict and security'. Evidence focuses on human rights, employee engagement, and environmental issues.","[""Bangchak2024__c_0298"", ""Bangchak2024__c_0309"", ""Bangchak2024__c_0310"", ""Bangchak2024__c_0311"", ""Bangchak2024__c_0312""]",no_evidence,standard,No evidence directly links stakeholder engagement to actions or effectiveness related to 'Conflict and security'.,"[""Bangchak2024__c_0312"", ""Bangchak2024__c_0308""]",no_evidence,standard,No evidence directly addresses stakeholder engagement related to 'Conflict and security'.,"[""Bangchak2024__c_0298"", ""Bangchak2024__c_0299"", ""Bangchak2024__c_0300"", ""Bangchak2024__c_0301"", ""Bangchak2024__c_0302""]",no_evidence,standard,No evidence directly links stakeholder engagement to actions or effectiveness for 'Conflict and security'.,"[""Bangchak2024__c_0312"", ""Bangchak2024__c_0308"", ""Bangchak2024__c_0314"", ""Bangchak2024__c_0300"", ""Bangchak2024__c_0306""]",all_agree
D091,disagreement,Mubadala2024,phase5,GRI 3,3-3,"Talent Attraction, Retention, & Development",e.iii,0,pass,standard,"Progress metrics (12% turnover, 14% new hires, 3,252 training days) are explicitly stated.","[""Mubadala2024__c_0088"", ""Mubadala2024__c_0091""]",pass,standard,"Progress toward goals (e.g., 14% new hire rate, 12% turnover) is quantified and discussed.","[""Mubadala2024__c_0088"", ""Mubadala2024__c_0091""]",no_evidence,standard,No evaluation of progress toward talent management goals or targets is provided.,"[""Mubadala2024__c_0088"", ""Mubadala2024__c_0091""]",pass,standard,Reports metrics like '79% workforce aged 30-50' and '100% employees received reviews' to show progress toward goals.,"[""Mubadala2024__c_0088"", ""Mubadala2024__c_0089"", ""Mubadala2024__c_0091""]",1v3
D092,disagreement,Energean2024,phase5,GRI 3,3-3,Business conduct,e.i,0,partial,standard,"Mentions ISO 45001 and internal controls, but lacks explicit linkage to tracking effectiveness of 'Business conduct' actions.","[""Energean2024__c_0217"", ""Energean2024__c_0218""]",pass,standard,"Processes like ISO 45001, ERM System, and HSE questionnaires are explicitly described for tracking effectiveness.","[""Energean2024__c_0218"", ""Energean2024__c_0221"", ""Energean2024__c_0222""]",no_evidence,standard,No explicit processes for tracking effectiveness of actions related to 'Business conduct'.,"[""Energean2024__c_0215"", ""Energean2024__c_0217"", ""Energean2024__c_0218"", ""Energean2024__c_0220"", ""Energean2024__c_0222""]",no_evidence,standard,No explicit processes for tracking effectiveness of actions related to 'Business conduct'.,"[""Energean2024__c_0220"", ""Energean2024__c_0222"", ""Energean2024__c_0218"", ""Energean2024__c_0219"", ""Energean2024__c_0217""]",3stat
D093,disagreement,OQ2023,phase5,GRI 3,3-3,"Diversity, Equity, and Inclusion",d.i,0,pass,standard,"Describes actions (panel discussions, sports activities) to mitigate potential negative impacts.","[""OQ2023__c_0178""]",pass,standard,"Describes actions (panel discussions, sports activities) to foster inclusion and address challenges.","[""OQ2023__c_0178""]",pass,standard,"Describes actions to prevent/mitigate impacts (e.g., Work-Life Harmony Sessions, sports activities).","[""OQ2023__c_0178""]",pass,standard,"Describes actions (panel discussions, sports activities) to prevent/mitigate potential negative impacts on DEI.","[""OQ2023__c_0178""]",all_agree
D094,disagreement,OKQ82024,phase5,GRI 3,3-3,Anti-competitive behavior,d.i,0,pass,standard,Code of Conduct and procurement due diligence processes aim to prevent anti-competitive behavior (chunk 122).,"[""OKQ82024__c_0122""]",pass,standard,"Code of Conduct, ethics council, and procurement due diligence address prevention/mitigation of anti-competitive risks.","[""OKQ82024__c_0122"", ""OKQ82024__c_0125""]",no_evidence,standard,No evidence describes actions to prevent/mitigate anti-competitive behavior impacts.,[],no_evidence,standard,No evidence describes actions to prevent/mitigate anti-competitive behavior impacts.,[],2v2
D095,disagreement,Bangchak2024,phase5,GRI 3,3-3,Energy Accessibility & Security,d.i,0,pass,standard,Describes actions to enhance refining efficiency and optimize GRM to mitigate potential negative impacts.,"[""Bangchak2024__c_0242""]",pass,standard,Actions to prevent negative impacts include safety targets and refining capacity improvements.,"[""Bangchak2024__c_0235"", ""Bangchak2024__c_0238"", ""Bangchak2024__c_0242"", ""Bangchak2024__c_0244"", ""Bangchak2024__c_0245""]",partial,standard,References efficiency improvements but lacks explicit mitigation of potential negative impacts.,"[""Bangchak2024__c_0236"", ""Bangchak2024__c_0242""]",no_evidence,standard,No evidence describes actions to prevent/mitigate potential negative impacts on Energy Accessibility & Security.,[],3stat
D096,disagreement,HPCL2023,phase5,GRI 3,3-3,Energy Efficiency (GRI OGSS Topic : GHG Emissions),e.iii,0,pass,standard,"States energy savings achieved (1,32,136 SRFT/year) as progress toward goals.","[""HPCL2023__c_0166""]",pass,standard,"Reports annual energy savings (1,32,136 SRFT/year) as progress toward goals.","[""HPCL2023__c_0167""]",pass,standard,"Annual energy savings (1,32,136 SRFT/year) demonstrate progress toward energy efficiency goals.","[""HPCL2023__c_0167""]",pass,standard,"Energy savings (1,32,136 SRFT/year) in chunk 0167 demonstrate progress toward energy efficiency goals.","[""HPCL2023__c_0167""]",all_agree
D097,disagreement,OKQ82024,phase5,GRI 3,3-3,Occupational health and safety,e.ii,0,no_evidence,standard,"Metrics like safety walks and lost workday cases are reported but not tied to specific goals, targets, or indicators.",[],no_evidence,standard,"No specific goals, targets, or indicators for OHS effectiveness are reported.",[],no_evidence,standard,"No explicit goals, targets, or indicators for evaluating occupational health and safety progress are reported.",[],partial,standard,Metrics like lost workday cases and safety walks are mentioned but no explicit goals/targets.,"[""OKQ82024__c_0075"", ""OKQ82024__c_0140""]",1v3
D098,disagreement,OKQ82023,phase5,GRI 3,3-3,Employment,d.i,0,pass,standard,"Actions include safety measures, training programs, EHS team, and leadership development to prevent/mitigate negative impacts.","[""OKQ82023__c_0088"", ""OKQ82023__c_0092"", ""OKQ82023__c_0093"", ""OKQ82023__c_0100"", ""OKQ82023__c_0140""]",pass,standard,"Preventive actions include EHS system, safety walks, risk assessments, and training programs.","[""OKQ82023__c_0157"", ""OKQ82023__c_0159"", ""OKQ82023__c_0155"", ""OKQ82023__c_0093"", ""OKQ82023__c_0088""]",partial,standard,"Mentions of safety measures (chunk 0092) and work environment improvements (chunk 0099) suggest actions to prevent/mitigate impacts, but lack explicit linkage to Employment.","[""OKQ82023__c_0092"", ""OKQ82023__c_0099""]",pass,standard,"Actions like Ethics Council, EHS system, and safety walks mitigate employment-related risks.","[""OKQ82023__c_0143"", ""OKQ82023__c_0157"", ""OKQ82023__c_0159"", ""OKQ82023__c_0099"", ""OKQ82023__c_0141""]",1v3
D099,disagreement,OKQ82023,phase5,GRI 3,3-3,Freedom of association and collective bargaining,d.ii,0,no_evidence,standard,No mention of addressing actual negative impacts on the topic.,[],no_evidence,standard,No actions to address actual negative impacts on the material topic are described.,[],no_evidence,standard,No actions to address actual negative impacts on the material topic are described.,[],no_evidence,standard,No actions to address actual negative impacts on the topic are described.,"[""OKQ82023__c_0073"", ""OKQ82023__c_0071"", ""OKQ82023__c_0088"", ""OKQ82023__c_0099"", ""OKQ82023__c_0070""]",all_agree
D100,disagreement,Bangchak2024,phase5,GRI 3,3-3,Non-discrimination and equal opportunity,e.iv,0,pass,standard,Process reviews and HRDD manual development indicate incorporation of lessons learned.,"[""Bangchak2024__c_0304"", ""Bangchak2024__c_0306""]",partial,standard,"Process reviews (chunk_0304, chunk_0306) suggest lessons learned but lack explicit links to policy updates for non-discrimination.","[""Bangchak2024__c_0304"", ""Bangchak2024__c_0306"", ""Bangchak2024__c_0316"", ""Bangchak2024__c_0300"", ""Bangchak2024__c_0314""]",no_evidence,standard,No mention of lessons learned or policy updates related to non-discrimination.,"[""Bangchak2024__c_0300"", ""Bangchak2024__c_0303"", ""Bangchak2024__c_0304"", ""Bangchak2024__c_0313"", ""Bangchak2024__c_0314""]",no_evidence,standard,Mentions process reviews but does not specify lessons learned related to non-discrimination.,"[""Bangchak2024__c_0314"", ""Bangchak2024__c_0306""]",3stat
D101,disagreement,HPCL2024,phase6,GRI 304: Biodiversity 2016,304-3,Biodiversity (GRI OGSS Topic: Biodiversity),b,0,partial,standard,Mentions animal adoption partnerships but lacks explicit details on distinct habitat areas managed by third parties.,"[""HPCL2024__c_0138""]",no_evidence,standard,No mention of third-party partnerships for distinct habitat areas.,[],no_evidence,standard,No explicit mention of partnerships with third parties for distinct habitat areas.,"[""HPCL2024__c_0136"", ""HPCL2024__c_0137""]",no_evidence,standard,No explicit mention of partnerships for distinct habitat areas.,"[""HPCL2024__c_0136"", ""HPCL2024__c_0137"", ""HPCL2024__c_0138"", ""HPCL2024__c_0139""]",1v3
D102,disagreement,Bangchak2024,phase6,GRI 305: Emissions 2016,305-1,"GHG Emissions & Climate adaptation, resilience, and transition",e,0,no_evidence,standard,No mention of emission factors or GWP sources in the evidence.,[],no_evidence,standard,No mention of emission factors or GWP sources in the evidence.,[],no_evidence,standard,No evidence mentions emission factors or GWP sources in the chunks.,"[""Bangchak2024__c_0318""]",no_evidence,standard,No evidence mentions emission factors or GWP sources in the chunks.,"[""Bangchak2024__c_0318""]",all_agree
D103,disagreement,Mubadala2024,phase6,GRI 305: Emissions 2016,305-5,GHG & Other Air Emissions,c,0,partial,standard,Base year (2022) is referenced but no explicit rationale for its selection is provided.,"[""Mubadala2024__c_0067""]",no_evidence,standard,Report references a three-year trend but does not explicitly state the base year or rationale for selection.,[],no_evidence,standard,No explicit mention of base year or rationale for choosing it in the evidence.,[],no_evidence,standard,No explicit mention of a base year or baseline selection rationale.,[],1v3
D104,disagreement,OQ2023,phase6,GRI 403: Occupational Health and Safety 2018,403-2,Occupational Health and Safety,d,0,pass,standard,"Describes incident investigation processes, hazard identification, and corrective actions via the Incident Reporting and Investigation Standard.","[""OQ2023__c_0175""]",partial,standard,Describes incident investigation processes and a case study on hazard mitigation but lacks explicit mention of the hierarchy of controls.,"[""OQ2023__c_0175""]",partial,standard,"Incident investigation standard described (chunk 175), but lacks explicit hierarchy of controls or system improvement details.","[""OQ2023__c_0175""]",partial,standard,"Mentions incident investigation standards and a case study, but lacks full process description.","[""OQ2023__c_0175""]",1v3
D105,disagreement,HPCL2023,phase6,GRI 413: Local Communities 2016,413-1,Diversity & Inclusion (GRI OGSS Topic: Local Communities),a.iv,0,no_evidence,standard,Community development programs are described but no percentage of operations is provided.,"[""HPCL2023__c_0306"", ""HPCL2023__c_0308""]",pass,standard,Describes community programs tailored to local needs through stakeholder consultation.,"[""HPCL2023__c_0306""]",no_evidence,standard,No explicit percentage of operations with community development programs is provided.,"[""HPCL2023__c_0306"", ""HPCL2023__c_0308""]",no_evidence,standard,No chunk explicitly states a percentage of operations with local community development programs based on local needs.,"[""HPCL2023__c_0306"", ""HPCL2023__c_0307""]",1v3
D106,disagreement,IslandOil2024,phase6,GRI 303: Water and Effluents 2018,303-1,Preserving Water Quality and Marine Ecosystems,c,0,no_evidence,standard,No mention of stakeholder collaboration or supplier/customer engagement related to water stewardship.,[],partial,standard,Mentions compliance with regulations and internal procedures but lacks explicit stakeholder engagement or supplier/customer collaboration details.,"[""IslandOil2024__c_0071"", ""IslandOil2024__c_0072""]",no_evidence,standard,"No mention of stakeholder engagement, supplier/customer collaboration, or water stewardship initiatives beyond regulatory compliance.",[],no_evidence,standard,No explicit mention of stakeholder engagement or collaborative water stewardship practices.,[],1v3
D107,disagreement,OKQ82023,phase6,GRI 401: Employment 2016,401-2,Employment,a.vii,0,no_evidence,standard,No evidence explicitly describes benefits exclusive to full-time employees vs. temporary/part-time across locations.,"[""OKQ82023__c_0095"", ""OKQ82023__c_0098"", ""OKQ82023__c_0100"", ""OKQ82023__c_0156"", ""OKQ82023__c_0158""]",no_evidence,standard,No evidence describes benefits exclusive to full-time employees vs. temporary/part-time employees by location.,"[""OKQ82023__c_0095"", ""OKQ82023__c_0158"", ""OKQ82023__c_0159"", ""OKQ82023__c_0160"", ""OKQ82023__c_0098""]",partial,standard,Evidence mentions parental leave and benefits but does not explicitly state whether these are exclusive to full-time employees or unavailable to temporary/part-time workers.,"[""OKQ82023__c_0095"", ""OKQ82023__c_0098""]",no_evidence,standard,No evidence describes benefits exclusive to full-time employees or differentiates benefits by employment type.,[],1v3
D108,disagreement,Energean2024,phase6,GRI 305: Emissions 2016,305-7,Pollution,c,0,no_evidence,standard,"No explicit mention of standards/methodologies for NOx/SOx calculations in evidence. References to general monitoring practices and other emission types (VOCs, methane) do not satisfy the requirement.","[""Energean2024__c_0150"", ""Energean2024__c_0227"", ""Energean2024__c_0228"", ""Energean2024__c_0232""]",no_evidence,standard,"No explicit mention of standards/methodologies for calculating NOx/SOx emissions. General references to IPCC, GHG Protocol apply to broader emissions, not specifically to NOx/SOx.","[""Energean2024__c_0150"", ""Energean2024__c_0227"", ""Energean2024__c_0228"", ""Energean2024__c_0149"", ""Energean2024__c_0232""]",pass,standard,"Evidence explicitly describes methodologies (IPCC, Concawe, EPA, GHG protocol) used for emissions calculations.","[""Energean2024__c_0227"", ""Energean2024__c_0228"", ""Energean2024__c_0232""]",partial,standard,"SOx emissions are reported (60% increase), but NOx is incorrectly referred to as N2O (nitrous oxide) instead of NOx. No explicit mention of NOx emissions.","[""Energean2024__c_0150""]",3stat
D109,disagreement,Energean2024,phase6,GRI 402: Labour/Management Relations 2016,402-1,Own workforce,b,0,pass,standard,Collective agreements in Italy specify predefined notice procedures for operational changes.,"[""Energean2024__c_0194""]",pass,standard,"Evidence explicitly states that in Italy (with CBAs), predefined notice procedures apply in collective agreements.","[""Energean2024__c_0194""]",partial,standard,Mentions predefined notice procedures in Italy but does not explicitly confirm if CBAs specify notice periods and consultation.,"[""Energean2024__c_0192""]",no_evidence,standard,No explicit mention of whether collective agreements specify notice periods or consultation provisions.,"[""Energean2024__c_0194"", ""Energean2024__c_0192""]",3stat
D110,disagreement,Bapco2024,phase6,GRI 406: Non-discrimination 2016,406-1,"Diversity, Inclusion & Equal Opportunity",b.iii,0,no_evidence,standard,No evidence describes implemented remediation results or internal reviews.,[],no_evidence,standard,No implementation or review of remediation plans due to zero reported incidents.,[],no_evidence,standard,No evidence of remediation results reviewed through internal processes.,[],pass,reported_non_existence,"Zero discrimination incidents reported, so no remediation results to describe.","[""Bapco2024__c_0073""]",1v3
D111,disagreement,Bangchak2025,phase6,GRI 403: Occupational Health and Safety 2018,403-2,Occupational health and safety,b,0,pass,standard,"Processes for reporting hazards and protection against reprisals are outlined in chunks 0277 and 0278, including whistleblower channels and Safety Committee activities.","[""Bangchak2025__c_0277"", ""Bangchak2025__c_0278""]",no_evidence,standard,No explicit description of processes for workers to report hazards or protections against reprisals.,[],no_evidence,standard,"No explicit description of worker reporting mechanisms or reprisal protections (chunks 0274, 0278 lack direct evidence).","[""Bangchak2025__c_0274"", ""Bangchak2025__c_0278""]",no_evidence,standard,No explicit description of worker reporting mechanisms or reprisal protections in the evidence.,[],1v3
D112,disagreement,Mubadala2023,phase6,GRI 403: Occupational Health and Safety 2018,403-9,"Health, Safety & Security of People",d,0,pass,standard,"Evidence describes actions to eliminate hazards via hierarchy of controls, including training, HSSE committees, and risk mitigation.","[""Mubadala2023__c_0064"", ""Mubadala2023__c_0070"", ""Mubadala2023__c_0075"", ""Mubadala2023__c_0076"", ""Mubadala2023__c_0067""]",pass,standard,"Evidence mentions proactive risk management, hazard elimination training, and HSSE induction aligning with hierarchy of controls.","[""Mubadala2023__c_0064"", ""Mubadala2023__c_0070"", ""Mubadala2023__c_0076"", ""Mubadala2023__c_0080""]",pass,standard,"Evidence describes proactive risk management, HSSE Committees, training programs, and contractor engagement to eliminate hazards.","[""Mubadala2023__c_0064"", ""Mubadala2023__c_0077"", ""Mubadala2023__c_0076"", ""Mubadala2023__c_0067"", ""Mubadala2023__c_0070""]",no_evidence,standard,No explicit mention of actions to eliminate hazards using hierarchy of controls.,"[""Mubadala2023__c_0070"", ""Mubadala2023__c_0077"", ""Mubadala2023__c_0064"", ""Mubadala2023__c_0076"", ""Mubadala2023__c_0079""]",1v3
D113,disagreement,IslandOil2024,phase6,GRI 305: Emissions 2016,305-2,Responding to Climate Change: Adaptation and Mitigation,a,0,no_evidence,standard,No explicit metric tons of CO2e for location-based Scope 2 emissions provided.,"[""IslandOil2024__c_0056""]",no_evidence,standard,No explicit mention of location-based Scope 2 emissions in metric tons of CO2e.,"[""IslandOil2024__c_0056""]",pass,standard,"Chunk 0056 explicitly reports Scope 2 emissions in tonnes of CO2e and references location-based sources (e.g., Cyprus, Romania).","[""IslandOil2024__c_0056""]",no_evidence,standard,No explicit mention of location-based Scope 2 emissions in the evidence.,"[""IslandOil2024__c_0056""]",1v3
D114,disagreement,IslandOil2024,phase6,GRI 403: Occupational Health and Safety 2018,403-3,Caring for our people,a,0,pass,standard,"Evidence describes hazard identification, risk mitigation, training programs, and quality assurance mechanisms (e.g., Floor Safety Officers, quarterly inspections, training evaluations).","[""IslandOil2024__c_0112"", ""IslandOil2024__c_0113"", ""IslandOil2024__c_0125""]",partial,standard,"Evidence describes training programs and risk assessments but lacks explicit details on occupational health services’ functions (e.g., medical services, health monitoring). Access is partially addressed (free training), but quality assurance mechanisms are not fully detailed.","[""IslandOil2024__c_0125"", ""IslandOil2024__c_0112"", ""IslandOil2024__c_0113""]",pass,standard,"Evidence describes hazard identification, risk mitigation, training programs, and quality assurance mechanisms (e.g., evaluations, inspections, PPE).","[""IslandOil2024__c_0112"", ""IslandOil2024__c_0113"", ""IslandOil2024__c_0125""]",pass,standard,"Evidence describes occupational health functions (training, risk assessments, PPE) and quality assurance (external providers, evaluations, compliance with standards). Access is ensured via free, mandatory training during working hours.","[""IslandOil2024__c_0125"", ""IslandOil2024__c_0112"", ""IslandOil2024__c_0113""]",1v3
D115,disagreement,OKQ82023,phase6,GRI 402: Labour/Management Relations 2016,402-1,Labour/management relations,b,0,pass,standard,Evidence states notice periods align with collective agreements in Sweden and Denmark.,"[""OKQ82023__c_0173""]",no_evidence,standard,No explicit statement on whether notice periods and consultation provisions are specified in collective agreements.,"[""OKQ82023__c_0173""]",no_evidence,standard,No evidence explicitly states whether notice periods and consultation provisions are specified in collective agreements.,"[""OKQ82023__c_0173""]",no_evidence,standard,No explicit confirmation whether notice periods and consultation provisions are specified in collective agreements.,"[""OKQ82023__c_0173""]",1v3
D116,disagreement,Bapco2023,phase6,GRI 403: Occupational Health and Safety 2018,403-8,"Health, safety and well-being",b,0,no_evidence,standard,No verdict produced.,[],no_evidence,standard,No verdict produced.,[],no_evidence,standard,No explicit mention of excluded workers or reasons for exclusion.,[],pass,reported_non_existence,"Evidence explicitly states 100% coverage of workers, implying no exclusions.","[""Bapco2023__c_0063""]",1v3
D117,disagreement,IslandOil2024,phase6,GRI 407: Freedom of Association and Collective Bargaining 2016,407-1,Caring for our people,b,0,no_evidence,standard,No verdict produced.,[],no_evidence,standard,No verdict produced.,[],pass,standard,"Explicitly describes measures supporting freedom of association (CBAs, transparency policies).","[""IslandOil2024__c_0083"", ""IslandOil2024__c_0084""]",no_evidence,standard,No explicit measures taken in the reporting period to support freedom of association rights are described.,"[""IslandOil2024__c_0084"", ""IslandOil2024__c_0083""]",1v3
D118,disagreement,Bapco2023,phase6,GRI 401: Employment 2016,401-2,Employment (Employment Attraction & Retention),a.ii,0,no_evidence,standard,Health care is mentioned but not explicitly tied to full-time exclusivity.,"[""Bapco2023__c_0061""]",partial,standard,Health care benefits are mentioned but not tied to full-time exclusivity.,"[""Bapco2023__c_0061""]",no_evidence,standard,No evidence on health care benefits excluded for temporary/part-time employees by location.,[],no_evidence,standard,Health care benefits described but no comparison to temporary/part-time employee access.,"[""Bapco2023__c_0061""]",1v3
D119,disagreement,Bapco2023,phase6,GRI 401: Employment 2016,401-2,Employment (Employment Attraction & Retention),a.iii,0,no_evidence,standard,No mention of disability coverage or its exclusivity to full-time employees.,[],partial,standard,No explicit mention of disability coverage differentiation by employment type.,"[""Bapco2023__c_0061""]",no_evidence,standard,No evidence on disability/invalidity coverage excluded for temporary/part-time employees by location.,[],no_evidence,standard,Disability coverage not explicitly addressed in relation to employee type.,"[""Bapco2023__c_0061""]",1v3
D120,disagreement,Bangchak2024,phase6,GRI 305: Emissions 2016,305-2,"GHG Emissions & Climate adaptation, resilience, and transition",e,0,no_evidence,standard,No mention of emission factors or GWP sources in the evidence.,[],no_evidence,standard,No mention of emission factors or GWP sources in the evidence.,[],no_evidence,standard,No evidence mentions emission factors or GWP sources in the chunks.,"[""Bangchak2024__c_0318""]",no_evidence,standard,No evidence mentions emission factors or GWP sources in the chunks.,"[""Bangchak2024__c_0318""]",all_agree
D121,disagreement,Bapco2024,phase6,GRI 403: Occupational Health and Safety 2018,403-8,"Health, safety and well-being",a.ii,0,pass,standard,Internal audits are explicitly mentioned as part of HSE management systems.,"[""Bapco2024__c_0061"", ""Bapco2024__c_0064""]",partial,standard,"Internal audits are mentioned, but no specific number/percentage of non-employee workers covered by the system is provided.","[""Bapco2024__c_0061"", ""Bapco2024__c_0064""]",pass,standard,Internal audits are explicitly mentioned as part of HSE governance framework.,"[""Bapco2024__c_0064""]",pass,standard,Internal audits are mentioned as part of subsidiaries' monitoring of HSE systems.,"[""Bapco2024__c_0061""]",1v3
D122,disagreement,OQ2023,phase6,GRI 302: Energy 2016,302-3,Climate Change & Energy Transition,c,0,partial,standard,"Electricity, steam, and fuel are implied, but explicit inclusion of all types (heating, cooling, etc.) is missing.","[""OQ2023__c_0102"", ""OQ2023__c_0103"", ""OQ2023__c_0106""]",no_evidence,standard,"The report does not explicitly list the types of energy (e.g., fuel, electricity) included in the energy intensity ratio.",[],no_evidence,standard,"The report mentions energy types (electricity, steam) but does not explicitly state which energy categories (fuel, heat, etc.) are included in the EII calculation.",[],no_evidence,standard,"Energy types (fuel, electricity, etc.) are not explicitly listed as components of the intensity ratio.","[""OQ2023__c_0102"", ""OQ2023__c_0103"", ""OQ2023__c_0106""]",1v3
D123,disagreement,Bapco2024,phase6,GRI 405: Diversity and Equal Opportunity 2016,405-1,"Diversity, Inclusion & Equal Opportunity",b.i,0,partial,standard,Counts for female executives are provided but not percentages or all categories.,"[""Bapco2024__c_0058""]",no_evidence,standard,No evidence provides employee gender percentages.,"[""Bapco2024__c_0058""]",no_evidence,standard,No evidence provides employee gender percentages across all categories. Chunk 0058 mentions 6 female executives but not overall employee data.,"[""Bapco2024__c_0058""]",no_evidence,standard,No evidence provides employee gender percentages by category.,"[""Bapco2024__c_0058""]",1v3
D124,disagreement,Bangchak2024,phase6,GRI 406: Non-discrimination 2016,406-1,Non-discrimination and equal opportunity,b.iv,0,pass,condition_not_applicable,No incidents exist to declare as resolved; condition not met.,"[""Bangchak2024__c_0315""]",pass,condition_not_applicable,No incidents exist to declare as resolved; condition not met.,"[""Bangchak2024__c_0315""]",no_evidence,standard,No evidence on incident resolution status despite no incidents.,"[""Bangchak2024__c_0315""]",no_evidence,standard,No evidence on incident resolution status despite no incidents.,"[""Bangchak2024__c_0315""]",2v2
D125,disagreement,HPCL2024,phase6,GRI 306: Waste 2020,306-2,Biodiversity (GRI OGSS Topic: Biodiversity),a.iv,0,no_evidence,standard,No explicit mention of recovery or energy recovery for hazardous waste.,"[""HPCL2024__c_0165"", ""HPCL2024__c_0166""]",pass,standard,Mechanical recovery of oily sludge is reported in chunk 0166.,"[""HPCL2024__c_0166""]",no_evidence,standard,No evidence of recovery (including energy recovery) in provided chunks.,[],pass,standard,Mechanical recovery of oily sludge (hazardous waste) reported in chunk 0166.,"[""HPCL2024__c_0166""]",2v2
D126,disagreement,Mubadala2024,phase6,GRI 306: Waste 2020,306-3,Waste Management,a,1,pass,standard,"Total waste (1,777 tons) and breakdown (hazardous: 1,427 tons, nonhazardous: 350 tons) are explicitly reported.","[""Mubadala2024__c_0073""]",pass,standard,"Total waste (1,777 tons) and breakdown (hazardous: 1,427 tons, nonhazardous: 350 tons) are explicitly reported.","[""Mubadala2024__c_0073""]",no_evidence,standard,No mention of spills; only waste generation data is provided.,"[""Mubadala2024__c_0073""]",no_evidence,standard,No mention of spills; only waste generation data is provided.,"[""Mubadala2024__c_0073""]",2v2
D127,disagreement,Energean2024,phase6,GRI 305: Emissions 2016,305-7,Pollution,a.vi,0,no_evidence,standard,"PM emissions decreased by 3%, but no absolute kg/multiples values are reported.","[""Energean2024__c_0150"", ""Energean2024__c_0226"", ""Energean2024__c_0227"", ""Energean2024__c_0228"", ""Energean2024__c_0232""]",pass,standard,"Particulate matter (PM) emissions decreased by 3% in 2024, per chunk Energean2024__c_0150.","[""Energean2024__c_0150""]",no_evidence,standard,No PM emissions data above threshold mentioned.,[],no_evidence,standard,No verdict produced.,[],1v3
D128,disagreement,Desfa2023,phase6,GRI 302: Energy 2016,302-1,Carbon Footprint,d.i,0,no_evidence,standard,Electricity sold is excluded but not explicitly stated as non-existent.,"[""Desfa2023__c_0132""]",no_evidence,standard,"No data on electricity sold; chunk 0132 only mentions exclusion, not non-existence.","[""Desfa2023__c_0132""]",no_evidence,standard,Chunk Desfa2023__c_0132 mentions exclusion of electricity sold but does not quantify it.,"[""Desfa2023__c_0132""]",no_evidence,standard,No explicit data on electricity sold in joules/watt-hours; only purchased electricity is mentioned in Desfa2023__c_0131.,"[""Desfa2023__c_0131""]",all_agree
D129,disagreement,Bapco2024,phase6,GRI 303: Water and Effluents 2018,303-1,Water and effluents,a,0,partial,standard,"Mentions water management and compliance but lacks details on withdrawal, discharge locations, or specific impacts.","[""Bapco2024__c_0039"", ""Bapco2024__c_0040"", ""Bapco2024__c_0041""]",partial,standard,Chunks mention water consumption data and effluent treatment but lack explicit details on impacts caused or locations of withdrawal/discharge.,"[""Bapco2024__c_0041"", ""Bapco2024__c_0040"", ""Bapco2024__c_0039""]",no_evidence,standard,"No explicit description of water withdrawal, consumption, discharge locations, or impacts caused by operations.","[""Bapco2024__c_0039"", ""Bapco2024__c_0040"", ""Bapco2024__c_0041""]",no_evidence,standard,"No explicit description of water withdrawal, consumption, discharge locations, or business relationship-linked impacts.","[""Bapco2024__c_0041"", ""Bapco2024__c_0040"", ""Bapco2024__c_0039""]",2v2
D130,disagreement,Energean2024,phase6,GRI 304: Biodiversity 2016,304-3,Climate Change,b,0,no_evidence,standard,Partnerships mentioned but no explicit statement on distinct habitats from organizational measures.,"[""Energean2024__c_0147"", ""Energean2024__c_0148""]",no_evidence,standard,"Partnerships mentioned (e.g., 3BEE), but no explicit distinction from areas under the organization's direct oversight.","[""Energean2024__c_0147""]",no_evidence,standard,No explicit mention of partnerships for habitats distinct from company-operated areas.,"[""Energean2024__c_0147"", ""Energean2024__c_0148""]",no_evidence,standard,"Partnerships mentioned (e.g., 3BEE, Zooprophylactic Institute) lack explicit linkage to 'distinct' areas outside the company's oversight.","[""Energean2024__c_0147"", ""Energean2024__c_0148""]",all_agree
D131,disagreement,OKQ82024,phase6,GRI 306: Waste 2020,306-4,Waste,c,0,partial,standard,Mentions data collection methodology but lacks standards/assumptions.,"[""OKQ82024__c_0151""]",partial,standard,Mentions data collection methodology but lacks standards/assumptions.,"[""OKQ82024__c_0151""]",no_evidence,standard,No relevant evidence in the chunks about standards/methodologies used.,[],no_evidence,standard,No relevant evidence in the chunks about standards/methodologies used.,[],2v2
D132,disagreement,IslandOil2024,phase6,GRI 306: Waste 2020,306-3,Enhancing Waste Management and Promoting Circularity,a,0,pass,standard,Waste composition and weight data are explicitly reported in the chunks.,"[""IslandOil2024__c_0160""]",pass,standard,Waste composition and weight data are explicitly reported in the chunks.,"[""IslandOil2024__c_0160""]",no_evidence,standard,No evidence of spills or spill metrics in the chunk. Waste data is unrelated to spills.,"[""IslandOil2024__c_0160""]",no_evidence,standard,No evidence of spills or spill metrics in the chunk. Waste data is unrelated to spills.,"[""IslandOil2024__c_0160""]",2v2
D133,disagreement,Mubadala2024,phase6,GRI 305: Emissions 2016,305-7,GHG & Other Air Emissions,a.iv,0,no_evidence,standard,No verdict produced.,[],no_evidence,standard,No verdict produced.,[],pass,standard,VOC emissions of 177.5 tons explicitly reported.,"[""Mubadala2024__c_0070""]",pass,standard,VOC emissions of 177.5 tons explicitly reported.,"[""Mubadala2024__c_0070""]",2v2
D134,disagreement,Energean2024,phase6,GRI 408: Child Labour 2016,408-1,Own workforce,a.i,0,pass,reported_non_existence,Report explicitly states no significant risks related to child labor were identified in operations or supply chain.,"[""Energean2024__c_0193""]",pass,reported_non_existence,Report explicitly states no significant risks related to child labour in operations or supply chain.,"[""Energean2024__c_0193""]",no_evidence,standard,No evidence explicitly identifies operations/suppliers at significant risk for child labor.,"[""Energean2024__c_0193""]",pass,reported_non_existence,Report explicitly states no significant risks related to child labour were identified.,"[""Energean2024__c_0193""]",1v3
D135,disagreement,Mubadala2024,phase6,GRI 418: Customer Privacy 2016,418-1,Data Governance & AI Use,b,0,pass,standard,"Report explicitly states 'zero data breaches for the sixth consecutive year', directly addressing leaks/theft/losses.","[""Mubadala2024__c_0137""]",pass,standard,"Report explicitly states 'zero data breaches for the sixth consecutive year', directly addressing leaks/theft/losses.","[""Mubadala2024__c_0137""]",no_evidence,standard,"No explicit mention of leaks, thefts, or losses of customer data.","[""Mubadala2024__c_0137""]",no_evidence,standard,"No explicit mention of leaks, thefts, or losses of customer data.","[""Mubadala2024__c_0137""]",2v2
D136,disagreement,Mubadala2024,phase6,GRI 305: Emissions 2016,305-4,GHG & Other Air Emissions,d,0,partial,standard,"Report lists CO2 and CH4 but does not specify other gases (N2O, HFCs, etc.).","[""Mubadala2024__c_0067""]",partial,standard,"Report lists CO2 and CH4 but does not specify other gases (N2O, HFCs, etc.).","[""Mubadala2024__c_0067""]",no_evidence,standard,"Report mentions CO2 and CH4 but does not explicitly list N2O, HFCs, etc., as included gases.","[""Mubadala2024__c_0067""]",no_evidence,standard,"Report mentions CO2 and CH4 but does not explicitly list N2O, HFCs, etc., as included gases.","[""Mubadala2024__c_0067""]",2v2
D137,disagreement,Bangchak2024,phase6,GRI 201: Economic Performance 2016,201-2,"GHG Emissions & Climate adaptation, resilience, and transition",a.i,0,no_evidence,standard,"No explicit classification of risks as physical, regulatory, or other is provided in the evidence.","[""Bangchak2024__c_0153"", ""Bangchak2024__c_0170""]",partial,standard,Evidence describes climate risks and strategies but lacks explicit classification as physical/regulatory. Chunk 0157 and 0153 mention risks but not their type.,"[""Bangchak2024__c_0157"", ""Bangchak2024__c_0153"", ""Bangchak2024__c_0170"", ""Bangchak2024__c_0162"", ""Bangchak2024__c_0160""]",no_evidence,standard,"No explicit classification of climate risks as physical, regulatory, or other is provided in the evidence.","[""Bangchak2024__c_0153"", ""Bangchak2024__c_0157"", ""Bangchak2024__c_0160"", ""Bangchak2024__c_0162"", ""Bangchak2024__c_0170""]",no_evidence,standard,No explicit description of climate-related risks/opportunities with classification (physical/regulatory).,"[""Bangchak2024__c_0157"", ""Bangchak2024__c_0158"", ""Bangchak2024__c_0160"", ""Bangchak2024__c_0162"", ""Bangchak2024__c_0164""]",1v3
D138,disagreement,OQ2023,phase6,GRI 203: Indirect Economic Impacts 2016,203-1,Economic Impact,a,0,partial,standard,"Evidence mentions infrastructure projects (e.g., labs, cultural centers) but lacks quantification or explicit description of their significance.","[""OQ2023__c_0195"", ""OQ2023__c_0197"", ""OQ2023__c_0202"", ""OQ2023__c_0203"", ""OQ2023__c_0204""]",pass,standard,"Evidence describes infrastructure projects (e.g., Madha Park, Dibba beachfront, medical facilities) directly supporting the requirement.","[""OQ2023__c_0203"", ""OQ2023__c_0202"", ""OQ2023__c_0188"", ""OQ2023__c_0198"", ""OQ2023__c_0197""]",partial,standard,"Evidence describes specific infrastructure projects (e.g., labs, cultural centres) but lacks quantitative or comprehensive coverage of 'extent of development'.","[""OQ2023__c_0195"", ""OQ2023__c_0197"", ""OQ2023__c_0198"", ""OQ2023__c_0202"", ""OQ2023__c_0203""]",pass,standard,"Evidence describes infrastructure projects (e.g., Madha Park, Dibba beachfront, medical facility) with specific amenities and objectives.","[""OQ2023__c_0203"", ""OQ2023__c_0202"", ""OQ2023__c_0198"", ""OQ2023__c_0197"", ""OQ2023__c_0204""]",2v2
D139,disagreement,Bangchak2025,phase6,GRI 411: Rights of Indigenous Peoples 2016,411-1,Rights of indigenous peoples,b.iv,0,pass,condition_not_applicable,No incidents exist to declare as resolved; evidence confirms no violations.,"[""Bangchak2025__c_0360"", ""Bangchak2025__c_0362""]",pass,reported_non_existence,"No incidents reported, so none resolved.","[""Bangchak2025__c_0362"", ""Bangchak2025__c_0360""]",no_evidence,standard,No information on incidents no longer requiring action. The report states no complaints but not incident resolution.,"[""Bangchak2025__c_0360"", ""Bangchak2025__c_0362""]",no_evidence,standard,No evidence of incidents no longer subject to action; no incidents reported.,"[""Bangchak2025__c_0362""]",2v2
D140,disagreement,Desfa2023,phase6,GRI 306: Effluents and Waste 2016,306-3,Asset Integrity and critical incident management,a,0,no_evidence,standard,No evidence provided on waste generation metrics.,[],no_evidence,standard,No evidence on waste generation or composition.,[],pass,reported_non_existence,Report explicitly states 'no gas release occurred across the network' in 2023.,"[""Desfa2023__c_0162""]",pass,standard,Chunks explicitly state no significant spills occurred in 2023.,"[""Desfa2023__c_0162""]",2v2
D141,disagreement,Bapco2023,phase6,GRI 305: Emissions 2016,305-7,Emissions & Climate Action,b,0,no_evidence,standard,Evidence chunks do not specify emission factors for NOx/SOx.,[],no_evidence,standard,Evidence chunks do not specify emission factors for NOx/SOx.,[],pass,standard,Emission factors sourced from IPCC and API 2009 as stated in Bapco2023__c_0041.,"[""Bapco2023__c_0041""]",pass,standard,Emission factors sourced from IPCC and API 2009 as stated in Bapco2023__c_0041.,"[""Bapco2023__c_0041""]",2v2
D142,disagreement,Bapco2024,phase6,GRI 306: Waste 2020,306-5,Waste,b.i,0,partial,standard,Hazardous waste data exists but lacks breakdown by incineration type.,"[""Bapco2024__c_0043""]",partial,standard,Hazardous waste data exists (40.085 metric tons) but lacks incineration breakdown.,"[""Bapco2024__c_0043""]",no_evidence,standard,No breakdown of hazardous waste by incineration with energy recovery is provided.,"[""Bapco2024__c_0043""]",no_evidence,standard,No breakdown of hazardous waste by incineration with energy recovery is provided.,"[""Bapco2024__c_0043"", ""Bapco2024__c_0042""]",2v2
D143,disagreement,Bangchak2024,phase6,GRI 306: Waste 2020,306-5,Waste,e,0,no_evidence,standard,No verdict produced.,[],no_evidence,standard,No verdict produced.,[],pass,standard,"Contextual data collection methods (meter readings, third-party analysis) are explicitly described in the evidence.","[""Bangchak2024__c_0325""]",pass,standard,"Contextual data collection methods (meter readings, third-party analysis) are explicitly described in the evidence.","[""Bangchak2024__c_0325""]",2v2
D144,disagreement,OKQ82023,phase6,GRI 403: Occupational Health and Safety 2018,403-2,Occupational health and safety,a.i,0,pass,standard,"Processes for hazard identification, risk assessment, and hierarchy of controls are described in chunks 0159 and 0160, including safety walks, incident reporting, and employee involvement.","[""OKQ82023__c_0159"", ""OKQ82023__c_0160""]",pass,standard,"Safety walks, risk assessments, and employee involvement ensure process quality.","[""OKQ82023__c_0159"", ""OKQ82023__c_0160""]",partial,standard,"Mentions safety walks, rounds, and incident reporting but lacks explicit details on ensuring process quality or competency verification.","[""OKQ82023__c_0159"", ""OKQ82023__c_0158""]",no_evidence,standard,No explicit mention of hierarchy of controls in hazard identification processes.,"[""OKQ82023__c_0159"", ""OKQ82023__c_0157"", ""OKQ82023__c_0160""]",3stat
D145,disagreement,Energean2024,phase6,GRI 304: Biodiversity 2016,304-2,Climate Change,b.iv,0,pass,standard,Impacts evaluated based on reversibility in project phases.,"[""Energean2024__c_0148""]",_unrecoverable_,,,,no_evidence,standard,No evidence provided on the reversibility of impacts.,[],pass,reported_non_existence,"Chunks explicitly state no significant impacts on biodiversity, including reversibility, were observed or predicted.","[""Energean2024__c_0148""]",3stat
D146,disagreement,Bangchak2024,phase6,GRI 403: Occupational Health and Safety 2018,403-1,Occupational health and safety,b,0,pass,standard,The report states external audits cover 100% of employees and contractors at specified locations (chunk_0223).,"[""Bangchak2024__c_0223"", ""Bangchak2024__c_0227""]",pass,standard,"The report states external audits cover 100% of employees and contractors at specified locations, explaining full coverage.","[""Bangchak2024__c_0223""]",pass,standard,"The report describes coverage of 100% of employees and contractors at specified locations, implying no exclusions.","[""Bangchak2024__c_0223""]",pass,standard,"The report describes full coverage of employees, contractors, and locations (Phra Khanong refinery, Sukhumvit 64 depot, headquarters) with no exclusions mentioned.","[""Bangchak2024__c_0223""]",all_agree
D147,disagreement,Bangchak2024,phase6,GRI 413: Local Communities 2016,413-1,Local communities,a.viii,0,no_evidence,standard,"Formal grievance processes are described (e.g., complaint channels, resolution steps), but no percentage of operations with such mechanisms is explicitly reported.","[""Bangchak2024__c_0247"", ""Bangchak2024__c_0248"", ""Bangchak2024__c_0254"", ""Bangchak2024__c_0263"", ""Bangchak2024__c_0264""]",partial,standard,"Mentions complaint channels (call centers, websites) but no percentage of operations with formal grievance processes.","[""Bangchak2024__c_0247"", ""Bangchak2024__c_0248"", ""Bangchak2024__c_0255"", ""Bangchak2024__c_0260"", ""Bangchak2024__c_0256""]",no_evidence,standard,"No explicit percentage of operations with formal local community grievance processes is reported, though mechanisms exist.","[""Bangchak2024__c_0247"", ""Bangchak2024__c_0248"", ""Bangchak2024__c_0253"", ""Bangchak2024__c_0263"", ""Bangchak2024__c_0265""]",no_evidence,standard,No explicit mention of percentage of operations with formal grievance processes.,"[""Bangchak2024__c_0247"", ""Bangchak2024__c_0248"", ""Bangchak2024__c_0258"", ""Bangchak2024__c_0260"", ""Bangchak2024__c_0255""]",1v3
D148,disagreement,Energean2024,phase6,GRI 306: Waste 2020,306-5,Circular economy,c.iii,0,pass,standard,Evidence explicitly states 11% of non-hazardous waste was managed through local landfill facilities.,"[""Energean2024__c_0237""]",pass,standard,Chunk 0237 explicitly states 11% of waste was managed through local landfill facilities.,"[""Energean2024__c_0237""]",no_evidence,standard,No explicit data on non-hazardous waste landfilling breakdown.,"[""Energean2024__c_0160"", ""Energean2024__c_0237""]",no_evidence,standard,"Total landfill (11% of waste) reported, but non-hazardous waste landfilling breakdown unspecified. Non-hazardous waste volume (11,185t) mentioned without disposal method split.","[""Energean2024__c_0237""]",2v2
D149,disagreement,Desfa2023,phase6,GRI 403: Occupational Health & Safety 2018,403-2,Occupational health and safety,d,0,pass,standard,"Incident investigation processes, hazard identification, risk assessment, and corrective actions using hierarchy of controls are detailed in chunk 0161.","[""Desfa2023__c_0161""]",pass,standard,"Incident investigation and risk assessment processes are described, including hierarchy of controls.","[""Desfa2023__c_0161""]",no_evidence,standard,No explicit description of incident investigation processes or hierarchy of controls application.,"[""Desfa2023__c_0161""]",no_evidence,standard,No explicit description of incident investigation processes or corrective actions.,[],2v2
D150,disagreement,Energean2024,phase6,GRI 306: Waste 2020,306-2,Circular economy,b.ii,0,pass,standard,Report states 82% of total waste was recycled (non-hazardous waste recycling covered).,"[""Energean2024__c_0160""]",pass,standard,Report states 82% of total waste was recycled (covers recycling method).,"[""Energean2024__c_0160""]",no_evidence,standard,Recycling percentage provided but not total weight by disposal method.,"[""Energean2024__c_0160""]",no_evidence,standard,No explicit data on non-hazardous waste recycling methods.,"[""Energean2024__c_0160""]",2v2
