variant,report_id,phase,phase_disclosure_idx,occurrence_idx,standard_id,disclosure_id,material_topic,overall,notes,evidence_unrecoverable,n_requirement_verdicts,is_omitted,is_external_ref,is_no_page_pack,is_empty_verdicts
a0,Bangchak2024,phase3,0,0,GRI 2,2-1,,partial,,False,4,False,False,False,False
a0,Bangchak2024,phase3,1,0,GRI 2,2-2,,partial,,False,5,False,False,False,False
a0,Bangchak2024,phase3,2,0,GRI 2,2-3,,partial,,False,4,False,False,False,False
a0,Bangchak2024,phase3,3,0,GRI 2,2-4,,pass,,False,2,False,False,False,False
a0,Bangchak2024,phase3,4,0,GRI 2,2-5,,no_evidence,no page pack: page_list_no_matching_chunks; system limitation — human review required,True,0,False,False,True,True
a0,Bangchak2024,phase3,5,0,GRI 2,2-6,,external_verification,no page pack: external_document_reference,False,0,False,True,True,True
a0,Bangchak2024,phase3,6,0,GRI 2,2-7,,no_evidence,no page pack: page_list_no_matching_chunks; system limitation — human review required,True,0,False,False,True,True
a0,Bangchak2024,phase3,7,0,GRI 2,2-8,,no_evidence,no page pack: page_list_no_matching_chunks; system limitation — human review required,True,0,False,False,True,True
a0,Bangchak2024,phase3,8,0,GRI 2,2-9,,external_verification,no page pack: external_document_reference,False,0,False,True,True,True
a0,Bangchak2024,phase3,9,0,GRI 2,2-10,,external_verification,no page pack: external_document_reference,False,0,False,True,True,True
a0,Bangchak2024,phase3,10,0,GRI 2,2-11,,external_verification,no page pack: external_document_reference,False,0,False,True,True,True
a0,Bangchak2024,phase3,11,0,GRI 2,2-12,,pass,,False,4,False,False,False,False
a0,Bangchak2024,phase3,12,0,GRI 2,2-13,,partial,,False,3,False,False,False,False
a0,Bangchak2024,phase3,13,0,GRI 2,2-14,,no_evidence,,False,2,False,False,False,False
a0,Bangchak2024,phase3,14,0,GRI 2,2-15,,external_verification,no page pack: external_document_reference,False,0,False,True,True,True
a0,Bangchak2024,phase3,15,0,GRI 2,2-16,,no_evidence,,False,2,False,False,False,False
a0,Bangchak2024,phase3,16,0,GRI 2,2-17,,external_verification,no page pack: external_document_reference,False,0,False,True,True,True
a0,Bangchak2024,phase3,17,0,GRI 2,2-18,,external_verification,no page pack: external_document_reference,False,0,False,True,True,True
a0,Bangchak2024,phase3,18,0,GRI 2,2-19,,external_verification,no page pack: external_document_reference,False,0,False,True,True,True
a0,Bangchak2024,phase3,19,0,GRI 2,2-20,,external_verification,no page pack: external_document_reference,False,0,False,True,True,True
a0,Bangchak2024,phase3,20,0,GRI 2,2-21,,omitted,no page pack: omitted,False,0,True,False,True,True
a0,Bangchak2024,phase3,21,0,GRI 2,2-22,,pass,,False,1,False,False,False,False
a0,Bangchak2024,phase3,22,0,GRI 2,2-23,,partial,,False,10,False,False,False,False
a0,Bangchak2024,phase3,23,0,GRI 2,2-24,,partial,,False,4,False,False,False,False
a0,Bangchak2024,phase3,24,0,GRI 2,2-25,,no_evidence,no page pack: page_list_no_matching_chunks; system limitation — human review required,True,0,False,False,True,True
a0,Bangchak2024,phase3,25,0,GRI 2,2-26,,partial,,False,2,False,False,False,False
a0,Bangchak2024,phase3,26,0,GRI 2,2-27,,no_evidence,,False,6,False,False,False,False
a0,Bangchak2024,phase3,27,0,GRI 2,2-28,,no_evidence,,False,1,False,False,False,False
a0,Bangchak2024,phase3,28,0,GRI 2,2-29,,pass,,False,3,False,False,False,False
a0,Bangchak2024,phase3,29,0,GRI 2,2-30,,no_evidence,,False,2,False,False,False,False
a0,Bangchak2024,phase5,0,0,GRI 3,3-1,,partial,,False,3,False,False,False,False
a0,Bangchak2024,phase5,1,0,GRI 3,3-2,,pass,,False,2,False,False,False,False
a0,Bangchak2024,phase5,2,0,GRI 3,3-3,Air emissions,partial,,False,11,False,False,False,False
a0,Bangchak2024,phase5,3,0,GRI 3,3-3,Anti-corruption & Anti-competitive behavior,partial,,False,11,False,False,False,False
a0,Bangchak2024,phase5,4,0,GRI 3,3-3,Asset integrity and critical incident management,partial,,False,11,False,False,False,False
a0,Bangchak2024,phase5,5,0,GRI 3,3-3,Biodiversity,partial,,False,11,False,False,False,False
a0,Bangchak2024,phase5,6,0,GRI 3,3-3,Conflict and security,no_evidence,,False,11,False,False,False,False
a0,Bangchak2024,phase5,7,0,GRI 3,3-3,Economic impacts,partial,,False,11,False,False,False,False
a0,Bangchak2024,phase5,8,0,GRI 3,3-3,Employment Practices,partial,,False,11,False,False,False,False
a0,Bangchak2024,phase5,9,0,GRI 3,3-3,Energy Accessibility & Security,partial,,False,11,False,False,False,False
a0,Bangchak2024,phase5,10,0,GRI 3,3-3,Forced labor and modern slavery,partial,,False,11,False,False,False,False
a0,Bangchak2024,phase5,11,0,GRI 3,3-3,Freedom of association and collective bargaining,partial,,False,11,False,False,False,False
a0,Bangchak2024,phase5,12,0,GRI 3,3-3,"GHG Emissions & Climate adaptation, resilience, and transition",partial,,False,11,False,False,False,False
a0,Bangchak2024,phase5,13,0,GRI 3,3-3,Information technology and cybersecurity,partial,,False,11,False,False,False,False
a0,Bangchak2024,phase5,14,0,GRI 3,3-3,Land and Resource Rights,partial,,False,11,False,False,False,False
a0,Bangchak2024,phase5,15,0,GRI 3,3-3,Local communities,partial,,False,11,False,False,False,False
a0,Bangchak2024,phase5,16,0,GRI 3,3-3,Non-discrimination and equal opportunity,partial,,False,11,False,False,False,False
a0,Bangchak2024,phase5,17,0,GRI 3,3-3,Occupational health and safety,partial,,False,11,False,False,False,False
a0,Bangchak2024,phase5,18,0,GRI 3,3-3,Payments to governments,partial,,False,11,False,False,False,False
a0,Bangchak2024,phase5,19,0,GRI 3,3-3,Product and service quality & customer relationship,partial,,False,11,False,False,False,False
a0,Bangchak2024,phase5,20,0,GRI 3,3-3,Public policy,external_verification,no page pack: external_document_reference,False,0,False,True,True,True
a0,Bangchak2024,phase5,21,0,GRI 3,3-3,Rights of indigenous peoples,partial,,False,11,False,False,False,False
a0,Bangchak2024,phase5,22,0,GRI 3,3-3,Supplier chain management,partial,,False,11,False,False,False,False
a0,Bangchak2024,phase5,23,0,GRI 3,3-3,Waste,partial,,False,11,False,False,False,False
a0,Bangchak2024,phase5,24,0,GRI 3,3-3,Water and effluents,partial,,False,11,False,False,False,False
a0,Bangchak2024,phase6,0,0,GRI 202: Market Presence 2016,202-2,Economic impacts,no_evidence,no page pack: page_list_no_matching_chunks; system limitation — human review required,True,0,False,False,True,True
a0,Bangchak2024,phase6,1,0,GRI 206: Anti-competitive Behavior 2016,206-1,Anti-corruption & Anti-competitive behavior,external_verification,no page pack: external_document_reference,False,0,False,True,True,True
a0,Bangchak2024,phase6,2,0,GRI 205: Anti-corruption 2016,,Anti-corruption & Anti-competitive behavior,fail,GCI row has missing/blank disclosure_id — cannot judge,False,0,False,False,False,True
a0,Bangchak2024,phase6,3,1,GRI 205: Anti-corruption 2016,,Anti-corruption & Anti-competitive behavior,fail,GCI row has missing/blank disclosure_id — cannot judge,False,0,False,False,False,True
a0,Bangchak2024,phase6,4,0,GRI 201: Economic Performance 2016,201-4,Payments to governments,external_verification,no page pack: external_document_reference,False,0,False,True,True,True
a0,Bangchak2024,phase6,5,0,,,Information technology and cybersecurity,fail,GCI row has missing/blank disclosure_id — cannot judge,False,0,False,False,False,True
a0,Bangchak2024,phase6,6,0,GRI 302: Energy 2016,302-2,"GHG Emissions & Climate adaptation, resilience, and transition",omitted,no page pack: omitted,False,0,True,False,True,True
a0,Bangchak2024,phase6,7,0,,,"GHG Emissions & Climate adaptation, resilience, and transition",fail,GCI row has missing/blank disclosure_id — cannot judge,False,0,False,False,False,True
a0,Bangchak2024,phase6,8,0,,,Air emissions,fail,GCI row has missing/blank disclosure_id — cannot judge,False,0,False,False,False,True
a0,Bangchak2024,phase6,9,0,GRI 304: Biodiversity 2016,304-1,Biodiversity,omitted,no page pack: omitted,False,0,True,False,True,True
a0,Bangchak2024,phase6,10,0,GRI 306: Effluents and Waste 2016,,Asset integrity and critical incident management,fail,GCI row has missing/blank disclosure_id — cannot judge,False,0,False,False,False,True
a0,Bangchak2024,phase6,11,0,,,Occupational health and safety,fail,GCI row has missing/blank disclosure_id — cannot judge,False,0,False,False,False,True
a0,Bangchak2024,phase6,12,0,GRI 202: Market Presence 2016,202-2,Non-discrimination and equal opportunity,no_evidence,no page pack: page_list_no_matching_chunks; system limitation — human review required,True,0,False,False,True,True
a0,Bangchak2024,phase6,13,0,GRI 405: Diversity and Equal Opportunity 2016,405-2,Non-discrimination and equal opportunity,no_evidence,no page pack: page_list_no_matching_chunks; system limitation — human review required,True,0,False,False,True,True
a0,Bangchak2024,phase6,14,0,,,Local communities,fail,GCI row has missing/blank disclosure_id — cannot judge,False,0,False,False,False,True
a0,Bangchak2024,phase6,15,0,GRI 412: Human Rights Assessment 2016,,Land and Resource Rights,fail,GCI row has missing/blank disclosure_id — cannot judge,False,0,False,False,False,True
a0,Bangchak2024,phase6,16,0,GRI 411: Rights of Indigenous Peoples 2016,,Rights of indigenous peoples,fail,GCI row has missing/blank disclosure_id — cannot judge,False,0,False,False,False,True
a0,Bangchak2024,phase6,17,1,GRI 411: Rights of Indigenous Peoples 2016,,Rights of indigenous peoples,fail,GCI row has missing/blank disclosure_id — cannot judge,False,0,False,False,False,True
a0,Bangchak2024,phase6,18,0,GRI 415: Public Policy 2016,415-1,Public policy,external_verification,no page pack: external_document_reference,False,0,False,True,True,True
a0,Bangchak2024,phase6,19,0,GRI 201: Economic Performance 2016,201-1,Economic impacts,no_evidence,,False,4,False,False,False,False
a0,Bangchak2024,phase6,20,0,GRI 201: Economic Performance 2016,201-1,Payments to governments,no_evidence,,False,4,False,False,False,False
a0,Bangchak2024,phase6,21,0,GRI 203: Indirect Economic Impacts 2016,203-1,Economic impacts,partial,,False,3,False,False,False,False
a0,Bangchak2024,phase6,22,0,GRI 203: Indirect Economic Impacts 2016,203-2,Economic impacts,partial,,False,2,False,False,False,False
a0,Bangchak2024,phase6,23,0,GRI 204: Procurement Practices 2016,204-1,Economic impacts,no_evidence,,False,3,False,False,False,False
a0,Bangchak2024,phase6,24,0,GRI 205: Anti-corruption 2016,205-1,Anti-corruption & Anti-competitive behavior,partial,,False,2,False,False,False,False
a0,Bangchak2024,phase6,25,0,GRI 205: Anti-corruption 2016,205-2,Anti-corruption & Anti-competitive behavior,no_evidence,,False,5,False,False,False,False
a0,Bangchak2024,phase6,26,0,GRI 205: Anti-corruption 2016,205-3,Anti-corruption & Anti-competitive behavior,partial,,False,4,False,False,False,False
a0,Bangchak2024,phase6,27,0,GRI 207: Tax 2019,207-1,Payments to governments,pass,,False,4,False,False,False,False
a0,Bangchak2024,phase6,28,0,GRI 207: Tax 2019,207-2,Payments to governments,partial,,False,6,False,False,False,False
a0,Bangchak2024,phase6,29,0,GRI 207: Tax 2019,207-3,Payments to governments,partial,,False,3,False,False,False,False
a0,Bangchak2024,phase6,30,0,GRI 207: Tax 2019,207-4,Payments to governments,no_evidence,,False,12,False,False,False,False
a0,Bangchak2024,phase6,31,0,GRI 308: Supplier Environmental Assessment 2016,308-1,Supplier chain management,no_evidence,,False,1,False,False,False,False
a0,Bangchak2024,phase6,32,0,GRI 308: Supplier Environmental Assessment 2016,308-2,Supplier chain management,partial,,False,5,False,False,False,False
a0,Bangchak2024,phase6,33,0,GRI 414: Supplier Social Assessment 2016,414-1,Supplier chain management,no_evidence,,False,1,False,False,False,False
a0,Bangchak2024,phase6,34,0,GRI 414: Supplier Social Assessment 2016,414-2,Supplier chain management,partial,,False,5,False,False,False,False
a0,Bangchak2024,phase6,35,0,GRI 416: Customer Health and Safety 2016,416-1,Product and service quality & customer relationship,no_evidence,,False,1,False,False,False,False
a0,Bangchak2024,phase6,36,0,GRI 417: Marketing and Labeling 2016,417-3,Product and service quality & customer relationship,no_evidence,,False,4,False,False,False,False
a0,Bangchak2024,phase6,37,0,GRI 201: Economic Performance 2016,201-2,"GHG Emissions & Climate adaptation, resilience, and transition",partial,,False,5,False,False,False,False
a0,Bangchak2024,phase6,38,0,GRI 302: Energy 2016,302-1,"GHG Emissions & Climate adaptation, resilience, and transition",partial,,False,13,False,False,False,False
a0,Bangchak2024,phase6,39,0,GRI 302: Energy 2016,302-3,"GHG Emissions & Climate adaptation, resilience, and transition",no_evidence,,False,4,False,False,False,False
a0,Bangchak2024,phase6,40,0,GRI 302: Energy 2016,302-4,"GHG Emissions & Climate adaptation, resilience, and transition",partial,,False,4,False,False,False,False
a0,Bangchak2024,phase6,41,0,GRI 305: Emissions 2016,305-1,"GHG Emissions & Climate adaptation, resilience, and transition",partial,,False,9,False,False,False,False
a0,Bangchak2024,phase6,42,0,GRI 305: Emissions 2016,305-2,"GHG Emissions & Climate adaptation, resilience, and transition",partial,,False,9,False,False,False,False
a0,Bangchak2024,phase6,43,0,GRI 305: Emissions 2016,305-3,"GHG Emissions & Climate adaptation, resilience, and transition",partial,,False,9,False,False,False,False
a0,Bangchak2024,phase6,44,0,GRI 305: Emissions 2016,305-4,"GHG Emissions & Climate adaptation, resilience, and transition",no_evidence,,False,4,False,False,False,False
a0,Bangchak2024,phase6,45,0,GRI 305: Emissions 2016,305-5,"GHG Emissions & Climate adaptation, resilience, and transition",no_evidence,,False,5,False,False,False,False
a0,Bangchak2024,phase6,46,0,GRI 305: Emissions 2016,305-7,Air emissions,partial,,False,7,False,False,False,False
a0,Bangchak2024,phase6,47,0,GRI 304: Biodiversity 2016,304-2,Biodiversity,partial,,False,10,False,False,False,False
a0,Bangchak2024,phase6,48,0,GRI 304: Biodiversity 2016,304-3,Biodiversity,partial,,False,4,False,False,False,False
a0,Bangchak2024,phase6,49,0,GRI 304: Biodiversity 2016,304-4,Biodiversity,no_evidence,,False,5,False,False,False,False
a0,Bangchak2024,phase6,50,0,GRI 306: Waste 2020,306-1,Waste,no_evidence,,False,6,False,False,False,False
a0,Bangchak2024,phase6,51,0,GRI 306: Waste 2020,306-2,Waste,partial,,False,24,False,False,False,False
a0,Bangchak2024,phase6,52,0,GRI 306: Waste 2020,306-3,Waste,no_evidence,,False,7,False,False,False,False
a0,Bangchak2024,phase6,53,0,GRI 306: Waste 2020,306-4,Waste,partial,,False,16,False,False,False,False
a0,Bangchak2024,phase6,54,0,GRI 306: Waste 2020,306-5,Waste,no_evidence,,False,15,False,False,False,False
a0,Bangchak2024,phase6,55,0,GRI 303: Water and Effluents 2018,303-1,Water and effluents,partial,,False,4,False,False,False,False
a0,Bangchak2024,phase6,56,0,GRI 303: Water and Effluents 2018,303-2,Water and effluents,no_evidence,,False,4,False,False,False,False
a0,Bangchak2024,phase6,57,0,GRI 303: Water and Effluents 2018,303-3,Water and effluents,no_evidence,,False,13,False,False,False,False
a0,Bangchak2024,phase6,58,0,GRI 303: Water and Effluents 2018,303-4,Water and effluents,no_evidence,,False,12,False,False,False,False
a0,Bangchak2024,phase6,59,0,GRI 303: Water and Effluents 2018,303-5,Water and effluents,no_evidence,,False,4,False,False,False,False
a0,Bangchak2024,phase6,60,0,GRI 306: Effluents and Waste 2016,306-3,Asset integrity and critical incident management,partial,,False,7,False,False,False,False
a0,Bangchak2024,phase6,61,0,GRI 403: Occupational Health and Safety 2018,403-1,Occupational health and safety,pass,,False,3,False,False,False,False
a0,Bangchak2024,phase6,62,0,GRI 403: Occupational Health and Safety 2018,403-2,Occupational health and safety,partial,,False,5,False,False,False,False
a0,Bangchak2024,phase6,63,0,GRI 403: Occupational Health and Safety 2018,403-3,Occupational health and safety,pass,,False,1,False,False,False,False
a0,Bangchak2024,phase6,64,0,GRI 403: Occupational Health and Safety 2018,403-4,Occupational health and safety,pass,,False,2,False,False,False,False
a0,Bangchak2024,phase6,65,0,GRI 403: Occupational Health and Safety 2018,403-5,Occupational health and safety,pass,,False,1,False,False,False,False
a0,Bangchak2024,phase6,66,0,GRI 403: Occupational Health and Safety 2018,403-6,Occupational health and safety,pass,,False,2,False,False,False,False
a0,Bangchak2024,phase6,67,0,GRI 403: Occupational Health and Safety 2018,403-7,Occupational health and safety,pass,,False,1,False,False,False,False
a0,Bangchak2024,phase6,68,0,GRI 403: Occupational Health and Safety 2018,403-8,Occupational health and safety,partial,,False,4,False,False,False,False
a0,Bangchak2024,phase6,69,0,GRI 403: Occupational Health and Safety 2018,403-9,Occupational health and safety,no_evidence,,False,16,False,False,False,False
a0,Bangchak2024,phase6,70,0,GRI 403: Occupational Health and Safety 2018,403-10,Occupational health and safety,no_evidence,,False,10,False,False,False,False
a0,Bangchak2024,phase6,71,0,GRI 401: Employment 2016,401-1,Employment Practices,no_evidence,,False,2,False,False,False,False
a0,Bangchak2024,phase6,72,0,GRI 401: Employment 2016,401-2,Employment Practices,partial,,False,8,False,False,False,False
a0,Bangchak2024,phase6,73,0,GRI 401: Employment 2016,401-3,Employment Practices,no_evidence,,False,5,False,False,False,False
a0,Bangchak2024,phase6,74,0,GRI 402: Labor/Management Relations 2016,402-1,Employment Practices,pass,,False,2,False,False,False,False
a0,Bangchak2024,phase6,75,0,GRI 404: Training and Education 2016,404-1,Employment Practices,no_evidence,,False,2,False,False,False,False
a0,Bangchak2024,phase6,76,0,GRI 404: Training and Education 2016,404-2,Employment Practices,partial,,False,2,False,False,False,False
a0,Bangchak2024,phase6,77,0,GRI 404: Training and Education 2016,404-3,Employment Practices,no_evidence,,False,1,False,False,False,False
a0,Bangchak2024,phase6,78,0,GRI 405: Diversity and Equal Opportunity 2016,405-1,Non-discrimination and equal opportunity,no_evidence,,False,6,False,False,False,False
a0,Bangchak2024,phase6,79,0,GRI 406: Non-discrimination 2016,406-1,Non-discrimination and equal opportunity,pass,,False,5,False,False,False,False
a0,Bangchak2024,phase6,80,0,GRI 409: Forced or Compulsory Labor 2016,409-1,Forced labor and modern slavery,no_evidence,,False,3,False,False,False,False
a0,Bangchak2024,phase6,81,0,GRI 407: Freedom of Association and Collective Bargaining 2016,407-1,Freedom of association and collective bargaining,partial,,False,3,False,False,False,False
a0,Bangchak2024,phase6,82,0,GRI 413: Local Communities 2016,413-1,Local communities,no_evidence,,False,8,False,False,False,False
a0,Bangchak2024,phase6,83,0,GRI 413: Local Communities 2016,413-2,Local communities,pass,,False,2,False,False,False,False
a0,Bangchak2024,phase6,84,0,GRI 411: Rights of Indigenous Peoples 2016,411-1,Rights of indigenous peoples,pass,,False,5,False,False,False,False
a0,Bangchak2024,phase6,85,0,GRI 410: Security Practices 2016,410-1,Conflict and security,no_evidence,,False,2,False,False,False,False
a0,Bangchak2025,phase3,0,0,GRI 2,2-1,,partial,,False,4,False,False,False,False
a0,Bangchak2025,phase3,1,0,GRI 2,2-2,,partial,,False,5,False,False,False,False
a0,Bangchak2025,phase3,2,0,GRI 2,2-3,,partial,,False,4,False,False,False,False
a0,Bangchak2025,phase3,3,0,GRI 2,2-4,,pass,,False,2,False,False,False,False
a0,Bangchak2025,phase3,4,0,GRI 2,2-5,,fail,,False,4,False,False,False,False
a0,Bangchak2025,phase3,5,0,GRI 2,2-6,,external_verification,no page pack: external_document_reference,False,0,False,True,True,True
a0,Bangchak2025,phase3,6,0,GRI 2,2-7,,no_evidence,no page pack: page_list_no_matching_chunks; system limitation — human review required,True,0,False,False,True,True
a0,Bangchak2025,phase3,7,0,GRI 2,2-8,,fail,,False,5,False,False,False,False
a0,Bangchak2025,phase3,8,0,GRI 2,2-9,,external_verification,no page pack: external_document_reference,False,0,False,True,True,True
a0,Bangchak2025,phase3,9,0,GRI 2,2-10,,external_verification,no page pack: external_document_reference,False,0,False,True,True,True
a0,Bangchak2025,phase3,10,0,GRI 2,2-11,,external_verification,no page pack: external_document_reference,False,0,False,True,True,True
a0,Bangchak2025,phase3,11,0,GRI 2,2-12,,pass,,False,4,False,False,False,False
a0,Bangchak2025,phase3,12,0,GRI 2,2-13,,partial,,False,3,False,False,False,False
a0,Bangchak2025,phase3,13,0,GRI 2,2-14,,no_evidence,,False,2,False,False,False,False
a0,Bangchak2025,phase3,14,0,GRI 2,2-15,,external_verification,no page pack: external_document_reference,False,0,False,True,True,True
a0,Bangchak2025,phase3,15,0,GRI 2,2-16,,partial,,False,2,False,False,False,False
a0,Bangchak2025,phase3,16,0,GRI 2,2-17,,external_verification,no page pack: external_document_reference,False,0,False,True,True,True
a0,Bangchak2025,phase3,17,0,GRI 2,2-18,,external_verification,no page pack: external_document_reference,False,0,False,True,True,True
a0,Bangchak2025,phase3,18,0,GRI 2,2-19,,external_verification,no page pack: external_document_reference,False,0,False,True,True,True
a0,Bangchak2025,phase3,19,0,GRI 2,2-20,,external_verification,no page pack: external_document_reference,False,0,False,True,True,True
a0,Bangchak2025,phase3,20,0,GRI 2,2-21,,omitted,no page pack: omitted,False,0,True,False,True,True
a0,Bangchak2025,phase3,21,0,GRI 2,2-22,,no_evidence,,False,1,False,False,False,False
a0,Bangchak2025,phase3,22,0,GRI 2,2-23,,partial,,False,10,False,False,False,False
a0,Bangchak2025,phase3,23,0,GRI 2,2-24,,partial,,False,4,False,False,False,False
a0,Bangchak2025,phase3,24,0,GRI 2,2-25,,no_evidence,,False,5,False,False,False,False
a0,Bangchak2025,phase3,25,0,GRI 2,2-26,,partial,,False,2,False,False,False,False
a0,Bangchak2025,phase3,26,0,GRI 2,2-27,,no_evidence,,False,6,False,False,False,False
a0,Bangchak2025,phase3,27,0,GRI 2,2-28,,no_evidence,,False,1,False,False,False,False
a0,Bangchak2025,phase3,28,0,GRI 2,2-29,,partial,,False,3,False,False,False,False
a0,Bangchak2025,phase3,29,0,GRI 2,2-30,,pass,,False,2,False,False,False,False
a0,Bangchak2025,phase5,0,0,GRI 3,3-1,,pass,,False,3,False,False,False,False
a0,Bangchak2025,phase5,1,0,GRI 3,3-2,,pass,,False,2,False,False,False,False
a0,Bangchak2025,phase5,2,0,GRI 3,3-3,Air emissions,partial,,False,11,False,False,False,False
a0,Bangchak2025,phase5,3,0,GRI 3,3-3,Anti-corruption & Anti-competitive behavior,partial,,False,11,False,False,False,False
a0,Bangchak2025,phase5,4,0,GRI 3,3-3,Asset integrity and critical incident management,partial,,False,11,False,False,False,False
a0,Bangchak2025,phase5,5,0,GRI 3,3-3,Biodiversity,partial,,False,11,False,False,False,False
a0,Bangchak2025,phase5,6,0,GRI 3,3-3,Conflict and security,no_evidence,,False,11,False,False,False,False
a0,Bangchak2025,phase5,7,0,GRI 3,3-3,Economic impacts,partial,,False,11,False,False,False,False
a0,Bangchak2025,phase5,8,0,GRI 3,3-3,Employment Practices,partial,,False,11,False,False,False,False
a0,Bangchak2025,phase5,9,0,GRI 3,3-3,Forced labor and modern slavery,partial,,False,11,False,False,False,False
a0,Bangchak2025,phase5,10,0,GRI 3,3-3,Freedom of association and collective bargaining,partial,,False,11,False,False,False,False
a0,Bangchak2025,phase5,11,0,GRI 3,3-3,"GHG Emissions & Climate adaptation, resilience, and transition",partial,,False,11,False,False,False,False
a0,Bangchak2025,phase5,12,0,GRI 3,3-3,Information technology and cybersecurity,partial,,False,11,False,False,False,False
a0,Bangchak2025,phase5,13,0,GRI 3,3-3,Land and Resouce Rights,partial,,False,11,False,False,False,False
a0,Bangchak2025,phase5,14,0,GRI 3,3-3,Local communities,partial,,False,11,False,False,False,False
a0,Bangchak2025,phase5,15,0,GRI 3,3-3,Non-discrimination and equal opportunity,partial,,False,11,False,False,False,False
a0,Bangchak2025,phase5,16,0,GRI 3,3-3,Occupational health and safety,partial,,False,11,False,False,False,False
a0,Bangchak2025,phase5,17,0,GRI 3,3-3,Payments to governments,partial,,False,11,False,False,False,False
a0,Bangchak2025,phase5,18,0,GRI 3,3-3,Product and service quality & customer relationship,partial,,False,11,False,False,False,False
a0,Bangchak2025,phase5,19,0,GRI 3,3-3,Public policy,external_verification,no page pack: external_document_reference,False,0,False,True,True,True
a0,Bangchak2025,phase5,20,0,GRI 3,3-3,Rights of indigenous peoples,partial,,False,11,False,False,False,False
a0,Bangchak2025,phase5,21,0,GRI 3,3-3,Supplier chain management,partial,,False,11,False,False,False,False
a0,Bangchak2025,phase5,22,0,GRI 3,3-3,Waste,partial,,False,11,False,False,False,False
a0,Bangchak2025,phase5,23,0,GRI 3,3-3,Water and effluents,partial,,False,11,False,False,False,False
a0,Bangchak2025,phase6,0,0,GRI 202: Market Presence 2016,202-2,Economic impacts,no_evidence,no page pack: page_list_no_matching_chunks; system limitation — human review required,True,0,False,False,True,True
a0,Bangchak2025,phase6,1,0,GRI 206: Anti-competitive Behavior 2016,206-1,Anti-corruption & Anti-competitive behavior,external_verification,no page pack: external_document_reference,False,0,False,True,True,True
a0,Bangchak2025,phase6,2,0,GRI 201: Economic Performance 2016,201-4,Payments to governments,external_verification,no page pack: external_document_reference,False,0,False,True,True,True
a0,Bangchak2025,phase6,3,0,GRI 302: Energy 2016,302-2,"GHG Emissions & Climate adaptation, resilience, and transition",omitted,no page pack: omitted,False,0,True,False,True,True
a0,Bangchak2025,phase6,4,0,GRI 304: Biodiversity 2016,304-1,Biodiversity,omitted,no page pack: omitted,False,0,True,False,True,True
a0,Bangchak2025,phase6,5,0,GRI 304: Biodiversity 2016,304-3,Biodiversity,external_verification,no page pack: external_document_reference,False,0,False,True,True,True
a0,Bangchak2025,phase6,6,0,GRI 304: Biodiversity 2016,304-4,Biodiversity,external_verification,no page pack: external_document_reference,False,0,False,True,True,True
a0,Bangchak2025,phase6,7,0,GRI 306: Waste 2020,306-3,Waste,no_evidence,no page pack: page_list_no_matching_chunks; system limitation — human review required,True,0,False,False,True,True
a0,Bangchak2025,phase6,8,0,GRI 303: Water and Effluents 2018,303-3,Water and effluents,no_evidence,no page pack: page_list_no_matching_chunks; system limitation — human review required,True,0,False,False,True,True
a0,Bangchak2025,phase6,9,0,GRI 303: Water and Effluents 2018,303-4,Water and effluents,no_evidence,no page pack: page_list_no_matching_chunks; system limitation — human review required,True,0,False,False,True,True
a0,Bangchak2025,phase6,10,0,GRI 401: Employment 2016,401-1,Employment Practices,no_evidence,no page pack: page_list_no_matching_chunks; system limitation — human review required,True,0,False,False,True,True
a0,Bangchak2025,phase6,11,0,GRI 401: Employment 2016,401-3,Employment Practices,no_evidence,no page pack: page_list_no_matching_chunks; system limitation — human review required,True,0,False,False,True,True
a0,Bangchak2025,phase6,12,0,GRI 404: Training and Education 2016,404-1,Employment Practices,no_evidence,no page pack: page_list_no_matching_chunks; system limitation — human review required,True,0,False,False,True,True
a0,Bangchak2025,phase6,13,0,GRI 202: Market Presence 2016,202-2,Non-discrimination and equal opportunity,no_evidence,no page pack: page_list_no_matching_chunks; system limitation — human review required,True,0,False,False,True,True
a0,Bangchak2025,phase6,14,0,GRI 405: Diversity and Equal Opportunity 2016,405-1,Non-discrimination and equal opportunity,no_evidence,no page pack: page_list_no_matching_chunks; system limitation — human review required,True,0,False,False,True,True
a0,Bangchak2025,phase6,15,0,GRI 405: Diversity and Equal Opportunity 2016,405-2,Non-discrimination and equal opportunity,no_evidence,no page pack: page_list_no_matching_chunks; system limitation — human review required,True,0,False,False,True,True
a0,Bangchak2025,phase6,16,0,GRI 415: Public Policy 2016,415-1,Public policy,external_verification,no page pack: external_document_reference,False,0,False,True,True,True
a0,Bangchak2025,phase6,17,0,GRI 201: Economic Performance 2016,201-1,Economic impacts,no_evidence,,False,4,False,False,False,False
a0,Bangchak2025,phase6,18,0,GRI 201: Economic Performance 2016,201-1,Payments to governments,no_evidence,,False,4,False,False,False,False
a0,Bangchak2025,phase6,19,0,GRI 203: Indirect Economic Impacts 2016,203-1,Economic impacts,partial,,False,3,False,False,False,False
a0,Bangchak2025,phase6,20,0,GRI 203: Indirect Economic Impacts 2016,203-2,Economic impacts,partial,,False,2,False,False,False,False
a0,Bangchak2025,phase6,21,0,GRI 204: Procurement Practices 2016,204-1,Economic impacts,no_evidence,,False,3,False,False,False,False
a0,Bangchak2025,phase6,22,0,GRI 205: Anti-corruption 2016,205-1,Anti-corruption & Anti-competitive behavior,partial,,False,2,False,False,False,False
a0,Bangchak2025,phase6,23,0,GRI 205: Anti-corruption 2016,205-2,Anti-corruption & Anti-competitive behavior,no_evidence,,False,5,False,False,False,False
a0,Bangchak2025,phase6,24,0,GRI 205: Anti-corruption 2016,205-3,Anti-corruption & Anti-competitive behavior,partial,,False,4,False,False,False,False
a0,Bangchak2025,phase6,25,0,GRI 207: Tax 2019,207-1,Payments to governments,partial,,False,4,False,False,False,False
a0,Bangchak2025,phase6,26,0,GRI 207: Tax 2019,207-2,Payments to governments,partial,,False,6,False,False,False,False
a0,Bangchak2025,phase6,27,0,GRI 207: Tax 2019,207-3,Payments to governments,partial,,False,3,False,False,False,False
a0,Bangchak2025,phase6,28,0,GRI 207: Tax 2019,207-4,Payments to governments,partial,,False,12,False,False,False,False
a0,Bangchak2025,phase6,29,0,GRI 308: Supplier Environmental Assessment 2016,308-1,Supplier chain management,no_evidence,,False,1,False,False,False,False
a0,Bangchak2025,phase6,30,0,GRI 308: Supplier Environmental Assessment 2016,308-2,Supplier chain management,partial,,False,5,False,False,False,False
a0,Bangchak2025,phase6,31,0,GRI 414: Supplier Social Assessment 2016,414-1,Supplier chain management,no_evidence,,False,1,False,False,False,False
a0,Bangchak2025,phase6,32,0,GRI 414: Supplier Social Assessment 2016,414-2,Supplier chain management,partial,,False,5,False,False,False,False
a0,Bangchak2025,phase6,33,0,GRI 416: Customer Health and Safety 2016,416-1,Product and service quality & customer relationship,no_evidence,,False,1,False,False,False,False
a0,Bangchak2025,phase6,34,0,GRI 417: Marketing and Labeling 2016,417-3,Product and service quality & customer relationship,no_evidence,,False,4,False,False,False,False
a0,Bangchak2025,phase6,35,0,GRI 201: Economic Performance 2016,201-2,"GHG Emissions & Climate adaptation, resilience, and transition",partial,,False,5,False,False,False,False
a0,Bangchak2025,phase6,36,0,GRI 302: Energy 2016,302-1,"GHG Emissions & Climate adaptation, resilience, and transition",partial,,False,13,False,False,False,False
a0,Bangchak2025,phase6,37,0,GRI 302: Energy 2016,302-3,"GHG Emissions & Climate adaptation, resilience, and transition",no_evidence,,False,4,False,False,False,False
a0,Bangchak2025,phase6,38,0,GRI 302: Energy 2016,302-4,"GHG Emissions & Climate adaptation, resilience, and transition",partial,,False,4,False,False,False,False
a0,Bangchak2025,phase6,39,0,GRI 305: Emissions 2016,305-1,"GHG Emissions & Climate adaptation, resilience, and transition",partial,,False,9,False,False,False,False
a0,Bangchak2025,phase6,40,0,GRI 305: Emissions 2016,305-2,"GHG Emissions & Climate adaptation, resilience, and transition",partial,,False,9,False,False,False,False
a0,Bangchak2025,phase6,41,0,GRI 305: Emissions 2016,305-3,"GHG Emissions & Climate adaptation, resilience, and transition",partial,,False,9,False,False,False,False
a0,Bangchak2025,phase6,42,0,GRI 305: Emissions 2016,305-4,"GHG Emissions & Climate adaptation, resilience, and transition",partial,,False,4,False,False,False,False
a0,Bangchak2025,phase6,43,0,GRI 305: Emissions 2016,305-5,"GHG Emissions & Climate adaptation, resilience, and transition",partial,,False,5,False,False,False,False
a0,Bangchak2025,phase6,44,0,GRI 305: Emissions 2016,305-7,Air emissions,partial,,False,7,False,False,False,False
a0,Bangchak2025,phase6,45,0,GRI 304: Biodiversity 2016,304-2,Biodiversity,partial,,False,10,False,False,False,False
a0,Bangchak2025,phase6,46,0,GRI 306: Waste 2020,306-1,Waste,no_evidence,,False,6,False,False,False,False
a0,Bangchak2025,phase6,47,0,GRI 306: Waste 2020,306-2,Waste,partial,,False,24,False,False,False,False
a0,Bangchak2025,phase6,48,0,GRI 306: Waste 2020,306-4,Waste,partial,,False,16,False,False,False,False
a0,Bangchak2025,phase6,49,0,GRI 306: Waste 2020,306-5,Waste,no_evidence,,False,15,False,False,False,False
a0,Bangchak2025,phase6,50,0,GRI 303: Water and Effluents 2018,303-1,Water and effluents,pass,,False,4,False,False,False,False
a0,Bangchak2025,phase6,51,0,GRI 303: Water and Effluents 2018,303-2,Water and effluents,no_evidence,,False,4,False,False,False,False
a0,Bangchak2025,phase6,52,0,GRI 303: Water and Effluents 2018,303-5,Water and effluents,partial,,False,4,False,False,False,False
a0,Bangchak2025,phase6,53,0,GRI 306: Effluents and Waste 2016,306-3,Asset integrity and critical incident management,no_evidence,,False,7,False,False,False,False
a0,Bangchak2025,phase6,54,0,GRI 403: Occupational Health and Safety 2018,403-1,Occupational health and safety,pass,,False,3,False,False,False,False
a0,Bangchak2025,phase6,55,0,GRI 403: Occupational Health and Safety 2018,403-2,Occupational health and safety,partial,,False,5,False,False,False,False
a0,Bangchak2025,phase6,56,0,GRI 403: Occupational Health and Safety 2018,403-3,Occupational health and safety,partial,,False,1,False,False,False,False
a0,Bangchak2025,phase6,57,0,GRI 403: Occupational Health and Safety 2018,403-4,Occupational health and safety,pass,,False,2,False,False,False,False
a0,Bangchak2025,phase6,58,0,GRI 403: Occupational Health and Safety 2018,403-5,Occupational health and safety,pass,,False,1,False,False,False,False
a0,Bangchak2025,phase6,59,0,GRI 403: Occupational Health and Safety 2018,403-6,Occupational health and safety,pass,,False,2,False,False,False,False
a0,Bangchak2025,phase6,60,0,GRI 403: Occupational Health and Safety 2018,403-7,Occupational health and safety,pass,,False,1,False,False,False,False
a0,Bangchak2025,phase6,61,0,GRI 403: Occupational Health and Safety 2018,403-8,Occupational health and safety,partial,,False,4,False,False,False,False
a0,Bangchak2025,phase6,62,0,GRI 403: Occupational Health and Safety 2018,403-9,Occupational health and safety,no_evidence,,False,16,False,False,False,False
a0,Bangchak2025,phase6,63,0,GRI 403: Occupational Health and Safety 2018,403-10,Occupational health and safety,no_evidence,,False,10,False,False,False,False
a0,Bangchak2025,phase6,64,0,GRI 401: Employment 2016,401-2,Employment Practices,no_evidence,,False,8,False,False,False,False
a0,Bangchak2025,phase6,65,0,GRI 402: Labor/Management Relations 2016,402-1,Employment Practices,partial,,False,2,False,False,False,False
a0,Bangchak2025,phase6,66,0,GRI 404: Training and Education 2016,404-2,Employment Practices,partial,,False,2,False,False,False,False
a0,Bangchak2025,phase6,67,0,GRI 404: Training and Education 2016,404-3,Employment Practices,pass,,False,1,False,False,False,False
a0,Bangchak2025,phase6,68,0,GRI 406: Non-discrimination 2016,406-1,Non-discrimination and equal opportunity,partial,,False,5,False,False,False,False
a0,Bangchak2025,phase6,69,0,GRI 409: Forced or Compulsory Labor 2016,409-1,Forced labor and modern slavery,no_evidence,,False,3,False,False,False,False
a0,Bangchak2025,phase6,70,0,GRI 407: Freedom of Association and Collective Bargaining 2016,407-1,Freedom of association and collective bargaining,no_evidence,,False,3,False,False,False,False
a0,Bangchak2025,phase6,71,0,GRI 413: Local Communities 2016,413-1,Local communities,partial,,False,8,False,False,False,False
a0,Bangchak2025,phase6,72,0,GRI 413: Local Communities 2016,413-2,Local communities,partial,,False,2,False,False,False,False
a0,Bangchak2025,phase6,73,0,GRI 411: Rights of Indigenous Peoples 2016,411-1,Rights of indigenous peoples,pass,,False,5,False,False,False,False
a0,Bangchak2025,phase6,74,0,GRI 410: Security Practices 2016,410-1,Conflict and security,no_evidence,,False,2,False,False,False,False
a0,Bapco2023,phase3,0,0,GRI 2,2-1,,partial,,False,4,False,False,False,False
a0,Bapco2023,phase3,1,0,GRI 2,2-2,,partial,,False,5,False,False,False,False
a0,Bapco2023,phase3,2,0,GRI 2,2-3,,partial,,False,4,False,False,False,False
a0,Bapco2023,phase3,3,0,GRI 2,2-4,,no_evidence,,False,2,False,False,False,False
a0,Bapco2023,phase3,4,0,GRI 2,2-5,,partial,,False,4,False,False,False,False
a0,Bapco2023,phase3,5,0,GRI 2,2-6,,partial,,False,6,False,False,False,False
a0,Bapco2023,phase3,6,0,GRI 2,2-7,,no_evidence,,False,10,False,False,False,False
a0,Bapco2023,phase3,7,0,GRI 2,2-8,,no_evidence,,False,5,False,False,False,False
a0,Bapco2023,phase3,8,0,GRI 2,2-9,,partial,,False,10,False,False,False,False
a0,Bapco2023,phase3,9,0,GRI 2,2-10,,no_evidence,,False,5,False,False,False,False
a0,Bapco2023,phase3,10,0,GRI 2,2-11,,no_evidence,,False,2,False,False,False,False
a0,Bapco2023,phase3,11,0,GRI 2,2-12,,partial,,False,4,False,False,False,False
a0,Bapco2023,phase3,12,0,GRI 2,2-13,,partial,,False,3,False,False,False,False
a0,Bapco2023,phase3,13,0,GRI 2,2-14,,no_evidence,,False,2,False,False,False,False
a0,Bapco2023,phase3,14,0,GRI 2,2-15,,no_evidence,,False,5,False,False,False,False
a0,Bapco2023,phase3,15,0,GRI 2,2-16,,no_evidence,,False,2,False,False,False,False
a0,Bapco2023,phase3,16,0,GRI 2,2-17,,no_evidence,,False,1,False,False,False,False
a0,Bapco2023,phase3,17,0,GRI 2,2-18,,no_evidence,,False,3,False,False,False,False
a0,Bapco2023,phase3,18,0,GRI 2,2-19,,omitted,no page pack: omitted,False,0,True,False,True,True
a0,Bapco2023,phase3,19,0,GRI 2,2-20,,omitted,no page pack: omitted,False,0,True,False,True,True
a0,Bapco2023,phase3,20,0,GRI 2,2-21,,omitted,no page pack: omitted,False,0,True,False,True,True
a0,Bapco2023,phase3,21,0,GRI 2,2-22,,no_evidence,,False,1,False,False,False,False
a0,Bapco2023,phase3,22,0,GRI 2,2-23,,partial,,False,10,False,False,False,False
a0,Bapco2023,phase3,23,0,GRI 2,2-24,,partial,,False,4,False,False,False,False
a0,Bapco2023,phase3,24,0,GRI 2,2-25,,partial,,False,5,False,False,False,False
a0,Bapco2023,phase3,25,0,GRI 2,2-26,,no_evidence,,False,2,False,False,False,False
a0,Bapco2023,phase3,26,0,GRI 2,2-27,,no_evidence,,False,6,False,False,False,False
a0,Bapco2023,phase3,27,0,GRI 2,2-28,,no_evidence,,False,1,False,False,False,False
a0,Bapco2023,phase3,28,0,GRI 2,2-29,,partial,,False,3,False,False,False,False
a0,Bapco2023,phase3,29,0,GRI 2,2-30,,omitted,no page pack: omitted,False,0,True,False,True,True
a0,Bapco2023,phase5,0,0,GRI 3,3-1,,partial,,False,3,False,False,False,False
a0,Bapco2023,phase5,1,0,GRI 3,3-2,,no_evidence,,False,2,False,False,False,False
a0,Bapco2023,phase5,2,0,GRI 3,3-3,"Anti-corruption, Business Ethics & Transparency",partial,,False,11,False,False,False,False
a0,Bapco2023,phase5,3,0,GRI 3,3-3,Biodiversity and landscape,partial,,False,11,False,False,False,False
a0,Bapco2023,phase5,4,0,GRI 3,3-3,Corporate Governance & Compliance,partial,,False,11,False,False,False,False
a0,Bapco2023,phase5,5,0,GRI 3,3-3,Cybersecurity & Data Privacy,partial,,False,11,False,False,False,False
a0,Bapco2023,phase5,6,0,GRI 3,3-3,"Diversity, Inclusion & Equal Opportunity",partial,,False,11,False,False,False,False
a0,Bapco2023,phase5,7,0,GRI 3,3-3,Economic Performance,partial,,False,11,False,False,False,False
a0,Bapco2023,phase5,8,0,GRI 3,3-3,Emissions & Climate Action,partial,,False,11,False,False,False,False
a0,Bapco2023,phase5,9,0,GRI 3,3-3,Employment (Employment Attraction & Retention),partial,,False,11,False,False,False,False
a0,Bapco2023,phase5,10,0,GRI 3,3-3,Energy Management,partial,,False,11,False,False,False,False
a0,Bapco2023,phase5,11,0,GRI 3,3-3,Environmental Policy & Management,partial,,False,11,False,False,False,False
a0,Bapco2023,phase5,12,0,GRI 3,3-3,"Health, safety and well-being",partial,,False,11,False,False,False,False
a0,Bapco2023,phase5,13,0,GRI 3,3-3,Human Rights,partial,,False,11,False,False,False,False
a0,Bapco2023,phase5,14,0,GRI 3,3-3,Investments in Renewables & Clean Tech,partial,,False,11,False,False,False,False
a0,Bapco2023,phase5,15,0,GRI 3,3-3,Local Community Impact and Investment,partial,,False,11,False,False,False,False
a0,Bapco2023,phase5,16,0,GRI 3,3-3,Risk & Crisis Management,partial,,False,11,False,False,False,False
a0,Bapco2023,phase5,17,0,GRI 3,3-3,Training & Development,partial,,False,11,False,False,False,False
a0,Bapco2023,phase5,18,0,GRI 3,3-3,Water and effluents,partial,,False,11,False,False,False,False
a0,Bapco2023,phase6,0,0,GRI 414: Supplier Social Assessment 2016,414-1,Employment (Employment Attraction & Retention),omitted,no page pack: omitted,False,0,True,False,True,True
a0,Bapco2023,phase6,1,0,GRI 414: Supplier Social Assessment 2016,414-2,Employment (Employment Attraction & Retention),omitted,no page pack: omitted,False,0,True,False,True,True
a0,Bapco2023,phase6,2,0,GRI 202: Market Presence 2016,202-2,"Diversity, Inclusion & Equal Opportunity",omitted,no page pack: omitted,False,0,True,False,True,True
a0,Bapco2023,phase6,3,0,GRI 405: Diversity and Equal Opportunity 2016,405-2,"Diversity, Inclusion & Equal Opportunity",omitted,no page pack: omitted,False,0,True,False,True,True
a0,Bapco2023,phase6,4,0,GRI 205: Anti-corruption 2016,205-1,"Anti-corruption, Business Ethics & Transparency",omitted,no page pack: omitted,False,0,True,False,True,True
a0,Bapco2023,phase6,5,0,GRI 205: Anti-corruption 2016,205-3,"Anti-corruption, Business Ethics & Transparency",omitted,no page pack: omitted,False,0,True,False,True,True
a0,Bapco2023,phase6,6,0,GRI 202: Market Presence 2016,202-2,Economic Performance,omitted,no page pack: omitted,False,0,True,False,True,True
a0,Bapco2023,phase6,7,0,GRI 302: Energy 2016,302-1,Emissions & Climate Action,partial,,False,13,False,False,False,False
a0,Bapco2023,phase6,8,0,GRI 302: Energy 2016,302-2,Emissions & Climate Action,no_evidence,,False,3,False,False,False,False
a0,Bapco2023,phase6,9,0,GRI 302: Energy 2016,302-3,Emissions & Climate Action,no_evidence,,False,4,False,False,False,False
a0,Bapco2023,phase6,10,0,GRI 305: Emissions 2016,305-1,Emissions & Climate Action,partial,,False,9,False,False,False,False
a0,Bapco2023,phase6,11,0,GRI 305: Emissions 2016,305-2,Emissions & Climate Action,partial,,False,9,False,False,False,False
a0,Bapco2023,phase6,12,0,GRI 305: Emissions 2016,305-3,Emissions & Climate Action,partial,,False,9,False,False,False,False
a0,Bapco2023,phase6,13,0,GRI 305: Emissions 2016,305-4,Emissions & Climate Action,partial,,False,4,False,False,False,False
a0,Bapco2023,phase6,14,0,GRI 305: Emissions 2016,305-7,Emissions & Climate Action,no_evidence,,False,7,False,False,False,False
a0,Bapco2023,phase6,15,0,GRI 416: Customer Health and Safety 2016,416-1,Emissions & Climate Action,no_evidence,,False,1,False,False,False,False
a0,Bapco2023,phase6,16,0,GRI 303: Water and Effluents 2018,303-1,Water and effluents,partial,,False,4,False,False,False,False
a0,Bapco2023,phase6,17,0,GRI 303: Water and Effluents 2018,303-2,Water and effluents,no_evidence,,False,4,False,False,False,False
a0,Bapco2023,phase6,18,0,GRI 303: Water and Effluents 2018,303-3,Water and effluents,no_evidence,,False,13,False,False,False,False
a0,Bapco2023,phase6,19,0,GRI 303: Water and Effluents 2018,303-4,Water and effluents,no_evidence,,False,12,False,False,False,False
a0,Bapco2023,phase6,20,0,GRI 303: Water and Effluents 2018,303-5,Water and effluents,no_evidence,,False,4,False,False,False,False
a0,Bapco2023,phase6,21,0,GRI 304: Biodiversity 2016,304-1,Biodiversity and landscape,no_evidence,,False,7,False,False,False,False
a0,Bapco2023,phase6,22,0,GRI 304: Biodiversity 2016,304-2,Biodiversity and landscape,partial,,False,10,False,False,False,False
a0,Bapco2023,phase6,23,0,GRI 304: Biodiversity 2016,304-3,Biodiversity and landscape,partial,,False,4,False,False,False,False
a0,Bapco2023,phase6,24,0,GRI 304: Biodiversity 2016,304-4,Biodiversity and landscape,no_evidence,,False,5,False,False,False,False
a0,Bapco2023,phase6,25,0,GRI 403: Occupational Health and Safety 2018,403-1,"Health, safety and well-being",partial,,False,3,False,False,False,False
a0,Bapco2023,phase6,26,0,GRI 403: Occupational Health and Safety 2018,403-2,"Health, safety and well-being",partial,,False,5,False,False,False,False
a0,Bapco2023,phase6,27,0,GRI 403: Occupational Health and Safety 2018,403-3,"Health, safety and well-being",pass,,False,1,False,False,False,False
a0,Bapco2023,phase6,28,0,GRI 403: Occupational Health and Safety 2018,403-4,"Health, safety and well-being",no_evidence,,False,2,False,False,False,False
a0,Bapco2023,phase6,29,0,GRI 403: Occupational Health and Safety 2018,403-5,"Health, safety and well-being",pass,,False,1,False,False,False,False
a0,Bapco2023,phase6,30,0,GRI 403: Occupational Health and Safety 2018,403-6,"Health, safety and well-being",partial,,False,2,False,False,False,False
a0,Bapco2023,phase6,31,0,GRI 403: Occupational Health and Safety 2018,403-7,"Health, safety and well-being",pass,,False,1,False,False,False,False
a0,Bapco2023,phase6,32,0,GRI 403: Occupational Health and Safety 2018,403-8,"Health, safety and well-being",partial,,False,4,False,False,False,False
a0,Bapco2023,phase6,33,0,GRI 403: Occupational Health and Safety 2018,403-9,"Health, safety and well-being",partial,,False,16,False,False,False,False
a0,Bapco2023,phase6,34,0,GRI 403: Occupational Health and Safety 2018,403-10,"Health, safety and well-being",partial,,False,10,False,False,False,False
a0,Bapco2023,phase6,35,0,GRI 401: Employment 2016,401-1,Employment (Employment Attraction & Retention),no_evidence,,False,2,False,False,False,False
a0,Bapco2023,phase6,36,0,GRI 401: Employment 2016,401-2,Employment (Employment Attraction & Retention),partial,,False,8,False,False,False,False
a0,Bapco2023,phase6,37,0,GRI 401: Employment 2016,401-3,Employment (Employment Attraction & Retention),no_evidence,,False,5,False,False,False,False
a0,Bapco2023,phase6,38,0,GRI 401: Employment 2016,401-3,"Diversity, Inclusion & Equal Opportunity",no_evidence,,False,5,False,False,False,False
a0,Bapco2023,phase6,39,0,GRI 402: Labor/Management Relations 2016,402-1,Employment (Employment Attraction & Retention),no_evidence,,False,2,False,False,False,False
a0,Bapco2023,phase6,40,0,GRI 404: Training and Education 2016,404-1,Employment (Employment Attraction & Retention),no_evidence,,False,2,False,False,False,False
a0,Bapco2023,phase6,41,0,GRI 404: Training and Education 2016,404-1,"Diversity, Inclusion & Equal Opportunity",no_evidence,,False,2,False,False,False,False
a0,Bapco2023,phase6,42,0,GRI 404: Training and Education 2016,404-2,Employment (Employment Attraction & Retention),partial,,False,2,False,False,False,False
a0,Bapco2023,phase6,43,0,GRI 405: Diversity and Equal Opportunity 2016,405-1,"Diversity, Inclusion & Equal Opportunity",no_evidence,,False,6,False,False,False,False
a0,Bapco2023,phase6,44,0,GRI 406: Non-discrimination 2016,406-1,"Diversity, Inclusion & Equal Opportunity",pass,,False,5,False,False,False,False
a0,Bapco2023,phase6,45,0,GRI 413: Local Communities 2016,413-1,Local Community Impact and Investment,no_evidence,,False,8,False,False,False,False
a0,Bapco2023,phase6,46,0,GRI 413: Local Communities 2016,413-2,Local Community Impact and Investment,no_evidence,,False,2,False,False,False,False
a0,Bapco2023,phase6,47,0,GRI 205: Anti-corruption 2016,205-2,"Anti-corruption, Business Ethics & Transparency",no_evidence,,False,5,False,False,False,False
a0,Bapco2023,phase6,48,0,GRI 201: Economic Performance 2016,201-1,Economic Performance,no_evidence,,False,4,False,False,False,False
a0,Bapco2023,phase6,49,0,GRI 203: Indirect Economic Impacts 2016,203-1,Economic Performance,partial,,False,3,False,False,False,False
a0,Bapco2023,phase6,50,0,GRI 203: Indirect Economic Impacts 2016,203-2,Economic Performance,partial,,False,2,False,False,False,False
a0,Bapco2023,phase6,51,0,GRI 204: Procurement Practices 2016,204-1,Economic Performance,no_evidence,,False,3,False,False,False,False
a0,Bapco2024,phase3,0,0,GRI 2,2-1,,partial,,False,4,False,False,False,False
a0,Bapco2024,phase3,1,0,GRI 2,2-2,,no_evidence,,False,5,False,False,False,False
a0,Bapco2024,phase3,2,0,GRI 2,2-3,,partial,,False,4,False,False,False,False
a0,Bapco2024,phase3,3,0,GRI 2,2-4,,no_evidence,,False,2,False,False,False,False
a0,Bapco2024,phase3,4,0,GRI 2,2-5,,partial,,False,4,False,False,False,False
a0,Bapco2024,phase3,5,0,GRI 2,2-6,,partial,,False,6,False,False,False,False
a0,Bapco2024,phase3,6,0,GRI 2,2-7,,no_evidence,,False,10,False,False,False,False
a0,Bapco2024,phase3,7,0,GRI 2,2-8,,no_evidence,,False,5,False,False,False,False
a0,Bapco2024,phase3,8,0,GRI 2,2-9,,partial,,False,10,False,False,False,False
a0,Bapco2024,phase3,9,0,GRI 2,2-10,,partial,,False,5,False,False,False,False
a0,Bapco2024,phase3,10,0,GRI 2,2-11,,pass,,False,2,False,False,False,False
a0,Bapco2024,phase3,11,0,GRI 2,2-12,,partial,,False,4,False,False,False,False
a0,Bapco2024,phase3,12,0,GRI 2,2-13,,no_evidence,,False,3,False,False,False,False
a0,Bapco2024,phase3,13,0,GRI 2,2-14,,no_evidence,,False,2,False,False,False,False
a0,Bapco2024,phase3,14,0,GRI 2,2-15,,no_evidence,,False,5,False,False,False,False
a0,Bapco2024,phase3,15,0,GRI 2,2-16,,no_evidence,,False,2,False,False,False,False
a0,Bapco2024,phase3,16,0,GRI 2,2-17,,no_evidence,,False,1,False,False,False,False
a0,Bapco2024,phase3,17,0,GRI 2,2-18,,no_evidence,,False,3,False,False,False,False
a0,Bapco2024,phase3,18,0,GRI 2,2-19,,omitted,no page pack: omitted,False,0,True,False,True,True
a0,Bapco2024,phase3,19,0,GRI 2,2-20,,omitted,no page pack: omitted,False,0,True,False,True,True
a0,Bapco2024,phase3,20,0,GRI 2,2-21,,omitted,no page pack: omitted,False,0,True,False,True,True
a0,Bapco2024,phase3,21,0,GRI 2,2-22,,pass,,False,1,False,False,False,False
a0,Bapco2024,phase3,22,0,GRI 2,2-23,,partial,,False,10,False,False,False,False
a0,Bapco2024,phase3,23,0,GRI 2,2-24,,partial,,False,4,False,False,False,False
a0,Bapco2024,phase3,24,0,GRI 2,2-25,,partial,,False,5,False,False,False,False
a0,Bapco2024,phase3,25,0,GRI 2,2-26,,no_evidence,,False,2,False,False,False,False
a0,Bapco2024,phase3,26,0,GRI 2,2-27,,no_evidence,,False,6,False,False,False,False
a0,Bapco2024,phase3,27,0,GRI 2,2-28,,no_evidence,,False,1,False,False,False,False
a0,Bapco2024,phase3,28,0,GRI 2,2-29,,pass,,False,3,False,False,False,False
a0,Bapco2024,phase3,29,0,GRI 2,2-30,,omitted,no page pack: omitted,False,0,True,False,True,True
a0,Bapco2024,phase5,0,0,GRI 3,3-1,,pass,,False,3,False,False,False,False
a0,Bapco2024,phase5,1,0,GRI 3,3-2,,pass,,False,2,False,False,False,False
a0,Bapco2024,phase5,2,0,GRI 3,3-3,"Anti-corruption, Business Ethics & Transparency",partial,,False,11,False,False,False,False
a0,Bapco2024,phase5,3,0,GRI 3,3-3,Asset Integrity and Critical Incident Management,partial,,False,11,False,False,False,False
a0,Bapco2024,phase5,4,0,GRI 3,3-3,Corporate Governance & Compliance,partial,,False,11,False,False,False,False
a0,Bapco2024,phase5,5,0,GRI 3,3-3,Cybersecurity & Data Privacy,partial,,False,11,False,False,False,False
a0,Bapco2024,phase5,6,0,GRI 3,3-3,"Diversity, Inclusion & Equal Opportunity",partial,,False,11,False,False,False,False
a0,Bapco2024,phase5,7,0,GRI 3,3-3,Economic Performance,no_evidence,no page pack: page_list_no_matching_chunks; system limitation - human review required,True,0,False,False,True,True
a0,Bapco2024,phase5,8,0,GRI 3,3-3,Emissions & Climate Action,partial,,False,11,False,False,False,False
a0,Bapco2024,phase5,9,1,GRI 3,3-3,Emissions & Climate Action,partial,,False,11,False,False,False,False
a0,Bapco2024,phase5,10,0,GRI 3,3-3,Employment (Employment Attraction & Retention),partial,,False,11,False,False,False,False
a0,Bapco2024,phase5,11,0,GRI 3,3-3,Energy Management,partial,,False,11,False,False,False,False
a0,Bapco2024,phase5,12,0,GRI 3,3-3,"Health, safety and well-being",partial,,False,11,False,False,False,False
a0,Bapco2024,phase5,13,0,GRI 3,3-3,Human Rights,partial,,False,11,False,False,False,False
a0,Bapco2024,phase5,14,0,GRI 3,3-3,Investments in Renewables & Clean Tech,partial,,False,11,False,False,False,False
a0,Bapco2024,phase5,15,0,GRI 3,3-3,Local Community Impact and Investment,partial,,False,11,False,False,False,False
a0,Bapco2024,phase5,16,0,GRI 3,3-3,Risk & Crisis Management,partial,,False,11,False,False,False,False
a0,Bapco2024,phase5,17,0,GRI 3,3-3,Training & Development,partial,,False,11,False,False,False,False
a0,Bapco2024,phase5,18,0,GRI 3,3-3,Waste,partial,,False,11,False,False,False,False
a0,Bapco2024,phase5,19,0,GRI 3,3-3,Water and effluents,partial,,False,11,False,False,False,False
a0,Bapco2024,phase6,0,0,GRI 414: Supplier Social Assessment 2016,414-1,Employment (Employment Attraction & Retention),omitted,no page pack: omitted,False,0,True,False,True,True
a0,Bapco2024,phase6,1,0,GRI 414: Supplier Social Assessment 2016,414-2,Employment (Employment Attraction & Retention),omitted,no page pack: omitted,False,0,True,False,True,True
a0,Bapco2024,phase6,2,0,GRI 202: Market Presence 2016,202-2,"Diversity, Inclusion & Equal Opportunity",omitted,no page pack: omitted,False,0,True,False,True,True
a0,Bapco2024,phase6,3,0,GRI 405: Diversity and Equal Opportunity 2016,405-2,"Diversity, Inclusion & Equal Opportunity",omitted,no page pack: omitted,False,0,True,False,True,True
a0,Bapco2024,phase6,4,0,GRI 205: Anti-corruption 2016,205-1,"Anti-corruption, Business Ethics & Transparency",omitted,no page pack: omitted,False,0,True,False,True,True
a0,Bapco2024,phase6,5,0,GRI 205: Anti-corruption 2016,205-3,"Anti-corruption, Business Ethics & Transparency",omitted,no page pack: omitted,False,0,True,False,True,True
a0,Bapco2024,phase6,6,0,GRI 201: Economic Performance 2016,201-1,Economic Performance,no_evidence,no page pack: page_list_no_matching_chunks; system limitation — human review required,True,0,False,False,True,True
a0,Bapco2024,phase6,7,0,GRI 202: Market Presence 2016,202-2,Economic Performance,omitted,no page pack: omitted,False,0,True,False,True,True
a0,Bapco2024,phase6,8,0,GRI 203: Indirect Economic Impacts 2016,203-1,Economic Performance,no_evidence,no page pack: page_list_no_matching_chunks; system limitation — human review required,True,0,False,False,True,True
a0,Bapco2024,phase6,9,0,GRI 203: Indirect Economic Impacts 2016,203-2,Economic Performance,no_evidence,no page pack: page_list_no_matching_chunks; system limitation — human review required,True,0,False,False,True,True
a0,Bapco2024,phase6,10,0,GRI 204: Procurement Practices 2016,204-1,Economic Performance,no_evidence,no page pack: page_list_no_matching_chunks; system limitation — human review required,True,0,False,False,True,True
a0,Bapco2024,phase6,11,0,GRI 302: Energy 2016,302-1,Emissions & Climate Action,no_evidence,,False,13,False,False,False,False
a0,Bapco2024,phase6,12,0,GRI 302: Energy 2016,302-2,Emissions & Climate Action,no_evidence,,False,3,False,False,False,False
a0,Bapco2024,phase6,13,0,GRI 302: Energy 2016,302-3,Emissions & Climate Action,no_evidence,,False,4,False,False,False,False
a0,Bapco2024,phase6,14,0,GRI 305: Emissions 2016,305-1,Emissions & Climate Action,partial,,False,9,False,False,False,False
a0,Bapco2024,phase6,15,0,GRI 305: Emissions 2016,305-2,Emissions & Climate Action,partial,,False,9,False,False,False,False
a0,Bapco2024,phase6,16,0,GRI 305: Emissions 2016,305-3,Emissions & Climate Action,partial,,False,9,False,False,False,False
a0,Bapco2024,phase6,17,0,GRI 305: Emissions 2016,305-4,Emissions & Climate Action,partial,,False,4,False,False,False,False
a0,Bapco2024,phase6,18,0,GRI 305: Emissions 2016,305-7,Emissions & Climate Action,no_evidence,,False,7,False,False,False,False
a0,Bapco2024,phase6,19,0,GRI 416: Customer Health and Safety 2016,416-1,Emissions & Climate Action,no_evidence,,False,1,False,False,False,False
a0,Bapco2024,phase6,20,0,GRI 306: Waste 2020,306-1,Waste,no_evidence,,False,6,False,False,False,False
a0,Bapco2024,phase6,21,0,GRI 306: Waste 2020,306-2,Waste,partial,,False,24,False,False,False,False
a0,Bapco2024,phase6,22,0,GRI 306: Waste 2020,306-3,Waste,partial,,False,7,False,False,False,False
a0,Bapco2024,phase6,23,0,GRI 306: Waste 2020,306-4,Waste,partial,,False,16,False,False,False,False
a0,Bapco2024,phase6,24,0,GRI 306: Waste 2020,306-5,Waste,partial,,False,15,False,False,False,False
a0,Bapco2024,phase6,25,0,GRI 303: Water and Effluents 2018,303-1,Water and effluents,partial,,False,4,False,False,False,False
a0,Bapco2024,phase6,26,0,GRI 303: Water and Effluents 2018,303-2,Water and effluents,no_evidence,,False,4,False,False,False,False
a0,Bapco2024,phase6,27,0,GRI 303: Water and Effluents 2018,303-3,Water and effluents,no_evidence,,False,13,False,False,False,False
a0,Bapco2024,phase6,28,0,GRI 303: Water and Effluents 2018,303-4,Water and effluents,no_evidence,,False,12,False,False,False,False
a0,Bapco2024,phase6,29,0,GRI 303: Water and Effluents 2018,303-5,Water and effluents,no_evidence,,False,4,False,False,False,False
a0,Bapco2024,phase6,30,0,GRI 306: Effluents and Waste 2016,306-3,Asset Integrity and Critical Incident Management,no_evidence,,False,7,False,False,False,False
a0,Bapco2024,phase6,31,0,GRI 403: Occupational Health and Safety 2018,403-1,"Health, safety and well-being",pass,,False,3,False,False,False,False
a0,Bapco2024,phase6,32,0,GRI 403: Occupational Health and Safety 2018,403-2,"Health, safety and well-being",partial,,False,5,False,False,False,False
a0,Bapco2024,phase6,33,0,GRI 403: Occupational Health and Safety 2018,403-3,"Health, safety and well-being",no_evidence,,False,1,False,False,False,False
a0,Bapco2024,phase6,34,0,GRI 403: Occupational Health and Safety 2018,403-4,"Health, safety and well-being",no_evidence,,False,2,False,False,False,False
a0,Bapco2024,phase6,35,0,GRI 403: Occupational Health and Safety 2018,403-5,"Health, safety and well-being",pass,,False,1,False,False,False,False
a0,Bapco2024,phase6,36,0,GRI 403: Occupational Health and Safety 2018,403-6,"Health, safety and well-being",no_evidence,,False,2,False,False,False,False
a0,Bapco2024,phase6,37,0,GRI 403: Occupational Health and Safety 2018,403-7,"Health, safety and well-being",pass,,False,1,False,False,False,False
a0,Bapco2024,phase6,38,0,GRI 403: Occupational Health and Safety 2018,403-8,"Health, safety and well-being",partial,,False,4,False,False,False,False
a0,Bapco2024,phase6,39,0,GRI 403: Occupational Health and Safety 2018,403-9,"Health, safety and well-being",partial,,False,16,False,False,False,False
a0,Bapco2024,phase6,40,0,GRI 403: Occupational Health and Safety 2018,403-10,"Health, safety and well-being",no_evidence,,False,10,False,False,False,False
a0,Bapco2024,phase6,41,0,GRI 401: Employment 2016,401-1,Employment (Employment Attraction & Retention),no_evidence,,False,2,False,False,False,False
a0,Bapco2024,phase6,42,0,GRI 401: Employment 2016,401-2,Employment (Employment Attraction & Retention),no_evidence,,False,8,False,False,False,False
a0,Bapco2024,phase6,43,0,GRI 401: Employment 2016,401-3,Employment (Employment Attraction & Retention),partial,,False,5,False,False,False,False
a0,Bapco2024,phase6,44,0,GRI 401: Employment 2016,401-3,"Diversity, Inclusion & Equal Opportunity",partial,,False,5,False,False,False,False
a0,Bapco2024,phase6,45,0,GRI 402: Labor/Management Relations 2016,402-1,Employment (Employment Attraction & Retention),no_evidence,,False,2,False,False,False,False
a0,Bapco2024,phase6,46,0,GRI 404: Training and Education 2016,404-1,Employment (Employment Attraction & Retention),no_evidence,,False,2,False,False,False,False
a0,Bapco2024,phase6,47,0,GRI 404: Training and Education 2016,404-1,"Diversity, Inclusion & Equal Opportunity",no_evidence,,False,2,False,False,False,False
a0,Bapco2024,phase6,48,0,GRI 404: Training and Education 2016,404-2,Employment (Employment Attraction & Retention),partial,,False,2,False,False,False,False
a0,Bapco2024,phase6,49,0,GRI 405: Diversity and Equal Opportunity 2016,405-1,"Diversity, Inclusion & Equal Opportunity",partial,,False,6,False,False,False,False
a0,Bapco2024,phase6,50,0,GRI 406: Non-discrimination 2016,406-1,"Diversity, Inclusion & Equal Opportunity",partial,,False,5,False,False,False,False
a0,Bapco2024,phase6,51,0,GRI 413: Local Communities 2016,413-1,Local Community Impact and Investment,no_evidence,,False,8,False,False,False,False
a0,Bapco2024,phase6,52,0,GRI 413: Local Communities 2016,413-2,Local Community Impact and Investment,no_evidence,,False,2,False,False,False,False
a0,Bapco2024,phase6,53,0,GRI 205: Anti-corruption 2016,205-2,"Anti-corruption, Business Ethics & Transparency",no_evidence,,False,5,False,False,False,False
a0,Bunduq2023,phase3,0,0,GRI 2,2-1,,partial,,False,4,False,False,False,False
a0,Bunduq2023,phase3,1,0,GRI 2,2-2,,partial,,False,5,False,False,False,False
a0,Bunduq2023,phase3,2,0,GRI 2,2-3,,partial,,False,4,False,False,False,False
a0,Bunduq2023,phase3,3,0,GRI 2,2-4,,partial,,False,2,False,False,False,False
a0,Bunduq2023,phase3,4,0,GRI 2,2-5,,partial,,False,4,False,False,False,False
a0,Bunduq2023,phase3,5,0,GRI 2,2-6,,no_evidence,,False,6,False,False,False,False
a0,Bunduq2023,phase3,6,0,GRI 2,2-7,,partial,,False,10,False,False,False,False
a0,Bunduq2023,phase3,7,0,GRI 2,2-8,,no_evidence,,False,5,False,False,False,False
a0,Bunduq2023,phase3,8,0,GRI 2,2-9,,partial,,False,10,False,False,False,False
a0,Bunduq2023,phase3,9,0,GRI 2,2-10,,omitted,no page pack: omitted,False,0,True,False,True,True
a0,Bunduq2023,phase3,10,0,GRI 2,2-11,,no_evidence,,False,2,False,False,False,False
a0,Bunduq2023,phase3,11,0,GRI 2,2-12,,no_evidence,,False,4,False,False,False,False
a0,Bunduq2023,phase3,12,0,GRI 2,2-13,,partial,,False,3,False,False,False,False
a0,Bunduq2023,phase3,13,0,GRI 2,2-14,,omitted,no page pack: omitted,False,0,True,False,True,True
a0,Bunduq2023,phase3,14,0,GRI 2,2-15,,omitted,no page pack: omitted,False,0,True,False,True,True
a0,Bunduq2023,phase3,15,0,GRI 2,2-16,,partial,,False,2,False,False,False,False
a0,Bunduq2023,phase3,16,0,GRI 2,2-17,,omitted,no page pack: omitted,False,0,True,False,True,True
a0,Bunduq2023,phase3,17,0,GRI 2,2-18,,omitted,no page pack: omitted,False,0,True,False,True,True
a0,Bunduq2023,phase3,18,0,GRI 2,2-19,,omitted,no page pack: omitted,False,0,True,False,True,True
a0,Bunduq2023,phase3,19,0,GRI 2,2-20,,omitted,no page pack: omitted,False,0,True,False,True,True
a0,Bunduq2023,phase3,20,0,GRI 2,2-21,,omitted,no page pack: omitted,False,0,True,False,True,True
a0,Bunduq2023,phase3,21,0,GRI 2,2-22,,pass,,False,1,False,False,False,False
a0,Bunduq2023,phase3,22,0,GRI 2,2-23,,partial,,False,10,False,False,False,False
a0,Bunduq2023,phase3,23,0,GRI 2,2-24,,partial,,False,4,False,False,False,False
a0,Bunduq2023,phase3,24,0,GRI 2,2-25,,omitted,no page pack: omitted,False,0,True,False,True,True
a0,Bunduq2023,phase3,25,0,GRI 2,2-26,,partial,,False,2,False,False,False,False
a0,Bunduq2023,phase3,26,0,GRI 2,2-27,,no_evidence,,False,6,False,False,False,False
a0,Bunduq2023,phase3,27,0,GRI 2,2-28,,omitted,no page pack: omitted,False,0,True,False,True,True
a0,Bunduq2023,phase3,28,0,GRI 2,2-29,,partial,,False,3,False,False,False,False
a0,Bunduq2023,phase3,29,0,GRI 2,2-30,,omitted,no page pack: omitted,False,0,True,False,True,True
a0,Bunduq2023,phase5,0,0,GRI 3,3-1,,no_evidence,no page pack: page_list_no_matching_chunks; system limitation - human review required,True,0,False,False,True,True
a0,Bunduq2023,phase5,1,0,GRI 3,3-2,,partial,,False,2,False,False,False,False
a0,Bunduq2023,phase5,2,0,GRI 3,3-3,Asset Integrity and Process Safety,partial,,False,11,False,False,False,False
a0,Bunduq2023,phase5,3,0,GRI 3,3-3,Biodiversity and Natural Capital,partial,,False,11,False,False,False,False
a0,Bunduq2023,phase5,4,0,GRI 3,3-3,Business Ethics and Integrity Practices,partial,,False,11,False,False,False,False
a0,Bunduq2023,phase5,5,0,GRI 3,3-3,Community Development and Partnerships and Social Risk Management,partial,,False,11,False,False,False,False
a0,Bunduq2023,phase5,6,0,GRI 3,3-3,Crisis Management & Incident Response,partial,,False,11,False,False,False,False
a0,Bunduq2023,phase5,7,0,GRI 3,3-3,Cyber Security,partial,,False,11,False,False,False,False
a0,Bunduq2023,phase5,8,0,GRI 3,3-3,Digital Transformation and Innovation,partial,,False,11,False,False,False,False
a0,Bunduq2023,phase5,9,0,GRI 3,3-3,ESG Compliance,partial,,False,11,False,False,False,False
a0,Bunduq2023,phase5,10,0,GRI 3,3-3,Economic performance,external_verification,no page pack: external_document_reference,False,0,False,True,True,True
a0,Bunduq2023,phase5,11,0,GRI 3,3-3,Employee Diversity and Inclusion,partial,,False,11,False,False,False,False
a0,Bunduq2023,phase5,12,0,GRI 3,3-3,Employment Practices and Employee Welfare,partial,,False,11,False,False,False,False
a0,Bunduq2023,phase5,13,0,GRI 3,3-3,Energy Management,partial,,False,11,False,False,False,False
a0,Bunduq2023,phase5,14,0,GRI 3,3-3,"Greenhouse Gas (GHG) Emissions, Climate Resilience and Adaptation Strategy and Flaring",partial,,False,11,False,False,False,False
a0,Bunduq2023,phase5,15,0,GRI 3,3-3,Occupational health and safety,partial,,False,11,False,False,False,False
a0,Bunduq2023,phase5,16,0,GRI 3,3-3,Spills,partial,,False,11,False,False,False,False
a0,Bunduq2023,phase5,17,0,GRI 3,3-3,Sustainable Procurement,partial,,False,11,False,False,False,False
a0,Bunduq2023,phase5,18,0,GRI 3,3-3,Talent Management and Development,partial,,False,11,False,False,False,False
a0,Bunduq2023,phase5,19,0,GRI 3,3-3,Waste Management,partial,,False,11,False,False,False,False
a0,Bunduq2023,phase5,20,0,GRI 3,3-3,Water and Effluents Management,partial,,False,11,False,False,False,False
a0,Bunduq2023,phase5,21,0,GRI 3,3-3,Workforce Nationalization,partial,,False,11,False,False,False,False
a0,Bunduq2023,phase6,0,0,GRI 205: Anti-corruption 2016,205-1,Business Ethics and Integrity Practices,omitted,no page pack: omitted,False,0,True,False,True,True
a0,Bunduq2023,phase6,1,0,GRI 205: Anti-corruption 2016,205-2,Business Ethics and Integrity Practices,omitted,no page pack: omitted,False,0,True,False,True,True
a0,Bunduq2023,phase6,2,0,GRI 206: Anti-competitive Behavior 2016,206-1,Business Ethics and Integrity Practices,omitted,no page pack: omitted,False,0,True,False,True,True
a0,Bunduq2023,phase6,3,0,GRI 302: Energy 2016,302-2,Energy Management,omitted,no page pack: omitted,False,0,True,False,True,True
a0,Bunduq2023,phase6,4,0,GRI 302: Energy 2016,302-5,Energy Management,omitted,no page pack: omitted,False,0,True,False,True,True
a0,Bunduq2023,phase6,5,0,GRI 305: Emissions 2016,305-3,"Greenhouse Gas (GHG) Emissions, Climate Resilience and Adaptation Strategy and Flaring",omitted,no page pack: omitted,False,0,True,False,True,True
a0,Bunduq2023,phase6,6,0,GRI 305: Emissions 2016,305-6,"Greenhouse Gas (GHG) Emissions, Climate Resilience and Adaptation Strategy and Flaring",omitted,no page pack: omitted,False,0,True,False,True,True
a0,Bunduq2023,phase6,7,0,GRI 305: Emissions 2016,305-7,"Greenhouse Gas (GHG) Emissions, Climate Resilience and Adaptation Strategy and Flaring",no_evidence,no page pack: page_list_no_matching_chunks; system limitation — human review required,True,0,False,False,True,True
a0,Bunduq2023,phase6,8,0,GRI 306: Waste 2020,306-4,Waste Management,omitted,no page pack: omitted,False,0,True,False,True,True
a0,Bunduq2023,phase6,9,0,GRI 306: Waste 2020,306-5,Waste Management,omitted,no page pack: omitted,False,0,True,False,True,True
a0,Bunduq2023,phase6,10,0,GRI 303: Water and Effluents 2018,303-4,Water and Effluents Management,omitted,no page pack: omitted,False,0,True,False,True,True
a0,Bunduq2023,phase6,11,0,GRI 303: Water and Effluents 2018,303-5,Water and Effluents Management,omitted,no page pack: omitted,False,0,True,False,True,True
a0,Bunduq2023,phase6,12,0,GRI 304: Biodiversity 2016,304-3,Biodiversity and Natural Capital,omitted,no page pack: omitted,False,0,True,False,True,True
a0,Bunduq2023,phase6,13,0,GRI 304: Biodiversity 2016,304-4,Biodiversity and Natural Capital,omitted,no page pack: omitted,False,0,True,False,True,True
a0,Bunduq2023,phase6,14,0,GRI 308: Supplier Environmental Assessment 2016,308-1,Sustainable Procurement,omitted,no page pack: omitted,False,0,True,False,True,True
a0,Bunduq2023,phase6,15,0,GRI 308: Supplier Environmental Assessment 2016,308-2,Sustainable Procurement,omitted,no page pack: omitted,False,0,True,False,True,True
a0,Bunduq2023,phase6,16,0,GRI 203: Indirect Economic Impacts 2016,203-1,Community Development and Partnerships and Social Risk Management,omitted,no page pack: omitted,False,0,True,False,True,True
a0,Bunduq2023,phase6,17,0,GRI 202: Market Presence 2016,202-1,Employee Diversity and Inclusion,omitted,no page pack: omitted,False,0,True,False,True,True
a0,Bunduq2023,phase6,18,0,GRI 405: Diversity and Equal Opportunity 2016,405-2,Employee Diversity and Inclusion,omitted,no page pack: omitted,False,0,True,False,True,True
a0,Bunduq2023,phase6,19,0,GRI 402: Labor/Management Relations 2016,402-1,Employment Practices and Employee Welfare,omitted,no page pack: omitted,False,0,True,False,True,True
a0,Bunduq2023,phase6,20,0,GRI 201: Economic Performance 2016,201-1,Economic performance,omitted,no page pack: omitted,False,0,True,False,True,True
a0,Bunduq2023,phase6,21,0,GRI 201: Economic Performance 2016,201-3,Economic performance,omitted,no page pack: omitted,False,0,True,False,True,True
a0,Bunduq2023,phase6,22,0,GRI 201: Economic Performance 2016,201-4,Economic performance,omitted,no page pack: omitted,False,0,True,False,True,True
a0,Bunduq2023,phase6,23,0,GRI 205: Anti-corruption 2016,205-3,Business Ethics and Integrity Practices,no_evidence,,False,4,False,False,False,False
a0,Bunduq2023,phase6,24,0,GRI 406: Non-discrimination 2016,406-1,Business Ethics and Integrity Practices,no_evidence,,False,5,False,False,False,False
a0,Bunduq2023,phase6,25,0,GRI 406: Non-discrimination 2016,406-1,Employment Practices and Employee Welfare,no_evidence,,False,5,False,False,False,False
a0,Bunduq2023,phase6,26,0,GRI 302: Energy 2016,302-1,Energy Management,partial,,False,13,False,False,False,False
a0,Bunduq2023,phase6,27,0,GRI 302: Energy 2016,302-3,Energy Management,partial,,False,4,False,False,False,False
a0,Bunduq2023,phase6,28,0,GRI 302: Energy 2016,302-4,Energy Management,partial,,False,4,False,False,False,False
a0,Bunduq2023,phase6,29,0,GRI 305: Emissions 2016,305-1,"Greenhouse Gas (GHG) Emissions, Climate Resilience and Adaptation Strategy and Flaring",no_evidence,,False,9,False,False,False,False
a0,Bunduq2023,phase6,30,0,GRI 305: Emissions 2016,305-2,"Greenhouse Gas (GHG) Emissions, Climate Resilience and Adaptation Strategy and Flaring",no_evidence,,False,9,False,False,False,False
a0,Bunduq2023,phase6,31,0,GRI 305: Emissions 2016,305-4,"Greenhouse Gas (GHG) Emissions, Climate Resilience and Adaptation Strategy and Flaring",no_evidence,,False,4,False,False,False,False
a0,Bunduq2023,phase6,32,0,GRI 305: Emissions 2016,305-5,"Greenhouse Gas (GHG) Emissions, Climate Resilience and Adaptation Strategy and Flaring",no_evidence,,False,5,False,False,False,False
a0,Bunduq2023,phase6,33,0,GRI 306: Waste 2020,306-1,Waste Management,no_evidence,,False,6,False,False,False,False
a0,Bunduq2023,phase6,34,0,GRI 306: Waste 2020,306-2,Waste Management,partial,,False,24,False,False,False,False
a0,Bunduq2023,phase6,35,0,GRI 306: Waste 2020,306-3,Waste Management,no_evidence,,False,7,False,False,False,False
a0,Bunduq2023,phase6,36,0,GRI 303: Water and Effluents 2018,303-1,Water and Effluents Management,partial,,False,4,False,False,False,False
a0,Bunduq2023,phase6,37,0,GRI 303: Water and Effluents 2018,303-2,Water and Effluents Management,no_evidence,,False,4,False,False,False,False
a0,Bunduq2023,phase6,38,0,GRI 303: Water and Effluents 2018,303-3,Water and Effluents Management,no_evidence,,False,13,False,False,False,False
a0,Bunduq2023,phase6,39,0,GRI 304: Biodiversity 2016,304-1,Biodiversity and Natural Capital,no_evidence,,False,7,False,False,False,False
a0,Bunduq2023,phase6,40,0,GRI 304: Biodiversity 2016,304-2,Biodiversity and Natural Capital,no_evidence,,False,10,False,False,False,False
a0,Bunduq2023,phase6,41,0,GRI 306: Effluents and Waste 2016,306-3,Spills,no_evidence,,False,7,False,False,False,False
a0,Bunduq2023,phase6,42,0,GRI 403: Occupational Health and Safety 2018,403-1,Occupational health and safety,partial,,False,3,False,False,False,False
a0,Bunduq2023,phase6,43,0,GRI 403: Occupational Health and Safety 2018,403-2,Occupational health and safety,partial,,False,5,False,False,False,False
a0,Bunduq2023,phase6,44,0,GRI 403: Occupational Health and Safety 2018,403-3,Occupational health and safety,partial,,False,1,False,False,False,False
a0,Bunduq2023,phase6,45,0,GRI 403: Occupational Health and Safety 2018,403-4,Occupational health and safety,partial,,False,2,False,False,False,False
a0,Bunduq2023,phase6,46,0,GRI 403: Occupational Health and Safety 2018,403-5,Occupational health and safety,pass,,False,1,False,False,False,False
a0,Bunduq2023,phase6,47,0,GRI 403: Occupational Health and Safety 2018,403-6,Occupational health and safety,no_evidence,,False,2,False,False,False,False
a0,Bunduq2023,phase6,48,0,GRI 403: Occupational Health and Safety 2018,403-7,Occupational health and safety,pass,,False,1,False,False,False,False
a0,Bunduq2023,phase6,49,0,GRI 403: Occupational Health and Safety 2018,403-8,Occupational health and safety,no_evidence,,False,4,False,False,False,False
a0,Bunduq2023,phase6,50,0,GRI 403: Occupational Health and Safety 2018,403-9,Occupational health and safety,partial,,False,16,False,False,False,False
a0,Bunduq2023,phase6,51,0,GRI 403: Occupational Health and Safety 2018,403-10,Occupational health and safety,no_evidence,,False,10,False,False,False,False
a0,Bunduq2023,phase6,52,0,GRI 204: Procurement Practices 2016,204-1,Sustainable Procurement,partial,,False,3,False,False,False,False
a0,Bunduq2023,phase6,53,0,GRI 414: Supplier Social Assessment 2016,414-1,Sustainable Procurement,no_evidence,,False,1,False,False,False,False
a0,Bunduq2023,phase6,54,0,GRI 414: Supplier Social Assessment 2016,414-2,Sustainable Procurement,no_evidence,,False,5,False,False,False,False
a0,Bunduq2023,phase6,55,0,GRI 203: Indirect Economic Impacts 2016,203-2,Community Development and Partnerships and Social Risk Management,partial,,False,2,False,False,False,False
a0,Bunduq2023,phase6,56,0,GRI 413: Local Communities 2016,413-1,Community Development and Partnerships and Social Risk Management,no_evidence,,False,8,False,False,False,False
a0,Bunduq2023,phase6,57,0,GRI 413: Local Communities 2016,413-2,Community Development and Partnerships and Social Risk Management,pass,,False,2,False,False,False,False
a0,Bunduq2023,phase6,58,0,GRI 405: Diversity and Equal Opportunity 2016,405-1,Employee Diversity and Inclusion,no_evidence,,False,6,False,False,False,False
a0,Bunduq2023,phase6,59,0,GRI 202: Market Presence 2016,202-2,Workforce Nationalization,no_evidence,,False,4,False,False,False,False
a0,Bunduq2023,phase6,60,0,GRI 404: Training and Education 2016,404-1,Talent Management and Development,no_evidence,,False,2,False,False,False,False
a0,Bunduq2023,phase6,61,0,GRI 404: Training and Education 2016,404-2,Talent Management and Development,partial,,False,2,False,False,False,False
a0,Bunduq2023,phase6,62,0,GRI 404: Training and Education 2016,404-3,Talent Management and Development,no_evidence,,False,1,False,False,False,False
a0,Bunduq2023,phase6,63,0,GRI 401: Employment 2016,401-1,Employment Practices and Employee Welfare,no_evidence,,False,2,False,False,False,False
a0,Bunduq2023,phase6,64,0,GRI 401: Employment 2016,401-2,Employment Practices and Employee Welfare,no_evidence,,False,8,False,False,False,False
a0,Bunduq2023,phase6,65,0,GRI 401: Employment 2016,401-3,Employment Practices and Employee Welfare,no_evidence,,False,5,False,False,False,False
a0,Bunduq2023,phase6,66,0,GRI 201: Economic Performance 2016,201-2,Economic performance,partial,,False,5,False,False,False,False
a0,Desfa2023,phase3,0,0,GRI 2,2-1,,partial,,False,4,False,False,False,False
a0,Desfa2023,phase3,1,0,GRI 2,2-2,,partial,,False,5,False,False,False,False
a0,Desfa2023,phase3,2,0,GRI 2,2-3,,partial,,False,4,False,False,False,False
a0,Desfa2023,phase3,3,0,GRI 2,2-4,,partial,,False,2,False,False,False,False
a0,Desfa2023,phase3,4,0,GRI 2,2-5,,partial,,False,4,False,False,False,False
a0,Desfa2023,phase3,5,0,GRI 2,2-6,,partial,,False,6,False,False,False,False
a0,Desfa2023,phase3,6,0,GRI 2,2-7,,partial,,False,10,False,False,False,False
a0,Desfa2023,phase3,7,0,GRI 2,2-8,,partial,,False,5,False,False,False,False
a0,Desfa2023,phase3,8,0,GRI 2,2-9,,fail,,False,10,False,False,False,False
a0,Desfa2023,phase3,9,0,GRI 2,2-10,,omitted,no page pack: omitted,False,0,True,False,True,True
a0,Desfa2023,phase3,10,0,GRI 2,2-11,,pass,,False,2,False,False,False,False
a0,Desfa2023,phase3,11,0,GRI 2,2-12,,partial,,False,4,False,False,False,False
a0,Desfa2023,phase3,12,0,GRI 2,2-13,,partial,,False,3,False,False,False,False
a0,Desfa2023,phase3,13,0,GRI 2,2-14,,no_evidence,,False,2,False,False,False,False
a0,Desfa2023,phase3,14,0,GRI 2,2-15,,no_evidence,,False,5,False,False,False,False
a0,Desfa2023,phase3,15,0,GRI 2,2-16,,partial,,False,2,False,False,False,False
a0,Desfa2023,phase3,16,0,GRI 2,2-17,,partial,,False,1,False,False,False,False
a0,Desfa2023,phase3,17,0,GRI 2,2-18,,omitted,no page pack: omitted,False,0,True,False,True,True
a0,Desfa2023,phase3,18,0,GRI 2,2-19,,partial,,False,6,False,False,False,False
a0,Desfa2023,phase3,19,0,GRI 2,2-20,,omitted,no page pack: omitted,False,0,True,False,True,True
a0,Desfa2023,phase3,20,0,GRI 2,2-21,,omitted,no page pack: omitted,False,0,True,False,True,True
a0,Desfa2023,phase3,21,0,GRI 2,2-22,,pass,,False,1,False,False,False,False
a0,Desfa2023,phase3,22,0,GRI 2,2-23,,partial,,False,10,False,False,False,False
a0,Desfa2023,phase3,23,0,GRI 2,2-24,,partial,,False,4,False,False,False,False
a0,Desfa2023,phase3,24,0,GRI 2,2-25,,partial,,False,5,False,False,False,False
a0,Desfa2023,phase3,25,0,GRI 2,2-26,,pass,,False,2,False,False,False,False
a0,Desfa2023,phase3,26,0,GRI 2,2-27,,partial,,False,6,False,False,False,False
a0,Desfa2023,phase3,27,0,GRI 2,2-28,,pass,,False,1,False,False,False,False
a0,Desfa2023,phase3,28,0,GRI 2,2-29,,pass,,False,3,False,False,False,False
a0,Desfa2023,phase3,29,0,GRI 2,2-30,,partial,,False,2,False,False,False,False
a0,Desfa2023,phase5,0,0,GRI 3,3-1,,partial,,False,3,False,False,False,False
a0,Desfa2023,phase5,1,0,GRI 3,3-2,,no_evidence,,False,2,False,False,False,False
a0,Desfa2023,phase5,2,0,GRI 3,3-3,Asset Integrity and critical incident management,partial,,False,11,False,False,False,False
a0,Desfa2023,phase5,3,0,GRI 3,3-3,Business conduct,partial,,False,11,False,False,False,False
a0,Desfa2023,phase5,4,0,GRI 3,3-3,Carbon Footprint,partial,,False,11,False,False,False,False
a0,Desfa2023,phase5,5,0,GRI 3,3-3,"Climate adaptation, resilience, and transition/Innovation",partial,,False,11,False,False,False,False
a0,Desfa2023,phase5,6,0,GRI 3,3-3,Economic impacts,partial,,False,11,False,False,False,False
a0,Desfa2023,phase5,7,0,GRI 3,3-3,Employment practices,partial,,False,11,False,False,False,False
a0,Desfa2023,phase5,8,0,GRI 3,3-3,Freedom of association and collective bargaining,no_evidence,,False,11,False,False,False,False
a0,Desfa2023,phase5,9,0,GRI 3,3-3,Land rights,partial,,False,11,False,False,False,False
a0,Desfa2023,phase5,10,0,GRI 3,3-3,Local communities,partial,,False,11,False,False,False,False
a0,Desfa2023,phase5,11,0,GRI 3,3-3,Occupational health and safety,partial,,False,11,False,False,False,False
a0,Desfa2023,phase5,12,0,GRI 3,3-3,Privacy,partial,,False,11,False,False,False,False
a0,Desfa2023,phase6,0,0,GRI 302: Energy 2016,302-2,Carbon Footprint,omitted,no page pack: omitted,False,0,True,False,True,True
a0,Desfa2023,phase6,1,0,GRI 414: Supplier Social Assessment 2016,414-1,Employment practices,omitted,no page pack: omitted,False,0,True,False,True,True
a0,Desfa2023,phase6,2,0,GRI 414: Supplier Social Assessment 2016,414-2,Employment practices,omitted,no page pack: omitted,False,0,True,False,True,True
a0,Desfa2023,phase6,3,0,GRI 407: Freedom of Association and Collective Bargaining 2016,407-1,Freedom of association and collective bargaining,omitted,no page pack: omitted,False,0,True,False,True,True
a0,Desfa2023,phase6,4,0,GRI 203: Indirect Economic Impacts 2016,203-2,Economic impacts,omitted,no page pack: omitted,False,0,True,False,True,True
a0,Desfa2023,phase6,5,0,GRI 205: Anti-corruption 2016,205-2,Business conduct,omitted,no page pack: omitted,False,0,True,False,True,True
a0,Desfa2023,phase6,6,0,GRI 203: Indirect Economic Impacts 2016,203-1,"Climate adaptation, resilience, and transition/Innovation",partial,,False,3,False,False,False,False
a0,Desfa2023,phase6,7,0,GRI 305: Emissions 2016,305-5,"Climate adaptation, resilience, and transition/Innovation",partial,,False,5,False,False,False,False
a0,Desfa2023,phase6,8,0,GRI 302: Energy 2016,302-1,Carbon Footprint,partial,,False,13,False,False,False,False
a0,Desfa2023,phase6,9,0,GRI 302: Energy 2016,302-3,Carbon Footprint,pass,,False,4,False,False,False,False
a0,Desfa2023,phase6,10,0,GRI 305: Emissions 2016,305-1,Carbon Footprint,partial,,False,9,False,False,False,False
a0,Desfa2023,phase6,11,0,GRI 305: Emissions 2016,305-2,Carbon Footprint,partial,,False,9,False,False,False,False
a0,Desfa2023,phase6,12,0,GRI 305: Emissions 2016,305-3,Carbon Footprint,partial,,False,9,False,False,False,False
a0,Desfa2023,phase6,13,0,GRI 305: Emissions 2016,305-4,Carbon Footprint,partial,,False,4,False,False,False,False
a0,Desfa2023,phase6,14,0,GRI 401: Employment 2016,401-1,Employment practices,no_evidence,,False,2,False,False,False,False
a0,Desfa2023,phase6,15,0,GRI 401: Employment 2016,401-2,Employment practices,no_evidence,,False,8,False,False,False,False
a0,Desfa2023,phase6,16,0,GRI 401: Employment 2016,401-3,Employment practices,no_evidence,,False,5,False,False,False,False
a0,Desfa2023,phase6,17,0,GRI 402: Labor / Management Relations 2016,402-1,Employment practices,partial,,False,2,False,False,False,False
a0,Desfa2023,phase6,18,0,GRI 404: Training & Education 2016,404-1,Employment practices,partial,,False,2,False,False,False,False
a0,Desfa2023,phase6,19,0,GRI 404: Training & Education 2016,404-2,Employment practices,partial,,False,2,False,False,False,False
a0,Desfa2023,phase6,20,0,GRI 403: Occupational Health & Safety 2018,403-1,Occupational health and safety,partial,,False,3,False,False,False,False
a0,Desfa2023,phase6,21,0,GRI 403: Occupational Health & Safety 2018,403-2,Occupational health and safety,partial,,False,5,False,False,False,False
a0,Desfa2023,phase6,22,0,GRI 403: Occupational Health & Safety 2018,403-3,Occupational health and safety,pass,,False,1,False,False,False,False
a0,Desfa2023,phase6,23,0,GRI 403: Occupational Health & Safety 2018,403-4,Occupational health and safety,partial,,False,2,False,False,False,False
a0,Desfa2023,phase6,24,0,GRI 403: Occupational Health & Safety 2018,403-5,Occupational health and safety,pass,,False,1,False,False,False,False
a0,Desfa2023,phase6,25,0,GRI 403: Occupational Health & Safety 2018,403-6,Occupational health and safety,pass,,False,2,False,False,False,False
a0,Desfa2023,phase6,26,0,GRI 403: Occupational Health & Safety 2018,403-7,Occupational health and safety,pass,,False,1,False,False,False,False
a0,Desfa2023,phase6,27,0,GRI 403: Occupational Health & Safety 2018,403-8,Occupational health and safety,partial,,False,4,False,False,False,False
a0,Desfa2023,phase6,28,0,GRI 403: Occupational Health & Safety 2018,403-9,Occupational health and safety,partial,,False,16,False,False,False,False
a0,Desfa2023,phase6,29,0,GRI 403: Occupational Health & Safety 2018,403-10,Occupational health and safety,partial,,False,10,False,False,False,False
a0,Desfa2023,phase6,30,0,GRI 306: Effluents and Waste 2016,306-3,Asset Integrity and critical incident management,partial,,False,7,False,False,False,False
a0,Desfa2023,phase6,31,0,GRI 413: Local Communities 2016,413-1,Local communities,partial,,False,8,False,False,False,False
a0,Desfa2023,phase6,32,0,GRI 413: Local Communities 2016,413-2,Local communities,partial,,False,2,False,False,False,False
a0,Desfa2023,phase6,33,0,GRI 201: Economic Performance 2016,201-1,Economic impacts,partial,,False,4,False,False,False,False
a0,Desfa2023,phase6,34,0,GRI 202: Market Presence 2016,202-2,Economic impacts,pass,,False,4,False,False,False,False
a0,Desfa2023,phase6,35,0,GRI 203: Indirect Economic Impacts 2016,203-1,Economic impacts,partial,,False,3,False,False,False,False
a0,Desfa2023,phase6,36,0,GRI 204: Procurement Practices 2016,204-1,Economic impacts,partial,,False,3,False,False,False,False
a0,Desfa2023,phase6,37,0,GRI 201: Anti-corruption 2016,201-4,Business conduct,partial,,False,10,False,False,False,False
a0,Desfa2023,phase6,38,0,GRI 205: Anti-corruption 2016,205-1,Business conduct,partial,,False,2,False,False,False,False
a0,Desfa2023,phase6,39,0,GRI 205: Anti-corruption 2016,205-3,Business conduct,pass,,False,4,False,False,False,False
a0,Desfa2023,phase6,40,0,GRI 206: Anti-competitive Behavior 2016,206-1,Business conduct,no_evidence,,False,2,False,False,False,False
a0,Desfa2023,phase6,41,0,GRI 415: Public Policy 2016,415-1,Business conduct,no_evidence,,False,2,False,False,False,False
a0,Desfa2023,phase6,42,0,GRI 418: Customer Privacy 2016,418-1,Privacy,partial,,False,4,False,False,False,False
a0,Energean2023,phase3,0,0,GRI 2,2-1,,external_verification,no page pack: external_document_reference,False,0,False,True,True,True
a0,Energean2023,phase3,1,0,GRI 2,2-2,,external_verification,no page pack: external_document_reference,False,0,False,True,True,True
a0,Energean2023,phase3,2,0,GRI 2,2-3,,external_verification,no page pack: external_document_reference,False,0,False,True,True,True
a0,Energean2023,phase3,3,0,GRI 2,2-4,,external_verification,no page pack: external_document_reference,False,0,False,True,True,True
a0,Energean2023,phase3,4,0,GRI 2,2-5,,external_verification,no page pack: external_document_reference,False,0,False,True,True,True
a0,Energean2023,phase3,5,0,GRI 2,2-6,,external_verification,no page pack: external_document_reference,False,0,False,True,True,True
a0,Energean2023,phase3,6,0,GRI 2,2-7,,external_verification,no page pack: external_document_reference,False,0,False,True,True,True
a0,Energean2023,phase3,7,0,GRI 2,2-8,,external_verification,no page pack: external_document_reference,False,0,False,True,True,True
a0,Energean2023,phase3,8,0,GRI 2,2-9,,external_verification,no page pack: external_document_reference,False,0,False,True,True,True
a0,Energean2023,phase3,9,0,GRI 2,2-10,,external_verification,no page pack: external_document_reference,False,0,False,True,True,True
a0,Energean2023,phase3,10,0,GRI 2,2-11,,external_verification,no page pack: external_document_reference,False,0,False,True,True,True
a0,Energean2023,phase3,11,0,GRI 2,2-12,,external_verification,no page pack: external_document_reference,False,0,False,True,True,True
a0,Energean2023,phase3,12,0,GRI 2,2-13,,external_verification,no page pack: external_document_reference,False,0,False,True,True,True
a0,Energean2023,phase3,13,0,GRI 2,2-14,,external_verification,no page pack: external_document_reference,False,0,False,True,True,True
a0,Energean2023,phase3,14,0,GRI 2,2-15,,no_evidence,,False,5,False,False,False,False
a0,Energean2023,phase3,15,0,GRI 2,2-16,,external_verification,no page pack: external_document_reference,False,0,False,True,True,True
a0,Energean2023,phase3,16,0,GRI 2,2-17,,external_verification,no page pack: external_document_reference,False,0,False,True,True,True
a0,Energean2023,phase3,17,0,GRI 2,2-18,,external_verification,no page pack: external_document_reference,False,0,False,True,True,True
a0,Energean2023,phase3,18,0,GRI 2,2-19,,external_verification,no page pack: external_document_reference,False,0,False,True,True,True
a0,Energean2023,phase3,19,0,GRI 2,2-20,,external_verification,no page pack: external_document_reference,False,0,False,True,True,True
a0,Energean2023,phase3,20,0,GRI 2,2-21,,external_verification,no page pack: external_document_reference,False,0,False,True,True,True
a0,Energean2023,phase3,21,0,GRI 2,2-22,,external_verification,no page pack: external_document_reference,False,0,False,True,True,True
a0,Energean2023,phase3,22,0,GRI 2,2-23,,external_verification,no page pack: external_document_reference,False,0,False,True,True,True
a0,Energean2023,phase3,23,0,GRI 2,2-24,,external_verification,no page pack: external_document_reference,False,0,False,True,True,True
a0,Energean2023,phase3,24,0,GRI 2,2-25,,external_verification,no page pack: external_document_reference,False,0,False,True,True,True
a0,Energean2023,phase3,25,0,GRI 2,2-26,,external_verification,no page pack: external_document_reference,False,0,False,True,True,True
a0,Energean2023,phase3,26,0,GRI 2,2-27,,external_verification,no page pack: external_document_reference,False,0,False,True,True,True
a0,Energean2023,phase3,27,0,GRI 2,2-28,,external_verification,no page pack: external_document_reference,False,0,False,True,True,True
a0,Energean2023,phase3,28,0,GRI 2,2-29,,external_verification,no page pack: external_document_reference,False,0,False,True,True,True
a0,Energean2023,phase3,29,0,GRI 2,2-30,,external_verification,no page pack: external_document_reference,False,0,False,True,True,True
a0,Energean2023,phase5,0,0,GRI 3,3-1,,external_verification,no page pack: external_document_reference,False,0,False,True,True,True
a0,Energean2023,phase5,1,0,GRI 3,3-2,,external_verification,no page pack: external_document_reference,False,0,False,True,True,True
a0,Energean2023,phase5,2,0,GRI 3,3-3,Building and maintaining community relations,fail,no page pack: missing_disclosure,False,0,False,False,True,True
a0,Energean2023,phase5,3,0,GRI 3,3-3,Ensuring data security,external_verification,no page pack: external_document_reference,False,0,False,True,True,True
a0,Energean2023,phase5,4,0,GRI 3,3-3,Ensuring emergency preparedness,external_verification,no page pack: external_document_reference,False,0,False,True,True,True
a0,Energean2023,phase5,5,0,GRI 3,3-3,Ensuring regulatory compliance,external_verification,no page pack: external_document_reference,False,0,False,True,True,True
a0,Energean2023,phase5,6,0,GRI 3,3-3,Focusing on employment practices,external_verification,no page pack: external_document_reference,False,0,False,True,True,True
a0,Energean2023,phase5,7,0,GRI 3,3-3,Fostering diversity and inclusion,fail,no page pack: missing_disclosure,False,0,False,False,True,True
a0,Energean2023,phase5,8,0,GRI 3,3-3,Generating economic value,external_verification,no page pack: external_document_reference,False,0,False,True,True,True
a0,Energean2023,phase5,9,0,GRI 3,3-3,Growing the share of natural gas in our product portfolio,external_verification,no page pack: external_document_reference,False,0,False,True,True,True
a0,Energean2023,phase5,10,0,GRI 3,3-3,Increasing the implementation of water efficiency innovations,fail,no page pack: missing_disclosure,False,0,False,False,True,True
a0,Energean2023,phase5,11,0,GRI 3,3-3,Minimising waste and increasing the implementation of circular economy practices,fail,no page pack: missing_disclosure,False,0,False,False,True,True
a0,Energean2023,phase5,12,0,GRI 3,3-3,Protecting and preserving biodiversity,external_verification,no page pack: external_document_reference,False,0,False,True,True,True
a0,Energean2023,phase5,13,0,GRI 3,3-3,Reducing (non-renewable) energy consumption,fail,no page pack: missing_disclosure,False,0,False,False,True,True
a0,Energean2023,phase5,14,0,GRI 3,3-3,Reducing greenhouse gases and air emissions,external_verification,no page pack: external_document_reference,False,0,False,True,True,True
a0,Energean2023,phase5,15,0,GRI 3,3-3,Safeguarding business ethics and transparent relationships,external_verification,no page pack: external_document_reference,False,0,False,True,True,True
a0,Energean2023,phase5,16,0,GRI 3,3-3,Safeguarding health and safety,external_verification,no page pack: external_document_reference,False,0,False,True,True,True
a0,Energean2023,phase5,17,0,GRI 3,3-3,Safeguarding human rights at work,external_verification,no page pack: external_document_reference,False,0,False,True,True,True
a0,Energean2023,phase6,0,0,GRI 305: Emissions 2016,305-1,Reducing greenhouse gases and air emissions,external_verification,no page pack: external_document_reference,False,0,False,True,True,True
a0,Energean2023,phase6,1,0,GRI 305: Emissions 2016,305-2,Reducing greenhouse gases and air emissions,external_verification,no page pack: external_document_reference,False,0,False,True,True,True
a0,Energean2023,phase6,2,0,GRI 305: Emissions 2016,305-3,Reducing greenhouse gases and air emissions,external_verification,no page pack: external_document_reference,False,0,False,True,True,True
a0,Energean2023,phase6,3,0,GRI 305: Emissions 2016,305-4,Reducing greenhouse gases and air emissions,external_verification,no page pack: external_document_reference,False,0,False,True,True,True
a0,Energean2023,phase6,4,0,GRI 305: Emissions 2016,305-5,Reducing greenhouse gases and air emissions,external_verification,no page pack: external_document_reference,False,0,False,True,True,True
a0,Energean2023,phase6,5,0,GRI 305: Emissions 2016,305-6,Reducing greenhouse gases and air emissions,omitted,no page pack: omitted,False,0,True,False,True,True
a0,Energean2023,phase6,6,0,GRI 305: Emissions 2016,305-7,Reducing greenhouse gases and air emissions,external_verification,no page pack: external_document_reference,False,0,False,True,True,True
a0,Energean2023,phase6,7,0,Internal KPI,,Growing the share of natural gas in our product portfolio,fail,GCI row has missing/blank disclosure_id — cannot judge,False,0,False,False,False,True
a0,Energean2023,phase6,8,0,GRI 304: Biodiversity 2016,304-1,Protecting and preserving biodiversity,external_verification,no page pack: external_document_reference,False,0,False,True,True,True
a0,Energean2023,phase6,9,0,GRI 304: Biodiversity 2016,304-2,Protecting and preserving biodiversity,external_verification,no page pack: external_document_reference,False,0,False,True,True,True
a0,Energean2023,phase6,10,0,GRI 304: Biodiversity 2016,304-3,Protecting and preserving biodiversity,external_verification,no page pack: external_document_reference,False,0,False,True,True,True
a0,Energean2023,phase6,11,0,GRI 304: Biodiversity 2016,304-4,Protecting and preserving biodiversity,external_verification,no page pack: external_document_reference,False,0,False,True,True,True
a0,Energean2023,phase6,12,0,GRI 403: Occupational Health and Safety 2018,403-1,Safeguarding health and safety,external_verification,no page pack: external_document_reference,False,0,False,True,True,True
a0,Energean2023,phase6,13,0,GRI 403: Occupational Health and Safety 2018,403-2,Safeguarding health and safety,external_verification,no page pack: external_document_reference,False,0,False,True,True,True
a0,Energean2023,phase6,14,0,GRI 403: Occupational Health and Safety 2018,403-3,Safeguarding health and safety,external_verification,no page pack: external_document_reference,False,0,False,True,True,True
a0,Energean2023,phase6,15,0,GRI 403: Occupational Health and Safety 2018,403-4,Safeguarding health and safety,external_verification,no page pack: external_document_reference,False,0,False,True,True,True
a0,Energean2023,phase6,16,0,GRI 403: Occupational Health and Safety 2018,403-5,Safeguarding health and safety,external_verification,no page pack: external_document_reference,False,0,False,True,True,True
a0,Energean2023,phase6,17,0,GRI 403: Occupational Health and Safety 2018,403-6,Safeguarding health and safety,external_verification,no page pack: external_document_reference,False,0,False,True,True,True
a0,Energean2023,phase6,18,0,GRI 403: Occupational Health and Safety 2018,403-7,Safeguarding health and safety,external_verification,no page pack: external_document_reference,False,0,False,True,True,True
a0,Energean2023,phase6,19,0,GRI 403: Occupational Health and Safety 2018,403-8,Safeguarding health and safety,external_verification,no page pack: external_document_reference,False,0,False,True,True,True
a0,Energean2023,phase6,20,0,GRI 403: Occupational Health and Safety 2018,403-9,Safeguarding health and safety,external_verification,no page pack: external_document_reference,False,0,False,True,True,True
a0,Energean2023,phase6,21,0,GRI 403: Occupational Health and Safety 2018,403-10,Safeguarding health and safety,external_verification,no page pack: external_document_reference,False,0,False,True,True,True
a0,Energean2023,phase6,22,0,GRI 416: Customer Health and Safety 2016,416-1,Safeguarding health and safety,external_verification,no page pack: external_document_reference,False,0,False,True,True,True
a0,Energean2023,phase6,23,0,GRI 11: Oil and Gas Sector 2021,,Ensuring emergency preparedness,fail,GCI row has missing/blank disclosure_id — cannot judge,False,0,False,False,False,True
a0,Energean2023,phase6,24,0,GRI 406: Non-discrimination 2016,406-1,Safeguarding human rights at work,external_verification,no page pack: external_document_reference,False,0,False,True,True,True
a0,Energean2023,phase6,25,0,GRI 407: Freedom of Association and Collective Bargaining 2016,407-1,Safeguarding human rights at work,external_verification,no page pack: external_document_reference,False,0,False,True,True,True
a0,Energean2023,phase6,26,0,GRI 408: Child Labour 2016,408-1,Safeguarding human rights at work,external_verification,no page pack: external_document_reference,False,0,False,True,True,True
a0,Energean2023,phase6,27,0,GRI 409: Forced or Compulsory Labour 2016,409-1,Safeguarding human rights at work,external_verification,no page pack: external_document_reference,False,0,False,True,True,True
a0,Energean2023,phase6,28,0,GRI 411: Rights of Indigenous Peoples 2016,411-1,Safeguarding human rights at work,external_verification,no page pack: external_document_reference,False,0,False,True,True,True
a0,Energean2023,phase6,29,0,GRI 202: Market Presence 2016,202-1,Focusing on employment practices,external_verification,no page pack: external_document_reference,False,0,False,True,True,True
a0,Energean2023,phase6,30,0,GRI 202: Market Presence 2016,202-2,Focusing on employment practices,external_verification,no page pack: external_document_reference,False,0,False,True,True,True
a0,Energean2023,phase6,31,0,GRI 401: Employment 2016,401-1,Focusing on employment practices,external_verification,no page pack: external_document_reference,False,0,False,True,True,True
a0,Energean2023,phase6,32,0,GRI 401: Employment 2016,401-2,Focusing on employment practices,external_verification,no page pack: external_document_reference,False,0,False,True,True,True
a0,Energean2023,phase6,33,0,GRI 401: Employment 2016,401-3,Focusing on employment practices,external_verification,no page pack: external_document_reference,False,0,False,True,True,True
a0,Energean2023,phase6,34,0,GRI 402: Labour/Management Relations 2016,402-1,Focusing on employment practices,external_verification,no page pack: external_document_reference,False,0,False,True,True,True
a0,Energean2023,phase6,35,0,GRI 404: Training and Education 2016,404-1,Focusing on employment practices,external_verification,no page pack: external_document_reference,False,0,False,True,True,True
a0,Energean2023,phase6,36,0,GRI 404: Training and Education 2016,404-2,Focusing on employment practices,external_verification,no page pack: external_document_reference,False,0,False,True,True,True
a0,Energean2023,phase6,37,0,GRI 404: Training and Education 2016,404-3,Focusing on employment practices,external_verification,no page pack: external_document_reference,False,0,False,True,True,True
a0,Energean2023,phase6,38,0,GRI 410: Security Practices 2016,410-1,Focusing on employment practices,omitted,no page pack: omitted,False,0,True,False,True,True
a0,Energean2023,phase6,39,0,GRI 414: Supplier Social Assessment 2016,414-1,Focusing on employment practices,external_verification,no page pack: external_document_reference,False,0,False,True,True,True
a0,Energean2023,phase6,40,0,GRI 414: Supplier Social Assessment 2016,414-2,Focusing on employment practices,omitted,no page pack: omitted,False,0,True,False,True,True
a0,Energean2023,phase6,41,0,GRI 201: Economic Performance 2016,201-1,Generating economic value,external_verification,no page pack: external_document_reference,False,0,False,True,True,True
a0,Energean2023,phase6,42,0,GRI 201: Economic Performance 2016,201-2,Generating economic value,external_verification,no page pack: external_document_reference,False,0,False,True,True,True
a0,Energean2023,phase6,43,0,GRI 201: Economic Performance 2016,201-3,Generating economic value,external_verification,no page pack: external_document_reference,False,0,False,True,True,True
a0,Energean2023,phase6,44,0,GRI 201: Economic Performance 2016,201-4,Generating economic value,external_verification,no page pack: external_document_reference,False,0,False,True,True,True
a0,Energean2023,phase6,45,0,GRI 203: Indirect Economic Impacts 2016,203-1,Generating economic value,omitted,no page pack: omitted,False,0,True,False,True,True
a0,Energean2023,phase6,46,0,GRI 203: Indirect Economic Impacts 2016,203-2,Generating economic value,omitted,no page pack: omitted,False,0,True,False,True,True
a0,Energean2023,phase6,47,0,GRI 204: Procurement Practices 2016,204-1,Generating economic value,external_verification,no page pack: external_document_reference,False,0,False,True,True,True
a0,Energean2023,phase6,48,0,GRI 207: Tax 2019,207-1,Generating economic value,external_verification,no page pack: external_document_reference,False,0,False,True,True,True
a0,Energean2023,phase6,49,0,GRI 207: Tax 2019,207-2,Generating economic value,external_verification,no page pack: external_document_reference,False,0,False,True,True,True
a0,Energean2023,phase6,50,0,GRI 207: Tax 2019,207-3,Generating economic value,external_verification,no page pack: external_document_reference,False,0,False,True,True,True
a0,Energean2023,phase6,51,0,GRI 207: Tax 2019,207-4,Generating economic value,external_verification,no page pack: external_document_reference,False,0,False,True,True,True
a0,Energean2023,phase6,52,0,GRI 205: Anti-corruption 2016,205-1,Safeguarding business ethics and transparent relationships,external_verification,no page pack: external_document_reference,False,0,False,True,True,True
a0,Energean2023,phase6,53,0,GRI 205: Anti-corruption 2016,205-2,Safeguarding business ethics and transparent relationships,external_verification,no page pack: external_document_reference,False,0,False,True,True,True
a0,Energean2023,phase6,54,0,GRI 205: Anti-corruption 2016,205-3,Safeguarding business ethics and transparent relationships,external_verification,no page pack: external_document_reference,False,0,False,True,True,True
a0,Energean2023,phase6,55,0,GRI 415: Public Policy 2016,415-1,Safeguarding business ethics and transparent relationships,external_verification,no page pack: external_document_reference,False,0,False,True,True,True
a0,Energean2023,phase6,56,0,GRI 206: Anti-competitive Behavior 2016,206-1,Ensuring regulatory compliance,external_verification,no page pack: external_document_reference,False,0,False,True,True,True
a0,Energean2023,phase6,57,0,GRI 418: Customer Privacy 2016,418-1,Ensuring data security,external_verification,no page pack: external_document_reference,False,0,False,True,True,True
a0,Energean2023,phase6,58,0,GRI 302: Energy 2016,302-1,Reducing (non-renewable) energy consumption,external_verification,no page pack: external_document_reference,False,0,False,True,True,True
a0,Energean2023,phase6,59,0,GRI 302: Energy 2016,302-2,Reducing (non-renewable) energy consumption,omitted,no page pack: omitted,False,0,True,False,True,True
a0,Energean2023,phase6,60,0,GRI 302: Energy 2016,302-3,Reducing (non-renewable) energy consumption,external_verification,no page pack: external_document_reference,False,0,False,True,True,True
a0,Energean2023,phase6,61,0,GRI 302: Energy 2016,302-4,Reducing (non-renewable) energy consumption,external_verification,no page pack: external_document_reference,False,0,False,True,True,True
a0,Energean2023,phase6,62,0,GRI 303: Water and Effluents 2018,303-1,Increasing the implementation of water efficiency innovations,external_verification,no page pack: external_document_reference,False,0,False,True,True,True
a0,Energean2023,phase6,63,0,GRI 303: Water and Effluents 2018,303-2,Increasing the implementation of water efficiency innovations,external_verification,no page pack: external_document_reference,False,0,False,True,True,True
a0,Energean2023,phase6,64,0,GRI 303: Water and Effluents 2018,303-3,Increasing the implementation of water efficiency innovations,external_verification,no page pack: external_document_reference,False,0,False,True,True,True
a0,Energean2023,phase6,65,0,GRI 303: Water and Effluents 2018,303-4,Increasing the implementation of water efficiency innovations,external_verification,no page pack: external_document_reference,False,0,False,True,True,True
a0,Energean2023,phase6,66,0,GRI 303: Water and Effluents 2018,303-5,Increasing the implementation of water efficiency innovations,external_verification,no page pack: external_document_reference,False,0,False,True,True,True
a0,Energean2023,phase6,67,0,GRI 306: Waste 2020,306-1,Minimising waste and increasing the implementation of circular economy practices,external_verification,no page pack: external_document_reference,False,0,False,True,True,True
a0,Energean2023,phase6,68,0,GRI 306: Waste 2020,306-2,Minimising waste and increasing the implementation of circular economy practices,external_verification,no page pack: external_document_reference,False,0,False,True,True,True
a0,Energean2023,phase6,69,0,GRI 306: Waste 2020,306-3,Minimising waste and increasing the implementation of circular economy practices,external_verification,no page pack: external_document_reference,False,0,False,True,True,True
a0,Energean2023,phase6,70,0,GRI 306: Waste 2020,306-4,Minimising waste and increasing the implementation of circular economy practices,external_verification,no page pack: external_document_reference,False,0,False,True,True,True
a0,Energean2023,phase6,71,0,GRI 306: Waste 2020,306-5,Minimising waste and increasing the implementation of circular economy practices,external_verification,no page pack: external_document_reference,False,0,False,True,True,True
a0,Energean2023,phase6,72,0,GRI 405: Diversity and Equal Opportunity 2016,405-1,Fostering diversity and inclusion,external_verification,no page pack: external_document_reference,False,0,False,True,True,True
a0,Energean2023,phase6,73,0,GRI 405: Diversity and Equal Opportunity 2016,405-2,Fostering diversity and inclusion,external_verification,no page pack: external_document_reference,False,0,False,True,True,True
a0,Energean2023,phase6,74,0,GRI 413: Local Communities 2016,413-1,Building and maintaining community relations,external_verification,no page pack: external_document_reference,False,0,False,True,True,True
a0,Energean2023,phase6,75,0,GRI 413: Local Communities 2016,413-2,Building and maintaining community relations,omitted,no page pack: omitted,False,0,True,False,True,True
a0,Energean2023,phase6,76,0,GRI 11: Oil and Gas Sector 2021,,Building and maintaining community relations,fail,GCI row has missing/blank disclosure_id — cannot judge,False,0,False,False,False,True
a0,Energean2024,phase3,0,0,GRI 2,2-1,,pass,,False,4,False,False,False,False
a0,Energean2024,phase3,1,0,GRI 2,2-2,,external_verification,no page pack: external_document_reference,False,0,False,True,True,True
a0,Energean2024,phase3,2,0,GRI 2,2-3,,partial,,False,4,False,False,False,False
a0,Energean2024,phase3,3,0,GRI 2,2-4,,no_evidence,,False,2,False,False,False,False
a0,Energean2024,phase3,4,0,GRI 2,2-5,,partial,,False,4,False,False,False,False
a0,Energean2024,phase3,5,0,GRI 2,2-6,,no_evidence,,False,6,False,False,False,False
a0,Energean2024,phase3,6,0,GRI 2,2-7,,partial,,False,10,False,False,False,False
a0,Energean2024,phase3,7,0,GRI 2,2-8,,pass,,False,5,False,False,False,False
a0,Energean2024,phase3,8,0,GRI 2,2-9,,external_verification,no page pack: external_document_reference,False,0,False,True,True,True
a0,Energean2024,phase3,9,0,GRI 2,2-10,,external_verification,no page pack: external_document_reference,False,0,False,True,True,True
a0,Energean2024,phase3,10,0,GRI 2,2-11,,no_evidence,,False,2,False,False,False,False
a0,Energean2024,phase3,11,0,GRI 2,2-12,,external_verification,no page pack: external_document_reference,False,0,False,True,True,True
a0,Energean2024,phase3,12,0,GRI 2,2-13,,partial,,False,3,False,False,False,False
a0,Energean2024,phase3,13,0,GRI 2,2-14,,no_evidence,,False,2,False,False,False,False
a0,Energean2024,phase3,14,0,GRI 2,2-15,,partial,,False,5,False,False,False,False
a0,Energean2024,phase3,15,0,GRI 2,2-16,,no_evidence,,False,2,False,False,False,False
a0,Energean2024,phase3,16,0,GRI 2,2-17,,no_evidence,,False,1,False,False,False,False
a0,Energean2024,phase3,17,0,GRI 2,2-18,,partial,,False,3,False,False,False,False
a0,Energean2024,phase3,18,0,GRI 2,2-19,,partial,,False,6,False,False,False,False
a0,Energean2024,phase3,19,0,GRI 2,2-20,,partial,,False,4,False,False,False,False
a0,Energean2024,phase3,20,0,GRI 2,2-21,,pass,,False,3,False,False,False,False
a0,Energean2024,phase3,21,0,GRI 2,2-22,,pass,,False,1,False,False,False,False
a0,Energean2024,phase3,22,0,GRI 2,2-23,,partial,,False,10,False,False,False,False
a0,Energean2024,phase3,23,0,GRI 2,2-24,,partial,,False,4,False,False,False,False
a0,Energean2024,phase3,24,0,GRI 2,2-25,,partial,,False,5,False,False,False,False
a0,Energean2024,phase3,25,0,GRI 2,2-26,,partial,,False,2,False,False,False,False
a0,Energean2024,phase3,26,0,GRI 2,2-27,,partial,,False,6,False,False,False,False
a0,Energean2024,phase3,27,0,GRI 2,2-28,,pass,,False,1,False,False,False,False
a0,Energean2024,phase3,28,0,GRI 2,2-29,,pass,,False,3,False,False,False,False
a0,Energean2024,phase3,29,0,GRI 2,2-30,,pass,,False,2,False,False,False,False
a0,Energean2024,phase5,0,0,GRI 3,3-1,,pass,,False,3,False,False,False,False
a0,Energean2024,phase5,1,0,GRI 3,3-2,,partial,,False,2,False,False,False,False
a0,Energean2024,phase5,2,0,GRI 3,3-3,Affected communities,partial,,False,11,False,False,False,False
a0,Energean2024,phase5,3,0,GRI 3,3-3,Business conduct,partial,,False,11,False,False,False,False
a0,Energean2024,phase5,4,0,GRI 3,3-3,Circular economy,partial,,False,11,False,False,False,False
a0,Energean2024,phase5,5,0,GRI 3,3-3,Climate Change,partial,,False,11,False,False,False,False
a0,Energean2024,phase5,6,0,GRI 3,3-3,Ensuring data security,fail,no page pack: missing_disclosure,False,0,False,False,True,True
a0,Energean2024,phase5,7,0,GRI 3,3-3,Generating economic value,fail,no page pack: missing_disclosure,False,0,False,False,True,True
a0,Energean2024,phase5,8,0,GRI 3,3-3,Growing the share of natural gas in the product portfolio,fail,no page pack: missing_disclosure,False,0,False,False,True,True
a0,Energean2024,phase5,9,0,GRI 3,3-3,Own workforce,partial,,False,11,False,False,False,False
a0,Energean2024,phase5,10,0,GRI 3,3-3,Pollution,partial,,False,11,False,False,False,False
a0,Energean2024,phase5,11,0,GRI 3,3-3,Reducing (non-renewable) energy consumption,fail,no page pack: missing_disclosure,False,0,False,False,True,True
a0,Energean2024,phase5,12,0,GRI 3,3-3,Water and marine resources,partial,,False,11,False,False,False,False
a0,Energean2024,phase6,0,0,GRI 305: Emissions 2016,305-6,Climate Change,omitted,no page pack: omitted,False,0,True,False,True,True
a0,Energean2024,phase6,1,0,GRI 410: Security Practices 2016,410-1,Own workforce,omitted,no page pack: omitted,False,0,True,False,True,True
a0,Energean2024,phase6,2,0,GRI 11: Oil and Gas Sector,,Own workforce,fail,GCI row has missing/blank disclosure_id — cannot judge,False,0,False,False,False,True
a0,Energean2024,phase6,3,0,GRI 413: Local Communities 2016,413-2,Affected communities,omitted,no page pack: omitted,False,0,True,False,True,True
a0,Energean2024,phase6,4,0,GRI 11: Oil and Gas Sector,,Affected communities,fail,GCI row has missing/blank disclosure_id — cannot judge,False,0,False,False,False,True
a0,Energean2024,phase6,5,0,GRI 414: Supplier Social Assessment 2016,414-2,Business conduct,omitted,no page pack: omitted,False,0,True,False,True,True
a0,Energean2024,phase6,6,0,Internal KPI,,Growing the share of natural gas in the product portfolio,fail,GCI row has missing/blank disclosure_id — cannot judge,False,0,False,False,False,True
a0,Energean2024,phase6,7,0,GRI 201: Economic Performance 2016,201-2,Generating economic value,external_verification,no page pack: external_document_reference,False,0,False,True,True,True
a0,Energean2024,phase6,8,0,GRI 203: Indirect Economic Impacts 2016,203-1,Generating economic value,omitted,no page pack: omitted,False,0,True,False,True,True
a0,Energean2024,phase6,9,0,GRI 203: Indirect Economic Impacts 2016,203-2,Generating economic value,omitted,no page pack: omitted,False,0,True,False,True,True
a0,Energean2024,phase6,10,0,GRI 207: Tax 2019,207-1,Generating economic value,external_verification,no page pack: external_document_reference,False,0,False,True,True,True
a0,Energean2024,phase6,11,0,GRI 207: Tax 2019,207-2,Generating economic value,external_verification,no page pack: external_document_reference,False,0,False,True,True,True
a0,Energean2024,phase6,12,0,GRI 207: Tax 2019,207-3,Generating economic value,external_verification,no page pack: external_document_reference,False,0,False,True,True,True
a0,Energean2024,phase6,13,0,GRI 207: Tax 2019,207-4,Generating economic value,external_verification,no page pack: external_document_reference,False,0,False,True,True,True
a0,Energean2024,phase6,14,0,GRI 302: Energy 2016,302-2,Reducing (non-renewable) energy consumption,omitted,no page pack: omitted,False,0,True,False,True,True
a0,Energean2024,phase6,15,0,GRI 304: Biodiversity 2016,304-1,Climate Change,partial,,False,7,False,False,False,False
a0,Energean2024,phase6,16,0,GRI 305: Emissions 2016,305-1,Climate Change,partial,,False,9,False,False,False,False
a0,Energean2024,phase6,17,0,GRI 305: Emissions 2016,305-2,Climate Change,partial,,False,9,False,False,False,False
a0,Energean2024,phase6,18,0,GRI 305: Emissions 2016,305-3,Climate Change,partial,,False,9,False,False,False,False
a0,Energean2024,phase6,19,0,GRI 305: Emissions 2016,305-4,Climate Change,partial,,False,4,False,False,False,False
a0,Energean2024,phase6,20,0,GRI 305: Emissions 2016,305-5,Climate Change,partial,,False,5,False,False,False,False
a0,Energean2024,phase6,21,0,GRI 304: Biodiversity 2016,304-2,Climate Change,partial,,False,10,False,False,False,False
a0,Energean2024,phase6,22,0,GRI 304: Biodiversity 2016,304-3,Climate Change,no_evidence,,False,4,False,False,False,False
a0,Energean2024,phase6,23,0,GRI 304: Biodiversity 2016,304-4,Climate Change,pass,,False,5,False,False,False,False
a0,Energean2024,phase6,24,0,GRI 305: Emissions 2016,305-7,Pollution,no_evidence,,False,7,False,False,False,False
a0,Energean2024,phase6,25,0,GRI 303: Water and Effluents 2018,303-1,Water and marine resources,partial,,False,4,False,False,False,False
a0,Energean2024,phase6,26,0,GRI 303: Water and Effluents 2018,303-2,Water and marine resources,partial,,False,4,False,False,False,False
a0,Energean2024,phase6,27,0,GRI 303: Water and Effluents 2018,303-3,Water and marine resources,fail,,False,13,False,False,False,False
a0,Energean2024,phase6,28,0,GRI 303: Water and Effluents 2018,303-4,Water and marine resources,partial,,False,12,False,False,False,False
a0,Energean2024,phase6,29,0,GRI 303: Water and Effluents 2018,303-5,Water and marine resources,fail,,False,4,False,False,False,False
a0,Energean2024,phase6,30,0,GRI 306: Waste 2020,306-1,Circular economy,no_evidence,,False,6,False,False,False,False
a0,Energean2024,phase6,31,0,GRI 306: Waste 2020,306-2,Circular economy,partial,,False,24,False,False,False,False
a0,Energean2024,phase6,32,0,GRI 306: Waste 2020,306-3,Circular economy,no_evidence,,False,7,False,False,False,False
a0,Energean2024,phase6,33,0,GRI 306: Waste 2020,306-4,Circular economy,partial,,False,16,False,False,False,False
a0,Energean2024,phase6,34,0,GRI 306: Waste 2020,306-5,Circular economy,partial,,False,15,False,False,False,False
a0,Energean2024,phase6,35,0,GRI 202: Market Presence 2016,202-1,Own workforce,no_evidence,,False,4,False,False,False,False
a0,Energean2024,phase6,36,0,GRI 401: Employment 2016,401-1,Own workforce,no_evidence,,False,2,False,False,False,False
a0,Energean2024,phase6,37,0,GRI 401: Employment 2016,401-2,Own workforce,no_evidence,,False,8,False,False,False,False
a0,Energean2024,phase6,38,0,GRI 401: Employment 2016,401-3,Own workforce,no_evidence,,False,5,False,False,False,False
a0,Energean2024,phase6,39,0,GRI 402: Labour/Management Relations 2016,402-1,Own workforce,partial,,False,2,False,False,False,False
a0,Energean2024,phase6,40,0,GRI 403: Occupational Health and Safety 2018,403-1,Own workforce,partial,,False,3,False,False,False,False
a0,Energean2024,phase6,41,0,GRI 403: Occupational Health and Safety 2018,403-2,Own workforce,partial,,False,5,False,False,False,False
a0,Energean2024,phase6,42,0,GRI 403: Occupational Health and Safety 2018,403-3,Own workforce,pass,,False,1,False,False,False,False
a0,Energean2024,phase6,43,0,GRI 403: Occupational Health and Safety 2018,403-4,Own workforce,partial,,False,2,False,False,False,False
a0,Energean2024,phase6,44,0,GRI 403: Occupational Health and Safety 2018,403-5,Own workforce,pass,,False,1,False,False,False,False
a0,Energean2024,phase6,45,0,GRI 403: Occupational Health and Safety 2018,403-6,Own workforce,partial,,False,2,False,False,False,False
a0,Energean2024,phase6,46,0,GRI 403: Occupational Health and Safety 2018,403-7,Own workforce,pass,,False,1,False,False,False,False
a0,Energean2024,phase6,47,0,GRI 403: Occupational Health and Safety 2018,403-8,Own workforce,no_evidence,,False,4,False,False,False,False
a0,Energean2024,phase6,48,0,GRI 403: Occupational Health and Safety 2018,403-9,Own workforce,partial,,False,16,False,False,False,False
a0,Energean2024,phase6,49,0,GRI 403: Occupational Health and Safety 2018,403-10,Own workforce,partial,,False,10,False,False,False,False
a0,Energean2024,phase6,50,0,GRI 404: Training and Education 2016,404-1,Own workforce,no_evidence,,False,2,False,False,False,False
a0,Energean2024,phase6,51,0,GRI 404: Training and Education 2016,404-2,Own workforce,partial,,False,2,False,False,False,False
a0,Energean2024,phase6,52,0,GRI 404: Training and Education 2016,404-3,Own workforce,no_evidence,,False,1,False,False,False,False
a0,Energean2024,phase6,53,0,GRI 405: Diversity and Equal Opportunity 2016,405-1,Own workforce,no_evidence,,False,6,False,False,False,False
a0,Energean2024,phase6,54,0,GRI 405: Diversity and Equal Opportunity 2016,405-2,Own workforce,no_evidence,,False,2,False,False,False,False
a0,Energean2024,phase6,55,0,GRI 406: Non-discrimination 2016,406-1,Own workforce,no_evidence,,False,5,False,False,False,False
a0,Energean2024,phase6,56,0,GRI 407: Freedom of Association and Collective Bargaining 2016,407-1,Own workforce,no_evidence,,False,3,False,False,False,False
a0,Energean2024,phase6,57,0,GRI 408: Child Labour 2016,408-1,Own workforce,partial,,False,5,False,False,False,False
a0,Energean2024,phase6,58,0,GRI 409: Forced or Compulsory Labour 2016,409-1,Own workforce,no_evidence,,False,3,False,False,False,False
a0,Energean2024,phase6,59,0,GRI 204: Procurement Practices 2016,204-1,Affected communities,partial,,False,3,False,False,False,False
a0,Energean2024,phase6,60,0,GRI 202: Market Presence 2016,202-2,Affected communities,no_evidence,,False,4,False,False,False,False
a0,Energean2024,phase6,61,0,GRI 411: Rights of Indigenous Peoples 2016,411-1,Affected communities,pass,,False,5,False,False,False,False
a0,Energean2024,phase6,62,0,GRI 413: Local Communities 2016,413-1,Affected communities,no_evidence,,False,8,False,False,False,False
a0,Energean2024,phase6,63,0,GRI 205: Anti-corruption 2016,205-1,Business conduct,no_evidence,,False,2,False,False,False,False
a0,Energean2024,phase6,64,0,GRI 205: Anti-corruption 2016,205-2,Business conduct,no_evidence,,False,5,False,False,False,False
a0,Energean2024,phase6,65,0,GRI 205: Anti-corruption 2016,205-3,Business conduct,no_evidence,,False,4,False,False,False,False
a0,Energean2024,phase6,66,0,GRI 206: Anti-competitive Behavior 2016,206-1,Business conduct,no_evidence,,False,2,False,False,False,False
a0,Energean2024,phase6,67,0,GRI 414: Supplier Social Assessment 2016,414-1,Business conduct,no_evidence,,False,1,False,False,False,False
a0,Energean2024,phase6,68,0,GRI 415: Public Policy 2016,415-1,Business conduct,no_evidence,,False,2,False,False,False,False
a0,Energean2024,phase6,69,0,GRI 201: Economic Performance 2016,201-1,Generating economic value,no_evidence,,False,4,False,False,False,False
a0,Energean2024,phase6,70,0,GRI 201: Economic Performance 2016,201-3,Generating economic value,partial,,False,7,False,False,False,False
a0,Energean2024,phase6,71,0,GRI 201: Economic Performance 2016,201-4,Generating economic value,no_evidence,,False,10,False,False,False,False
a0,Energean2024,phase6,72,0,GRI 418: Customer Privacy 2016,418-1,Ensuring data security,pass,,False,4,False,False,False,False
a0,Energean2024,phase6,73,0,GRI 302: Energy 2016,302-1,Reducing (non-renewable) energy consumption,partial,,False,13,False,False,False,False
a0,Energean2024,phase6,74,0,GRI 302: Energy 2016,302-3,Reducing (non-renewable) energy consumption,no_evidence,,False,4,False,False,False,False
a0,Energean2024,phase6,75,0,GRI 302: Energy 2016,302-4,Reducing (non-renewable) energy consumption,no_evidence,,False,4,False,False,False,False
a0,HPCL2023,phase3,0,0,GRI 2,2-1,,partial,,False,4,False,False,False,False
a0,HPCL2023,phase3,1,0,GRI 2,2-2,,partial,,False,5,False,False,False,False
a0,HPCL2023,phase3,2,0,GRI 2,2-3,,partial,,False,4,False,False,False,False
a0,HPCL2023,phase3,3,0,GRI 2,2-4,,no_evidence,,False,2,False,False,False,False
a0,HPCL2023,phase3,4,0,GRI 2,2-5,,partial,,False,4,False,False,False,False
a0,HPCL2023,phase3,5,0,GRI 2,2-6,,partial,,False,6,False,False,False,False
a0,HPCL2023,phase3,6,0,GRI 2,2-7,,partial,,False,10,False,False,False,False
a0,HPCL2023,phase3,7,0,GRI 2,2-8,,partial,,False,5,False,False,False,False
a0,HPCL2023,phase3,8,0,GRI 2,2-9,,partial,,False,10,False,False,False,False
a0,HPCL2023,phase3,9,0,GRI 2,2-10,,partial,,False,5,False,False,False,False
a0,HPCL2023,phase3,10,0,GRI 2,2-11,,partial,,False,2,False,False,False,False
a0,HPCL2023,phase3,11,0,GRI 2,2-12,,partial,,False,4,False,False,False,False
a0,HPCL2023,phase3,12,0,GRI 2,2-13,,partial,,False,3,False,False,False,False
a0,HPCL2023,phase3,13,0,GRI 2,2-14,,pass,,False,2,False,False,False,False
a0,HPCL2023,phase3,14,0,GRI 2,2-15,,partial,,False,5,False,False,False,False
a0,HPCL2023,phase3,15,0,GRI 2,2-16,,no_evidence,,False,2,False,False,False,False
a0,HPCL2023,phase3,16,0,GRI 2,2-17,,partial,,False,1,False,False,False,False
a0,HPCL2023,phase3,17,0,GRI 2,2-18,,partial,,False,3,False,False,False,False
a0,HPCL2023,phase3,18,0,GRI 2,2-19,,partial,,False,6,False,False,False,False
a0,HPCL2023,phase3,19,0,GRI 2,2-20,,partial,,False,4,False,False,False,False
a0,HPCL2023,phase3,20,0,GRI 2,2-21,,pass,,False,3,False,False,False,False
a0,HPCL2023,phase3,21,0,GRI 2,2-22,,no_evidence,,False,1,False,False,False,False
a0,HPCL2023,phase3,22,0,GRI 2,2-23,,partial,,False,10,False,False,False,False
a0,HPCL2023,phase3,23,0,GRI 2,2-24,,partial,,False,4,False,False,False,False
a0,HPCL2023,phase3,24,0,GRI 2,2-25,,partial,,False,5,False,False,False,False
a0,HPCL2023,phase3,25,0,GRI 2,2-26,,pass,,False,2,False,False,False,False
a0,HPCL2023,phase3,26,0,GRI 2,2-27,,partial,,False,6,False,False,False,False
a0,HPCL2023,phase3,27,0,GRI 2,2-28,,pass,,False,1,False,False,False,False
a0,HPCL2023,phase3,28,0,GRI 2,2-29,,pass,,False,3,False,False,False,False
a0,HPCL2023,phase3,29,0,GRI 2,2-30,,no_evidence,,False,2,False,False,False,False
a0,HPCL2023,phase5,0,0,GRI 3,3-1,,partial,,False,3,False,False,False,False
a0,HPCL2023,phase5,1,0,GRI 3,3-2,,no_evidence,no page pack: page_list_no_matching_chunks; system limitation - human review required,True,0,False,False,True,True
a0,HPCL2023,phase5,2,0,GRI 3,3-3,Air Quality (GRI OGSS Topic: Air Emissions),partial,,False,11,False,False,False,False
a0,HPCL2023,phase5,3,0,GRI 3,3-3,Biodiversity (GRI OGSS Topic: Biodiversity),partial,,False,11,False,False,False,False
a0,HPCL2023,phase5,4,0,GRI 3,3-3,"Business Ethics, Transparency & Regulatory Compliance (GRI OGSS Topic: Anti-competitive Behaviour)",partial,,False,11,False,False,False,False
a0,HPCL2023,phase5,5,0,GRI 3,3-3,"Business Ethics, Transparency & Regulatory Compliance (GRI OGSS Topic: Anti-corruption)",partial,,False,11,False,False,False,False
a0,HPCL2023,phase5,6,0,GRI 3,3-3,"Business Ethics, Transparency & Regulatory Compliance (GRI OGSS Topic: Economic Impacts)",no_evidence,,False,11,False,False,False,False
a0,HPCL2023,phase5,7,0,GRI 3,3-3,"Business Ethics, Transparency & Regulatory Compliance (GRI OGSS Topic: Payments to Governments)",no_evidence,,False,11,False,False,False,False
a0,HPCL2023,phase5,8,0,GRI 3,3-3,"Business Ethics, Transparency & Regulatory Compliance (GRI OGSS Topic: Public Policy)",partial,,False,11,False,False,False,False
a0,HPCL2023,phase5,9,0,GRI 3,3-3,"Business Ethics, Transparency & Regulatory Compliance (GRI: Market Presence 2016)",partial,,False,11,False,False,False,False
a0,HPCL2023,phase5,10,0,GRI 3,3-3,Customer Satisfaction (Additional Disclosure),partial,,False,11,False,False,False,False
a0,HPCL2023,phase5,11,0,GRI 3,3-3,Diversity & Inclusion (GRI OGSS Topic: Local Communities),no_evidence,,False,11,False,False,False,False
a0,HPCL2023,phase5,12,0,GRI 3,3-3,Energy Efficiency (GRI OGSS Topic : GHG Emissions),partial,,False,11,False,False,False,False
a0,HPCL2023,phase5,13,0,GRI 3,3-3,"GHG Emissions (GRI OGSS Topic : GHG Emissions; Climate Adaptation, Resilience, and Transition)",no_evidence,no page pack: page_list_no_matching_chunks; system limitation - human review required,True,0,False,False,True,True
a0,HPCL2023,phase5,14,0,GRI 3,3-3,Human Rights (GRI OGSS Topic: Conflict and Security),no_evidence,,False,11,False,False,False,False
a0,HPCL2023,phase5,15,0,GRI 3,3-3,Human Rights (GRI OGSS Topic: Economic Impacts),no_evidence,,False,11,False,False,False,False
a0,HPCL2023,phase5,16,0,GRI 3,3-3,Human Rights (GRI OGSS Topic: Forced Labour and Modern Slavery),partial,,False,11,False,False,False,False
a0,HPCL2023,phase5,17,0,GRI 3,3-3,Human Rights (GRI OGSS Topic: Freedom of Association and Collective Bargaining),partial,,False,11,False,False,False,False
a0,HPCL2023,phase5,18,0,GRI 3,3-3,Human Rights (GRI OGSS Topic: Non-discrimination and Equal Opportunity),no_evidence,,False,11,False,False,False,False
a0,HPCL2023,phase5,19,1,GRI 3,3-3,Human Rights (GRI OGSS Topic: Non-discrimination and Equal Opportunity),no_evidence,,False,11,False,False,False,False
a0,HPCL2023,phase5,20,0,GRI 3,3-3,Human Rights (GRI OGSS Topic: Rights of Indigenous People),fail,no page pack: missing_disclosure,False,0,False,False,True,True
a0,HPCL2023,phase5,21,0,GRI 3,3-3,Manpower Management (GRI OGSS Topic: Economic Impacts),no_evidence,,False,11,False,False,False,False
a0,HPCL2023,phase5,22,0,GRI 3,3-3,Manpower Management (GRI OGSS Topic: Employment Practices),partial,,False,11,False,False,False,False
a0,HPCL2023,phase5,23,0,GRI 3,3-3,Manpower Management (GRI: Labour/Management Relations 2016),partial,,False,11,False,False,False,False
a0,HPCL2023,phase5,24,0,GRI 3,3-3,Manpower Management (GRI: Supplier Social Assessment 2016),partial,,False,11,False,False,False,False
a0,HPCL2023,phase5,25,0,GRI 3,3-3,Manpower Management (GRI: Training and Education 2016),partial,,False,11,False,False,False,False
a0,HPCL2023,phase5,26,0,GRI 3,3-3,Occupational health and safety (GRI OGSS Topic: Occupational Health and Safety),partial,,False,11,False,False,False,False
a0,HPCL2023,phase5,27,0,GRI 3,3-3,Product Safety and Quality (GRI: Customer Health and Safety 2016),partial,,False,11,False,False,False,False
a0,HPCL2023,phase5,28,0,GRI 3,3-3,Product Safety and Quality (GRI: Customer Privacy 2016),no_evidence,,False,11,False,False,False,False
a0,HPCL2023,phase5,29,0,GRI 3,3-3,Product Safety and Quality (GRI: Marketing and Labelling 2016),partial,,False,11,False,False,False,False
a0,HPCL2023,phase5,30,0,GRI 3,3-3,Research & Development (Additional Disclosure),partial,,False,11,False,False,False,False
a0,HPCL2023,phase5,31,0,GRI 3,3-3,Safety and security of critical assets (GRI OGSS Topic: Asset Integrity and Critical Incident Management),partial,,False,11,False,False,False,False
a0,HPCL2023,phase5,32,0,GRI 3,3-3,Supplier Environmental Assessment (GRI: Supplier Environmental Assessment 2016),partial,,False,11,False,False,False,False
a0,HPCL2023,phase5,33,0,GRI 3,3-3,Transport Safety (Additional Disclosure),partial,,False,11,False,False,False,False
a0,HPCL2023,phase5,34,0,GRI 3,3-3,Waste (GRI: Waste 2020),partial,,False,11,False,False,False,False
a0,HPCL2023,phase5,35,0,GRI 3,3-3,Water and Wastewater Management (GRI OGSS Topic: Water and Effluents),partial,,False,11,False,False,False,False
a0,HPCL2023,phase6,0,0,GRI 305: Emissions 2016,305-6,"GHG Emissions (GRI OGSS Topic : GHG Emissions; Climate Adaptation, Resilience, and Transition)",omitted,no page pack: omitted,False,0,True,False,True,True
a0,HPCL2023,phase6,1,0,GRI 302: Energy 2016,302-5,Energy Efficiency (GRI OGSS Topic : GHG Emissions),omitted,no page pack: omitted,False,0,True,False,True,True
a0,HPCL2023,phase6,2,0,GRI 306: Waste 2020,306-3,Waste (GRI: Waste 2020),no_evidence,no page pack: page_list_no_matching_chunks; system limitation — human review required,True,0,False,False,True,True
a0,HPCL2023,phase6,3,0,GRI 306: Waste 2020,306-4,Waste (GRI: Waste 2020),no_evidence,no page pack: page_list_no_matching_chunks; system limitation — human review required,True,0,False,False,True,True
a0,HPCL2023,phase6,4,0,GRI 306: Waste 2020,306-5,Waste (GRI: Waste 2020),no_evidence,no page pack: page_list_no_matching_chunks; system limitation — human review required,True,0,False,False,True,True
a0,HPCL2023,phase6,5,0,GRI 403: Occupational Health and Safety 2018,403-3,Occupational health and safety (GRI OGSS Topic: Occupational Health and Safety),no_evidence,no page pack: page_list_no_matching_chunks; system limitation — human review required,True,0,False,False,True,True
a0,HPCL2023,phase6,6,0,GRI 403: Occupational Health and Safety 2018,403-6,Occupational health and safety (GRI OGSS Topic: Occupational Health and Safety),no_evidence,no page pack: page_list_no_matching_chunks; system limitation — human review required,True,0,False,False,True,True
a0,HPCL2023,phase6,7,0,GRI 404: Training and Education 2016,404-2,Manpower Management (GRI: Training and Education 2016),no_evidence,no page pack: page_list_no_matching_chunks; system limitation — human review required,True,0,False,False,True,True
a0,HPCL2023,phase6,8,0,GRI 3: Material Topics 2021,,Human Rights (GRI OGSS Topic: Rights of Indigenous People),fail,GCI row has missing/blank disclosure_id — cannot judge,False,0,False,False,False,True
a0,HPCL2023,phase6,9,0,GRI 201: Economic Performance 2016,201-3,"Business Ethics, Transparency & Regulatory Compliance (GRI OGSS Topic: Economic Impacts)",omitted,no page pack: omitted,False,0,True,False,True,True
a0,HPCL2023,phase6,10,0,GRI 207: Tax 2019,207-1,"Business Ethics, Transparency & Regulatory Compliance (GRI OGSS Topic: Payments to Governments)",omitted,no page pack: omitted,False,0,True,False,True,True
a0,HPCL2023,phase6,11,0,GRI 207: Tax 2019,207-2,"Business Ethics, Transparency & Regulatory Compliance (GRI OGSS Topic: Payments to Governments)",omitted,no page pack: omitted,False,0,True,False,True,True
a0,HPCL2023,phase6,12,0,GRI 207: Tax 2019,207-3,"Business Ethics, Transparency & Regulatory Compliance (GRI OGSS Topic: Payments to Governments)",omitted,no page pack: omitted,False,0,True,False,True,True
a0,HPCL2023,phase6,13,0,GRI 207: Tax 2019,207-4,"Business Ethics, Transparency & Regulatory Compliance (GRI OGSS Topic: Payments to Governments)",omitted,no page pack: omitted,False,0,True,False,True,True
a0,HPCL2023,phase6,14,0,GRI 305: Emissions 2016,305-1,"GHG Emissions (GRI OGSS Topic : GHG Emissions; Climate Adaptation, Resilience, and Transition)",partial,,False,9,False,False,False,False
a0,HPCL2023,phase6,15,0,GRI 305: Emissions 2016,305-2,"GHG Emissions (GRI OGSS Topic : GHG Emissions; Climate Adaptation, Resilience, and Transition)",no_evidence,,False,9,False,False,False,False
a0,HPCL2023,phase6,16,0,GRI 305: Emissions 2016,305-3,"GHG Emissions (GRI OGSS Topic : GHG Emissions; Climate Adaptation, Resilience, and Transition)",partial,,False,9,False,False,False,False
a0,HPCL2023,phase6,17,0,GRI 305: Emissions 2016,305-4,"GHG Emissions (GRI OGSS Topic : GHG Emissions; Climate Adaptation, Resilience, and Transition)",partial,,False,4,False,False,False,False
a0,HPCL2023,phase6,18,0,GRI 305: Emissions 2016,305-5,"GHG Emissions (GRI OGSS Topic : GHG Emissions; Climate Adaptation, Resilience, and Transition)",no_evidence,,False,5,False,False,False,False
a0,HPCL2023,phase6,19,0,GRI 302: Energy 2016,302-1,Energy Efficiency (GRI OGSS Topic : GHG Emissions),partial,,False,13,False,False,False,False
a0,HPCL2023,phase6,20,0,GRI 302: Energy 2016,302-2,Energy Efficiency (GRI OGSS Topic : GHG Emissions),partial,,False,3,False,False,False,False
a0,HPCL2023,phase6,21,0,GRI 302: Energy 2016,302-3,Energy Efficiency (GRI OGSS Topic : GHG Emissions),partial,,False,4,False,False,False,False
a0,HPCL2023,phase6,22,0,GRI 302: Energy 2016,302-4,Energy Efficiency (GRI OGSS Topic : GHG Emissions),partial,,False,4,False,False,False,False
a0,HPCL2023,phase6,23,0,GRI 303: Water and Effluents 2018,303-1,Water and Wastewater Management (GRI OGSS Topic: Water and Effluents),partial,,False,4,False,False,False,False
a0,HPCL2023,phase6,24,0,GRI 303: Water and Effluents 2018,303-2,Water and Wastewater Management (GRI OGSS Topic: Water and Effluents),no_evidence,,False,4,False,False,False,False
a0,HPCL2023,phase6,25,0,GRI 303: Water and Effluents 2018,303-3,Water and Wastewater Management (GRI OGSS Topic: Water and Effluents),partial,,False,13,False,False,False,False
a0,HPCL2023,phase6,26,0,GRI 303: Water and Effluents 2018,303-4,Water and Wastewater Management (GRI OGSS Topic: Water and Effluents),no_evidence,,False,12,False,False,False,False
a0,HPCL2023,phase6,27,0,GRI 303: Water and Effluents 2018,303-5,Water and Wastewater Management (GRI OGSS Topic: Water and Effluents),partial,,False,4,False,False,False,False
a0,HPCL2023,phase6,28,0,GRI 416: Customer Health and Safety 2016,416-1,Product Safety and Quality (GRI: Customer Health and Safety 2016),no_evidence,,False,1,False,False,False,False
a0,HPCL2023,phase6,29,0,GRI 416: Customer Health and Safety 2016,416-2,Product Safety and Quality (GRI: Customer Health and Safety 2016),partial,,False,4,False,False,False,False
a0,HPCL2023,phase6,30,0,GRI 417: Marketing and Labelling 2016,417-1,Product Safety and Quality (GRI: Marketing and Labelling 2016),partial,,False,6,False,False,False,False
a0,HPCL2023,phase6,31,0,GRI 417: Marketing and Labelling 2016,417-2,Product Safety and Quality (GRI: Marketing and Labelling 2016),partial,,False,4,False,False,False,False
a0,HPCL2023,phase6,32,0,GRI 417: Marketing and Labelling 2016,417-3,Product Safety and Quality (GRI: Marketing and Labelling 2016),partial,,False,4,False,False,False,False
a0,HPCL2023,phase6,33,0,GRI 418: Customer Privacy 2016,418-1,Product Safety and Quality (GRI: Customer Privacy 2016),no_evidence,,False,4,False,False,False,False
a0,HPCL2023,phase6,34,0,GRI 308: Supplier Environmental Assessment 2016,308-1,Supplier Environmental Assessment (GRI: Supplier Environmental Assessment 2016),no_evidence,,False,1,False,False,False,False
a0,HPCL2023,phase6,35,0,GRI 308: Supplier Environmental Assessment 2016,308-2,Supplier Environmental Assessment (GRI: Supplier Environmental Assessment 2016),no_evidence,,False,5,False,False,False,False
a0,HPCL2023,phase6,36,0,GRI 305: Emissions 2016,305-7,Air Quality (GRI OGSS Topic: Air Emissions),partial,,False,7,False,False,False,False
a0,HPCL2023,phase6,37,0,GRI 416: Customer Health and Safety 2016,416-1,Air Quality (GRI OGSS Topic: Air Emissions),no_evidence,,False,1,False,False,False,False
a0,HPCL2023,phase6,38,0,GRI 304: Biodiversity 2016,304-1,Biodiversity (GRI OGSS Topic: Biodiversity),no_evidence,,False,7,False,False,False,False
a0,HPCL2023,phase6,39,0,GRI 304: Biodiversity 2016,304-2,Biodiversity (GRI OGSS Topic: Biodiversity),no_evidence,,False,10,False,False,False,False
a0,HPCL2023,phase6,40,0,GRI 304: Biodiversity 2016,304-3,Biodiversity (GRI OGSS Topic: Biodiversity),partial,,False,4,False,False,False,False
a0,HPCL2023,phase6,41,0,GRI 304: Biodiversity 2016,304-4,Biodiversity (GRI OGSS Topic: Biodiversity),no_evidence,,False,5,False,False,False,False
a0,HPCL2023,phase6,42,0,GRI 306: Waste 2020,306-1,Waste (GRI: Waste 2020),no_evidence,,False,6,False,False,False,False
a0,HPCL2023,phase6,43,0,GRI 306: Waste 2020,306-2,Waste (GRI: Waste 2020),partial,,False,24,False,False,False,False
a0,HPCL2023,phase6,44,0,GRI 403: Occupational Health and Safety 2018,403-1,Occupational health and safety (GRI OGSS Topic: Occupational Health and Safety),pass,,False,3,False,False,False,False
a0,HPCL2023,phase6,45,0,GRI 403: Occupational Health and Safety 2018,403-2,Occupational health and safety (GRI OGSS Topic: Occupational Health and Safety),partial,,False,5,False,False,False,False
a0,HPCL2023,phase6,46,0,GRI 403: Occupational Health and Safety 2018,403-4,Occupational health and safety (GRI OGSS Topic: Occupational Health and Safety),partial,,False,2,False,False,False,False
a0,HPCL2023,phase6,47,0,GRI 403: Occupational Health and Safety 2018,403-5,Occupational health and safety (GRI OGSS Topic: Occupational Health and Safety),pass,,False,1,False,False,False,False
a0,HPCL2023,phase6,48,0,GRI 403: Occupational Health and Safety 2018,403-7,Occupational health and safety (GRI OGSS Topic: Occupational Health and Safety),pass,,False,1,False,False,False,False
a0,HPCL2023,phase6,49,0,GRI 403: Occupational Health and Safety 2018,403-8,Occupational health and safety (GRI OGSS Topic: Occupational Health and Safety),no_evidence,,False,4,False,False,False,False
a0,HPCL2023,phase6,50,0,GRI 403: Occupational Health and Safety 2018,403-9,Occupational health and safety (GRI OGSS Topic: Occupational Health and Safety),partial,,False,16,False,False,False,False
a0,HPCL2023,phase6,51,0,GRI 403: Occupational Health and Safety 2018,403-10,Occupational health and safety (GRI OGSS Topic: Occupational Health and Safety),partial,,False,10,False,False,False,False
a0,HPCL2023,phase6,52,0,GRI 401: Employment 2016,401-1,Manpower Management (GRI OGSS Topic: Employment Practices),no_evidence,,False,2,False,False,False,False
a0,HPCL2023,phase6,53,0,GRI 401: Employment 2016,401-2,Manpower Management (GRI OGSS Topic: Employment Practices),no_evidence,,False,8,False,False,False,False
a0,HPCL2023,phase6,54,0,GRI 401: Employment 2016,401-3,Manpower Management (GRI OGSS Topic: Employment Practices),no_evidence,,False,5,False,False,False,False
a0,HPCL2023,phase6,55,0,GRI 204: Procurement Practices 2016,204-1,Manpower Management (GRI OGSS Topic: Economic Impacts),no_evidence,,False,3,False,False,False,False
a0,HPCL2023,phase6,56,0,GRI 402: Labour/Management Relations 2016,402-1,Manpower Management (GRI: Labour/Management Relations 2016),partial,,False,2,False,False,False,False
a0,HPCL2023,phase6,57,0,GRI 404: Training and Education 2016,404-1,Manpower Management (GRI: Training and Education 2016),pass,,False,2,False,False,False,False
a0,HPCL2023,phase6,58,0,GRI 404: Training and Education 2016,404-3,Manpower Management (GRI: Training and Education 2016),no_evidence,,False,1,False,False,False,False
a0,HPCL2023,phase6,59,0,GRI 414: Supplier Social Assessment 2016,414-1,Manpower Management (GRI: Supplier Social Assessment 2016),no_evidence,,False,1,False,False,False,False
a0,HPCL2023,phase6,60,0,GRI 414: Supplier Social Assessment 2016,414-2,Manpower Management (GRI: Supplier Social Assessment 2016),no_evidence,,False,5,False,False,False,False
a0,HPCL2023,phase6,61,0,GRI 406: Non-discrimination 2016,406-1,Human Rights (GRI OGSS Topic: Non-discrimination and Equal Opportunity),no_evidence,,False,5,False,False,False,False
a0,HPCL2023,phase6,62,0,GRI 405: Diversity and Equal Opportunity 2016,405-1,Human Rights (GRI OGSS Topic: Non-discrimination and Equal Opportunity),no_evidence,,False,6,False,False,False,False
a0,HPCL2023,phase6,63,0,GRI 405: Diversity and Equal Opportunity 2016,405-2,Human Rights (GRI OGSS Topic: Non-discrimination and Equal Opportunity),partial,,False,2,False,False,False,False
a0,HPCL2023,phase6,64,0,GRI 409: Forced or Compulsory Labour 2016,409-1,Human Rights (GRI OGSS Topic: Forced Labour and Modern Slavery),no_evidence,,False,3,False,False,False,False
a0,HPCL2023,phase6,65,0,GRI 407: Freedom of Association and Collective Bargaining 2016,407-1,Human Rights (GRI OGSS Topic: Freedom of Association and Collective Bargaining),no_evidence,,False,3,False,False,False,False
a0,HPCL2023,phase6,66,0,GRI 203: Indirect Economic Impacts 2016,203-1,Human Rights (GRI OGSS Topic: Economic Impacts),partial,,False,3,False,False,False,False
a0,HPCL2023,phase6,67,0,GRI 203: Indirect Economic Impacts 2016,203-2,Human Rights (GRI OGSS Topic: Economic Impacts),partial,,False,2,False,False,False,False
a0,HPCL2023,phase6,68,0,GRI 411: Rights of Indigenous Peoples 2016,411-1,Human Rights (GRI OGSS Topic: Rights of Indigenous People),no_evidence,,False,5,False,False,False,False
a0,HPCL2023,phase6,69,0,GRI 410: Security Practices 2016,410-1,Human Rights (GRI OGSS Topic: Conflict and Security),no_evidence,,False,2,False,False,False,False
a0,HPCL2023,phase6,70,0,GRI 413: Local Communities 2016,413-1,Diversity & Inclusion (GRI OGSS Topic: Local Communities),no_evidence,,False,8,False,False,False,False
a0,HPCL2023,phase6,71,0,GRI 413: Local Communities 2016,413-2,Diversity & Inclusion (GRI OGSS Topic: Local Communities),no_evidence,,False,2,False,False,False,False
a0,HPCL2023,phase6,72,0,GRI 206: Anti-competitive Behaviour 2016,206-1,"Business Ethics, Transparency & Regulatory Compliance (GRI OGSS Topic: Anti-competitive Behaviour)",partial,,False,2,False,False,False,False
a0,HPCL2023,phase6,73,0,GRI 205: Anticorruption 2016,205-1,"Business Ethics, Transparency & Regulatory Compliance (GRI OGSS Topic: Anti-corruption)",partial,,False,2,False,False,False,False
a0,HPCL2023,phase6,74,0,GRI 205: Anticorruption 2016,205-2,"Business Ethics, Transparency & Regulatory Compliance (GRI OGSS Topic: Anti-corruption)",partial,,False,5,False,False,False,False
a0,HPCL2023,phase6,75,0,GRI 205: Anticorruption 2016,205-3,"Business Ethics, Transparency & Regulatory Compliance (GRI OGSS Topic: Anti-corruption)",partial,,False,4,False,False,False,False
a0,HPCL2023,phase6,76,0,GRI 201: Economic Performance 2016,201-1,"Business Ethics, Transparency & Regulatory Compliance (GRI OGSS Topic: Economic Impacts)",no_evidence,,False,4,False,False,False,False
a0,HPCL2023,phase6,77,0,GRI 201: Economic Performance 2016,201-2,"Business Ethics, Transparency & Regulatory Compliance (GRI OGSS Topic: Economic Impacts)",no_evidence,,False,5,False,False,False,False
a0,HPCL2023,phase6,78,0,GRI 201: Economic Performance 2016,201-4,"Business Ethics, Transparency & Regulatory Compliance (GRI OGSS Topic: Economic Impacts)",no_evidence,,False,10,False,False,False,False
a0,HPCL2023,phase6,79,0,GRI 415: Public Policy 2016,415-1,"Business Ethics, Transparency & Regulatory Compliance (GRI OGSS Topic: Public Policy)",pass,,False,2,False,False,False,False
a0,HPCL2023,phase6,80,0,GRI 202: Market Presence 2016,202-2,"Business Ethics, Transparency & Regulatory Compliance (GRI: Market Presence 2016)",partial,,False,4,False,False,False,False
a0,HPCL2023,phase6,81,0,GRI 306: Effluents and Waste 2016,306-3,Safety and security of critical assets (GRI OGSS Topic: Asset Integrity and Critical Incident Management),partial,,False,7,False,False,False,False
a0,HPCL2024,phase3,0,0,GRI 2,2-1,,partial,,False,4,False,False,False,False
a0,HPCL2024,phase3,1,0,GRI 2,2-2,,partial,,False,5,False,False,False,False
a0,HPCL2024,phase3,2,0,GRI 2,2-3,,partial,,False,4,False,False,False,False
a0,HPCL2024,phase3,3,0,GRI 2,2-4,,pass,,False,2,False,False,False,False
a0,HPCL2024,phase3,4,0,GRI 2,2-5,,no_evidence,,False,4,False,False,False,False
a0,HPCL2024,phase3,5,0,GRI 2,2-6,,partial,,False,6,False,False,False,False
a0,HPCL2024,phase3,6,0,GRI 2,2-7,,partial,,False,10,False,False,False,False
a0,HPCL2024,phase3,7,0,GRI 2,2-8,,partial,,False,5,False,False,False,False
a0,HPCL2024,phase3,8,0,GRI 2,2-9,,partial,,False,10,False,False,False,False
a0,HPCL2024,phase3,9,0,GRI 2,2-10,,partial,,False,5,False,False,False,False
a0,HPCL2024,phase3,10,0,GRI 2,2-11,,no_evidence,,False,2,False,False,False,False
a0,HPCL2024,phase3,11,0,GRI 2,2-12,,pass,,False,4,False,False,False,False
a0,HPCL2024,phase3,12,0,GRI 2,2-13,,partial,,False,3,False,False,False,False
a0,HPCL2024,phase3,13,0,GRI 2,2-14,,pass,,False,2,False,False,False,False
a0,HPCL2024,phase3,14,0,GRI 2,2-15,,partial,,False,5,False,False,False,False
a0,HPCL2024,phase3,15,0,GRI 2,2-16,,no_evidence,,False,2,False,False,False,False
a0,HPCL2024,phase3,16,0,GRI 2,2-17,,no_evidence,,False,1,False,False,False,False
a0,HPCL2024,phase3,17,0,GRI 2,2-18,,partial,,False,3,False,False,False,False
a0,HPCL2024,phase3,18,0,GRI 2,2-19,,partial,,False,6,False,False,False,False
a0,HPCL2024,phase3,19,0,GRI 2,2-20,,partial,,False,4,False,False,False,False
a0,HPCL2024,phase3,20,0,GRI 2,2-21,,pass,,False,3,False,False,False,False
a0,HPCL2024,phase3,21,0,GRI 2,2-22,,pass,,False,1,False,False,False,False
a0,HPCL2024,phase3,22,0,GRI 2,2-23,,partial,,False,10,False,False,False,False
a0,HPCL2024,phase3,23,0,GRI 2,2-24,,partial,,False,4,False,False,False,False
a0,HPCL2024,phase3,24,0,GRI 2,2-25,,partial,,False,5,False,False,False,False
a0,HPCL2024,phase3,25,0,GRI 2,2-26,,no_evidence,,False,2,False,False,False,False
a0,HPCL2024,phase3,26,0,GRI 2,2-27,,partial,,False,6,False,False,False,False
a0,HPCL2024,phase3,27,0,GRI 2,2-28,,pass,,False,1,False,False,False,False
a0,HPCL2024,phase3,28,0,GRI 2,2-29,,pass,,False,3,False,False,False,False
a0,HPCL2024,phase3,29,0,GRI 2,2-30,,partial,,False,2,False,False,False,False
a0,HPCL2024,phase5,0,0,GRI 3,3-1,,partial,,False,3,False,False,False,False
a0,HPCL2024,phase5,1,0,GRI 3,3-2,,no_evidence,,False,2,False,False,False,False
a0,HPCL2024,phase5,2,0,GRI 3,3-3,Air Quality (GRI OGSS Topic: Air Emissions),no_evidence,no page pack: page_list_no_matching_chunks; system limitation - human review required,True,0,False,False,True,True
a0,HPCL2024,phase5,3,0,GRI 3,3-3,Biodiversity (GRI OGSS Topic: Biodiversity),no_evidence,no page pack: page_list_no_matching_chunks; system limitation - human review required,True,0,False,False,True,True
a0,HPCL2024,phase5,4,0,GRI 3,3-3,"Business Ethics, Transparency & Regulatory Compliance (GRI OGSS Topic: Anti-competitive Behaviour)",partial,,False,11,False,False,False,False
a0,HPCL2024,phase5,5,0,GRI 3,3-3,"Business Ethics, Transparency & Regulatory Compliance (GRI OGSS Topic: Anti-corruption)",partial,,False,11,False,False,False,False
a0,HPCL2024,phase5,6,0,GRI 3,3-3,"Business Ethics, Transparency & Regulatory Compliance (GRI OGSS Topic: Economic Impacts)",no_evidence,no page pack: page_list_no_matching_chunks; system limitation - human review required,True,0,False,False,True,True
a0,HPCL2024,phase5,7,0,GRI 3,3-3,"Business Ethics, Transparency & Regulatory Compliance (GRI OGSS Topic: Payments to Governments)",no_evidence,,False,11,False,False,False,False
a0,HPCL2024,phase5,8,0,GRI 3,3-3,"Business Ethics, Transparency & Regulatory Compliance (GRI OGSS Topic: Public Policy)",partial,,False,11,False,False,False,False
a0,HPCL2024,phase5,9,0,GRI 3,3-3,"Business Ethics, Transparency & Regulatory Compliance (GRI: Market Presence 2016)",partial,,False,11,False,False,False,False
a0,HPCL2024,phase5,10,0,GRI 3,3-3,Customer Satisfaction (Additional Disclosure),partial,,False,11,False,False,False,False
a0,HPCL2024,phase5,11,0,GRI 3,3-3,Diversity & Inclusion (GRI OGSS Topic: Local Communities),partial,,False,11,False,False,False,False
a0,HPCL2024,phase5,12,0,GRI 3,3-3,Energy Efficiency (GRI OGSS Topic : GHG Emissions),partial,,False,11,False,False,False,False
a0,HPCL2024,phase5,13,0,GRI 3,3-3,"GHG Emissions (GRI OGSS Topic : GHG Emissions; Climate Adaptation, Resilience, and Transition)",no_evidence,no page pack: page_list_no_matching_chunks; system limitation - human review required,True,0,False,False,True,True
a0,HPCL2024,phase5,14,0,GRI 3,3-3,Human Rights (GRI OGSS Topic: Conflict and Security),partial,,False,11,False,False,False,False
a0,HPCL2024,phase5,15,0,GRI 3,3-3,Human Rights (GRI OGSS Topic: Economic Impacts),no_evidence,,False,11,False,False,False,False
a0,HPCL2024,phase5,16,0,GRI 3,3-3,Human Rights (GRI OGSS Topic: Forced Labour and Modern Slavery),no_evidence,no page pack: page_list_no_matching_chunks; system limitation - human review required,True,0,False,False,True,True
a0,HPCL2024,phase5,17,0,GRI 3,3-3,Human Rights (GRI OGSS Topic: Freedom of Association and Collective Bargaining),no_evidence,no page pack: page_list_no_matching_chunks; system limitation - human review required,True,0,False,False,True,True
a0,HPCL2024,phase5,18,0,GRI 3,3-3,Human Rights (GRI OGSS Topic: Non-discrimination and Equal Opportunity),no_evidence,no page pack: page_list_no_matching_chunks; system limitation - human review required,True,0,False,False,True,True
a0,HPCL2024,phase5,19,1,GRI 3,3-3,Human Rights (GRI OGSS Topic: Non-discrimination and Equal Opportunity),no_evidence,,False,11,False,False,False,False
a0,HPCL2024,phase5,20,0,GRI 3,3-3,Human Rights (GRI OGSS Topic: Rights of Indigenous People),no_evidence,no page pack: page_list_no_matching_chunks; system limitation - human review required,True,0,False,False,True,True
a0,HPCL2024,phase5,21,0,GRI 3,3-3,Manpower Management (GRI OGSS Topic: Economic Impacts),no_evidence,no page pack: page_list_no_matching_chunks; system limitation - human review required,True,0,False,False,True,True
a0,HPCL2024,phase5,22,0,GRI 3,3-3,Manpower Management (GRI OGSS Topic: Employment Practices),no_evidence,no page pack: page_list_no_matching_chunks; system limitation - human review required,True,0,False,False,True,True
a0,HPCL2024,phase5,23,0,GRI 3,3-3,Manpower Management (GRI: Labour/Management Relations 2016),no_evidence,no page pack: page_list_no_matching_chunks; system limitation - human review required,True,0,False,False,True,True
a0,HPCL2024,phase5,24,0,GRI 3,3-3,Manpower Management (GRI: Supplier Social Assessment 2016),no_evidence,no page pack: page_list_no_matching_chunks; system limitation - human review required,True,0,False,False,True,True
a0,HPCL2024,phase5,25,0,GRI 3,3-3,Manpower Management (GRI: Training and Education 2016),no_evidence,no page pack: page_list_no_matching_chunks; system limitation - human review required,True,0,False,False,True,True
a0,HPCL2024,phase5,26,0,GRI 3,3-3,Occupational health and safety (GRI OGSS Topic: Occupational Health and Safety),no_evidence,no page pack: page_list_no_matching_chunks; system limitation - human review required,True,0,False,False,True,True
a0,HPCL2024,phase5,27,0,GRI 3,3-3,Product Safety and Quality (GRI: Customer Health and Safety 2016),no_evidence,no page pack: page_list_no_matching_chunks; system limitation - human review required,True,0,False,False,True,True
a0,HPCL2024,phase5,28,0,GRI 3,3-3,Product Safety and Quality (GRI: Customer Privacy 2016),no_evidence,no page pack: page_list_no_matching_chunks; system limitation - human review required,True,0,False,False,True,True
a0,HPCL2024,phase5,29,0,GRI 3,3-3,Product Safety and Quality (GRI: Marketing and Labelling 2016),no_evidence,no page pack: page_list_no_matching_chunks; system limitation - human review required,True,0,False,False,True,True
a0,HPCL2024,phase5,30,0,GRI 3,3-3,Safety and security of critical assets (GRI OGSS Topic: Asset Integrity and Critical Incident Management),no_evidence,,False,11,False,False,False,False
a0,HPCL2024,phase5,31,0,GRI 3,3-3,Supplier Environmental Assessment (GRI: Supplier Environmental Assessment 2016),no_evidence,no page pack: page_list_no_matching_chunks; system limitation - human review required,True,0,False,False,True,True
a0,HPCL2024,phase5,32,0,GRI 3,3-3,Transport Safety (Additional Disclosure),partial,,False,11,False,False,False,False
a0,HPCL2024,phase5,33,0,GRI 3,3-3,Water and Wastewater Management (GRI OGSS Topic: Water and Effluents),no_evidence,no page pack: page_list_no_matching_chunks; system limitation - human review required,True,0,False,False,True,True
a0,HPCL2024,phase6,0,0,GRI 305: Emissions 2016,305-6,"GHG Emissions (GRI OGSS Topic : GHG Emissions; Climate Adaptation, Resilience, and Transition)",omitted,no page pack: omitted,False,0,True,False,True,True
a0,HPCL2024,phase6,1,0,GRI 302: Energy 2016,302-5,Energy Efficiency (GRI OGSS Topic : GHG Emissions),omitted,no page pack: omitted,False,0,True,False,True,True
a0,HPCL2024,phase6,2,0,GRI 306: Waste 2020,306-3,Biodiversity (GRI OGSS Topic: Biodiversity),no_evidence,no page pack: page_list_no_matching_chunks; system limitation — human review required,True,0,False,False,True,True
a0,HPCL2024,phase6,3,0,GRI 306: Waste 2020,306-4,Biodiversity (GRI OGSS Topic: Biodiversity),no_evidence,no page pack: page_list_no_matching_chunks; system limitation — human review required,True,0,False,False,True,True
a0,HPCL2024,phase6,4,0,GRI 306: Waste 2020,306-5,Biodiversity (GRI OGSS Topic: Biodiversity),no_evidence,no page pack: page_list_no_matching_chunks; system limitation — human review required,True,0,False,False,True,True
a0,HPCL2024,phase6,5,0,GRI 201: Economic Performance 2016,201-3,"Business Ethics, Transparency & Regulatory Compliance (GRI OGSS Topic: Economic Impacts)",omitted,no page pack: omitted,False,0,True,False,True,True
a0,HPCL2024,phase6,6,0,GRI 207: Tax 2019,207-1,"Business Ethics, Transparency & Regulatory Compliance (GRI OGSS Topic: Payments to Governments)",omitted,no page pack: omitted,False,0,True,False,True,True
a0,HPCL2024,phase6,7,0,GRI 207: Tax 2019,207-2,"Business Ethics, Transparency & Regulatory Compliance (GRI OGSS Topic: Payments to Governments)",omitted,no page pack: omitted,False,0,True,False,True,True
a0,HPCL2024,phase6,8,0,GRI 305: Emissions 2016,305-1,"GHG Emissions (GRI OGSS Topic : GHG Emissions; Climate Adaptation, Resilience, and Transition)",no_evidence,,False,9,False,False,False,False
a0,HPCL2024,phase6,9,0,GRI 305: Emissions 2016,305-2,"GHG Emissions (GRI OGSS Topic : GHG Emissions; Climate Adaptation, Resilience, and Transition)",no_evidence,,False,9,False,False,False,False
a0,HPCL2024,phase6,10,0,GRI 305: Emissions 2016,305-3,"GHG Emissions (GRI OGSS Topic : GHG Emissions; Climate Adaptation, Resilience, and Transition)",partial,,False,9,False,False,False,False
a0,HPCL2024,phase6,11,0,GRI 305: Emissions 2016,305-4,"GHG Emissions (GRI OGSS Topic : GHG Emissions; Climate Adaptation, Resilience, and Transition)",partial,,False,4,False,False,False,False
a0,HPCL2024,phase6,12,0,GRI 305: Emissions 2016,305-5,"GHG Emissions (GRI OGSS Topic : GHG Emissions; Climate Adaptation, Resilience, and Transition)",no_evidence,,False,5,False,False,False,False
a0,HPCL2024,phase6,13,0,GRI 302: Energy 2016,302-1,Energy Efficiency (GRI OGSS Topic : GHG Emissions),partial,,False,13,False,False,False,False
a0,HPCL2024,phase6,14,0,GRI 302: Energy 2016,302-2,Energy Efficiency (GRI OGSS Topic : GHG Emissions),no_evidence,,False,3,False,False,False,False
a0,HPCL2024,phase6,15,0,GRI 302: Energy 2016,302-3,Energy Efficiency (GRI OGSS Topic : GHG Emissions),partial,,False,4,False,False,False,False
a0,HPCL2024,phase6,16,0,GRI 302: Energy 2016,302-4,Energy Efficiency (GRI OGSS Topic : GHG Emissions),partial,,False,4,False,False,False,False
a0,HPCL2024,phase6,17,0,GRI 303: Water and Effluents 2018,303-1,Water and Wastewater Management (GRI OGSS Topic: Water and Effluents),partial,,False,4,False,False,False,False
a0,HPCL2024,phase6,18,0,GRI 303: Water and Effluents 2018,303-2,Water and Wastewater Management (GRI OGSS Topic: Water and Effluents),no_evidence,,False,4,False,False,False,False
a0,HPCL2024,phase6,19,0,GRI 303: Water and Effluents 2018,303-3,Water and Wastewater Management (GRI OGSS Topic: Water and Effluents),no_evidence,,False,13,False,False,False,False
a0,HPCL2024,phase6,20,0,GRI 303: Water and Effluents 2018,303-4,Water and Wastewater Management (GRI OGSS Topic: Water and Effluents),no_evidence,,False,12,False,False,False,False
a0,HPCL2024,phase6,21,0,GRI 303: Water and Effluents 2018,303-5,Water and Wastewater Management (GRI OGSS Topic: Water and Effluents),partial,,False,4,False,False,False,False
a0,HPCL2024,phase6,22,0,GRI 416: Customer Health and Safety 2016,416-1,Product Safety and Quality (GRI: Customer Health and Safety 2016),no_evidence,,False,1,False,False,False,False
a0,HPCL2024,phase6,23,0,GRI 416: Customer Health and Safety 2016,416-2,Product Safety and Quality (GRI: Customer Health and Safety 2016),partial,,False,4,False,False,False,False
a0,HPCL2024,phase6,24,0,GRI 417: Marketing and Labelling 2016,417-1,Product Safety and Quality (GRI: Marketing and Labelling 2016),partial,,False,6,False,False,False,False
a0,HPCL2024,phase6,25,0,GRI 417: Marketing and Labelling 2016,417-2,Product Safety and Quality (GRI: Marketing and Labelling 2016),partial,,False,4,False,False,False,False
a0,HPCL2024,phase6,26,0,GRI 417: Marketing and Labelling 2016,417-3,Product Safety and Quality (GRI: Marketing and Labelling 2016),partial,,False,4,False,False,False,False
a0,HPCL2024,phase6,27,0,GRI 418: Customer Privacy 2016,418-1,Product Safety and Quality (GRI: Customer Privacy 2016),no_evidence,,False,4,False,False,False,False
a0,HPCL2024,phase6,28,0,GRI 308: Supplier Environmental Assessment 2016,308-1,Supplier Environmental Assessment (GRI: Supplier Environmental Assessment 2016),no_evidence,,False,1,False,False,False,False
a0,HPCL2024,phase6,29,0,GRI 308: Supplier Environmental Assessment 2016,308-2,Supplier Environmental Assessment (GRI: Supplier Environmental Assessment 2016),no_evidence,,False,5,False,False,False,False
a0,HPCL2024,phase6,30,0,GRI 305: Emissions 2016,305-7,Air Quality (GRI OGSS Topic: Air Emissions),partial,,False,7,False,False,False,False
a0,HPCL2024,phase6,31,0,GRI 304: Biodiversity 2016,304-1,Biodiversity (GRI OGSS Topic: Biodiversity),no_evidence,,False,7,False,False,False,False
a0,HPCL2024,phase6,32,0,GRI 304: Biodiversity 2016,304-2,Biodiversity (GRI OGSS Topic: Biodiversity),no_evidence,,False,10,False,False,False,False
a0,HPCL2024,phase6,33,0,GRI 304: Biodiversity 2016,304-3,Biodiversity (GRI OGSS Topic: Biodiversity),partial,,False,4,False,False,False,False
a0,HPCL2024,phase6,34,0,GRI 304: Biodiversity 2016,304-4,Biodiversity (GRI OGSS Topic: Biodiversity),no_evidence,,False,5,False,False,False,False
a0,HPCL2024,phase6,35,0,GRI 306: Waste 2020,306-1,Biodiversity (GRI OGSS Topic: Biodiversity),no_evidence,,False,6,False,False,False,False
a0,HPCL2024,phase6,36,0,GRI 306: Waste 2020,306-2,Biodiversity (GRI OGSS Topic: Biodiversity),partial,,False,24,False,False,False,False
a0,HPCL2024,phase6,37,0,GRI 403: Occupational Health and Safety 2018,403-1,Occupational health and safety (GRI OGSS Topic: Occupational Health and Safety),pass,,False,3,False,False,False,False
a0,HPCL2024,phase6,38,0,GRI 403: Occupational Health and Safety 2018,403-2,Occupational health and safety (GRI OGSS Topic: Occupational Health and Safety),partial,,False,5,False,False,False,False
a0,HPCL2024,phase6,39,0,GRI 403: Occupational Health and Safety 2018,403-3,Occupational health and safety (GRI OGSS Topic: Occupational Health and Safety),pass,,False,1,False,False,False,False
a0,HPCL2024,phase6,40,0,GRI 403: Occupational Health and Safety 2018,403-4,Occupational health and safety (GRI OGSS Topic: Occupational Health and Safety),partial,,False,2,False,False,False,False
a0,HPCL2024,phase6,41,0,GRI 403: Occupational Health and Safety 2018,403-5,Occupational health and safety (GRI OGSS Topic: Occupational Health and Safety),pass,,False,1,False,False,False,False
a0,HPCL2024,phase6,42,0,GRI 403: Occupational Health and Safety 2018,403-6,Occupational health and safety (GRI OGSS Topic: Occupational Health and Safety),partial,,False,2,False,False,False,False
a0,HPCL2024,phase6,43,0,GRI 403: Occupational Health and Safety 2018,403-7,Occupational health and safety (GRI OGSS Topic: Occupational Health and Safety),pass,,False,1,False,False,False,False
a0,HPCL2024,phase6,44,0,GRI 403: Occupational Health and Safety 2018,403-8,Occupational health and safety (GRI OGSS Topic: Occupational Health and Safety),no_evidence,,False,4,False,False,False,False
a0,HPCL2024,phase6,45,0,GRI 403: Occupational Health and Safety 2018,403-9,Occupational health and safety (GRI OGSS Topic: Occupational Health and Safety),partial,,False,16,False,False,False,False
a0,HPCL2024,phase6,46,0,GRI 403: Occupational Health and Safety 2018,403-10,Occupational health and safety (GRI OGSS Topic: Occupational Health and Safety),no_evidence,,False,10,False,False,False,False
a0,HPCL2024,phase6,47,0,GRI 401: Employment 2016,401-1,Manpower Management (GRI OGSS Topic: Employment Practices),partial,,False,2,False,False,False,False
a0,HPCL2024,phase6,48,0,GRI 401: Employment 2016,401-2,Manpower Management (GRI OGSS Topic: Employment Practices),no_evidence,,False,8,False,False,False,False
a0,HPCL2024,phase6,49,0,GRI 401: Employment 2016,401-3,Manpower Management (GRI OGSS Topic: Employment Practices),partial,,False,5,False,False,False,False
a0,HPCL2024,phase6,50,0,GRI 204: Procurement Practices 2016,204-1,Manpower Management (GRI OGSS Topic: Economic Impacts),no_evidence,,False,3,False,False,False,False
a0,HPCL2024,phase6,51,0,GRI 402: Labour/Management Relations 2016,402-1,Manpower Management (GRI: Labour/Management Relations 2016),no_evidence,,False,2,False,False,False,False
a0,HPCL2024,phase6,52,0,GRI 404: Training and Education 2016,404-1,Manpower Management (GRI: Training and Education 2016),partial,,False,2,False,False,False,False
a0,HPCL2024,phase6,53,0,GRI 404: Training and Education 2016,404-2,Manpower Management (GRI: Training and Education 2016),partial,,False,2,False,False,False,False
a0,HPCL2024,phase6,54,0,GRI 404: Training and Education 2016,404-3,Manpower Management (GRI: Training and Education 2016),partial,,False,1,False,False,False,False
a0,HPCL2024,phase6,55,0,GRI 414: Supplier Social Assessment 2016,414-1,Manpower Management (GRI: Supplier Social Assessment 2016),no_evidence,,False,1,False,False,False,False
a0,HPCL2024,phase6,56,0,GRI 414: Supplier Social Assessment 2016,414-2,Manpower Management (GRI: Supplier Social Assessment 2016),no_evidence,,False,5,False,False,False,False
a0,HPCL2024,phase6,57,0,GRI 406: Non-discrimination 2016,406-1,Human Rights (GRI OGSS Topic: Non-discrimination and Equal Opportunity),pass,,False,5,False,False,False,False
a0,HPCL2024,phase6,58,0,GRI 405: Diversity and Equal Opportunity 2016,405-1,Human Rights (GRI OGSS Topic: Non-discrimination and Equal Opportunity),partial,,False,6,False,False,False,False
a0,HPCL2024,phase6,59,0,GRI 405: Diversity and Equal Opportunity 2016,405-2,Human Rights (GRI OGSS Topic: Non-discrimination and Equal Opportunity),no_evidence,,False,2,False,False,False,False
a0,HPCL2024,phase6,60,0,GRI 409: Forced or Compulsory Labour 2016,409-1,Human Rights (GRI OGSS Topic: Forced Labour and Modern Slavery),no_evidence,,False,3,False,False,False,False
a0,HPCL2024,phase6,61,0,GRI 407: Freedom of Association and Collective Bargaining 2016,407-1,Human Rights (GRI OGSS Topic: Freedom of Association and Collective Bargaining),no_evidence,,False,3,False,False,False,False
a0,HPCL2024,phase6,62,0,GRI 203: Indirect Economic Impacts 2016,203-1,Human Rights (GRI OGSS Topic: Economic Impacts),partial,,False,3,False,False,False,False
a0,HPCL2024,phase6,63,0,GRI 203: Indirect Economic Impacts 2016,203-2,Human Rights (GRI OGSS Topic: Economic Impacts),partial,,False,2,False,False,False,False
a0,HPCL2024,phase6,64,0,GRI 411: Rights of Indigenous Peoples 2016,411-1,Human Rights (GRI OGSS Topic: Rights of Indigenous People),no_evidence,,False,5,False,False,False,False
a0,HPCL2024,phase6,65,0,GRI 410: Security Practices 2016,410-1,Human Rights (GRI OGSS Topic: Conflict and Security),no_evidence,,False,2,False,False,False,False
a0,HPCL2024,phase6,66,0,GRI 413: Local Communities 2016,413-1,Diversity & Inclusion (GRI OGSS Topic: Local Communities),no_evidence,,False,8,False,False,False,False
a0,HPCL2024,phase6,67,0,GRI 413: Local Communities 2016,413-2,Diversity & Inclusion (GRI OGSS Topic: Local Communities),no_evidence,,False,2,False,False,False,False
a0,HPCL2024,phase6,68,0,GRI 206: Anti-competitive Behaviour 2016,206-1,"Business Ethics, Transparency & Regulatory Compliance (GRI OGSS Topic: Anti-competitive Behaviour)",no_evidence,,False,2,False,False,False,False
a0,HPCL2024,phase6,69,0,GRI 205: Anti-corruption 2016,205-1,"Business Ethics, Transparency & Regulatory Compliance (GRI OGSS Topic: Anti-corruption)",no_evidence,,False,2,False,False,False,False
a0,HPCL2024,phase6,70,0,GRI 205: Anti-corruption 2016,205-2,"Business Ethics, Transparency & Regulatory Compliance (GRI OGSS Topic: Anti-corruption)",no_evidence,,False,5,False,False,False,False
a0,HPCL2024,phase6,71,0,GRI 205: Anti-corruption 2016,205-3,"Business Ethics, Transparency & Regulatory Compliance (GRI OGSS Topic: Anti-corruption)",no_evidence,,False,4,False,False,False,False
a0,HPCL2024,phase6,72,0,GRI 201: Economic Performance 2016,201-1,"Business Ethics, Transparency & Regulatory Compliance (GRI OGSS Topic: Economic Impacts)",no_evidence,,False,4,False,False,False,False
a0,HPCL2024,phase6,73,0,GRI 201: Economic Performance 2016,201-2,"Business Ethics, Transparency & Regulatory Compliance (GRI OGSS Topic: Economic Impacts)",no_evidence,,False,5,False,False,False,False
a0,HPCL2024,phase6,74,0,GRI 201: Economic Performance 2016,201-4,"Business Ethics, Transparency & Regulatory Compliance (GRI OGSS Topic: Economic Impacts)",partial,,False,10,False,False,False,False
a0,HPCL2024,phase6,75,0,GRI 207: Tax 2019,207-3,"Business Ethics, Transparency & Regulatory Compliance (GRI OGSS Topic: Payments to Governments)",no_evidence,,False,3,False,False,False,False
a0,HPCL2024,phase6,76,0,GRI 207: Tax 2019,207-4,"Business Ethics, Transparency & Regulatory Compliance (GRI OGSS Topic: Payments to Governments)",no_evidence,,False,12,False,False,False,False
a0,HPCL2024,phase6,77,0,GRI 415: Public Policy 2016,415-1,"Business Ethics, Transparency & Regulatory Compliance (GRI OGSS Topic: Public Policy)",pass,,False,2,False,False,False,False
a0,HPCL2024,phase6,78,0,GRI 202: Market Presence 2016,202-2,"Business Ethics, Transparency & Regulatory Compliance (GRI: Market Presence 2016)",no_evidence,,False,4,False,False,False,False
a0,HPCL2024,phase6,79,0,GRI 306: Effluents and Waste 2016,306-3,Safety and security of critical assets (GRI OGSS Topic: Asset Integrity and Critical Incident Management),partial,,False,7,False,False,False,False
a0,IslandOil2024,phase3,0,0,GRI 2,2-1,,partial,,False,4,False,False,False,False
a0,IslandOil2024,phase3,1,0,GRI 2,2-2,,partial,,False,5,False,False,False,False
a0,IslandOil2024,phase3,2,0,GRI 2,2-3,,fail,,False,4,False,False,False,False
a0,IslandOil2024,phase3,3,0,GRI 2,2-4,,partial,,False,2,False,False,False,False
a0,IslandOil2024,phase3,4,0,GRI 2,2-5,,partial,,False,4,False,False,False,False
a0,IslandOil2024,phase3,5,0,GRI 2,2-6,,partial,,False,6,False,False,False,False
a0,IslandOil2024,phase3,6,0,GRI 2,2-7,,partial,,False,10,False,False,False,False
a0,IslandOil2024,phase3,7,0,GRI 2,2-8,,partial,,False,5,False,False,False,False
a0,IslandOil2024,phase3,8,0,GRI 2,2-9,,partial,,False,10,False,False,False,False
a0,IslandOil2024,phase3,9,0,GRI 2,2-10,,pass,,False,5,False,False,False,False
a0,IslandOil2024,phase3,10,0,GRI 2,2-11,,pass,,False,2,False,False,False,False
a0,IslandOil2024,phase3,11,0,GRI 2,2-12,,pass,,False,4,False,False,False,False
a0,IslandOil2024,phase3,12,0,GRI 2,2-13,,partial,,False,3,False,False,False,False
a0,IslandOil2024,phase3,13,0,GRI 2,2-14,,no_evidence,,False,2,False,False,False,False
a0,IslandOil2024,phase3,14,0,GRI 2,2-15,,no_evidence,,False,5,False,False,False,False
a0,IslandOil2024,phase3,15,0,GRI 2,2-16,,no_evidence,,False,2,False,False,False,False
a0,IslandOil2024,phase3,16,0,GRI 2,2-17,,pass,,False,1,False,False,False,False
a0,IslandOil2024,phase3,17,0,GRI 2,2-18,,partial,,False,3,False,False,False,False
a0,IslandOil2024,phase3,18,0,GRI 2,2-19,,omitted,no page pack: omitted,False,0,True,False,True,True
a0,IslandOil2024,phase3,19,0,GRI 2,2-20,,omitted,no page pack: omitted,False,0,True,False,True,True
a0,IslandOil2024,phase3,20,0,GRI 2,2-21,,partial,,False,3,False,False,False,False
a0,IslandOil2024,phase3,21,0,GRI 2,2-22,,partial,,False,1,False,False,False,False
a0,IslandOil2024,phase3,22,0,GRI 2,2-23,,partial,,False,10,False,False,False,False
a0,IslandOil2024,phase3,23,0,GRI 2,2-24,,pass,,False,4,False,False,False,False
a0,IslandOil2024,phase3,24,0,GRI 2,2-25,,partial,,False,5,False,False,False,False
a0,IslandOil2024,phase3,25,0,GRI 2,2-26,,partial,,False,2,False,False,False,False
a0,IslandOil2024,phase3,26,0,GRI 2,2-27,,partial,,False,6,False,False,False,False
a0,IslandOil2024,phase3,27,0,GRI 2,2-28,,partial,,False,1,False,False,False,False
a0,IslandOil2024,phase3,28,0,GRI 2,2-29,,partial,,False,3,False,False,False,False
a0,IslandOil2024,phase3,29,0,GRI 2,2-30,,no_evidence,,False,2,False,False,False,False
a0,IslandOil2024,phase5,0,0,GRI 3,3-1,,pass,,False,3,False,False,False,False
a0,IslandOil2024,phase5,1,0,GRI 3,3-2,,no_evidence,,False,2,False,False,False,False
a0,IslandOil2024,phase5,2,0,GRI 3,3-3,Acting Responsibly,no_evidence,,False,11,False,False,False,False
a0,IslandOil2024,phase5,3,0,GRI 3,3-3,Caring for our people,partial,,False,11,False,False,False,False
a0,IslandOil2024,phase5,4,1,GRI 3,3-3,Caring for our people,partial,,False,11,False,False,False,False
a0,IslandOil2024,phase5,5,2,GRI 3,3-3,Caring for our people,partial,,False,11,False,False,False,False
a0,IslandOil2024,phase5,6,3,GRI 3,3-3,Caring for our people,partial,,False,11,False,False,False,False
a0,IslandOil2024,phase5,7,0,GRI 3,3-3,Economic Performance,fail,no page pack: missing_disclosure,False,0,False,False,True,True
a0,IslandOil2024,phase5,8,0,GRI 3,3-3,Engaging with Society,partial,,False,11,False,False,False,False
a0,IslandOil2024,phase5,9,0,GRI 3,3-3,Enhancing Waste Management and Promoting Circularity,no_evidence,no page pack: page_list_no_matching_chunks; system limitation - human review required,True,0,False,False,True,True
a0,IslandOil2024,phase5,10,0,GRI 3,3-3,Market Presence,fail,no page pack: missing_disclosure,False,0,False,False,True,True
a0,IslandOil2024,phase5,11,0,GRI 3,3-3,Preserving Water Quality and Marine Ecosystems,no_evidence,no page pack: page_list_no_matching_chunks; system limitation - human review required,True,0,False,False,True,True
a0,IslandOil2024,phase5,12,0,GRI 3,3-3,Protecting Biodiversity and Preserving Ecosystem,fail,no page pack: missing_disclosure,False,0,False,False,True,True
a0,IslandOil2024,phase5,13,0,GRI 3,3-3,Responding to Climate Change: Adaptation and Mitigation,no_evidence,no page pack: page_list_no_matching_chunks; system limitation - human review required,True,0,False,False,True,True
a0,IslandOil2024,phase5,14,1,GRI 3,3-3,Responding to Climate Change: Adaptation and Mitigation,no_evidence,no page pack: page_list_no_matching_chunks; system limitation - human review required,True,0,False,False,True,True
a0,IslandOil2024,phase6,0,0,GRI 201: Economic Performance 2016,201-1,Economic Performance,omitted,no page pack: omitted,False,0,True,False,True,True
a0,IslandOil2024,phase6,1,0,GRI 201: Economic Performance 2016,201-2,Economic Performance,omitted,no page pack: omitted,False,0,True,False,True,True
a0,IslandOil2024,phase6,2,0,GRI 201: Economic Performance 2016,201-3,Economic Performance,omitted,no page pack: omitted,False,0,True,False,True,True
a0,IslandOil2024,phase6,3,0,GRI 201: Economic Performance 2016,201-4,Economic Performance,omitted,no page pack: omitted,False,0,True,False,True,True
a0,IslandOil2024,phase6,4,0,GRI 202: Market Presence,202-1,Market Presence,omitted,no page pack: omitted,False,0,True,False,True,True
a0,IslandOil2024,phase6,5,0,GRI 205: Anti-corruption,205-1,Acting Responsibly,omitted,no page pack: omitted,False,0,True,False,True,True
a0,IslandOil2024,phase6,6,0,GRI 205: Anti-corruption,205-2,Acting Responsibly,omitted,no page pack: omitted,False,0,True,False,True,True
a0,IslandOil2024,phase6,7,0,GRI 302: Energy 2016,302-1,Responding to Climate Change: Adaptation and Mitigation,no_evidence,no page pack: page_list_no_matching_chunks; system limitation — human review required,True,0,False,False,True,True
a0,IslandOil2024,phase6,8,0,GRI 302: Energy 2016,302-2,Responding to Climate Change: Adaptation and Mitigation,omitted,no page pack: omitted,False,0,True,False,True,True
a0,IslandOil2024,phase6,9,0,GRI 302: Energy 2016,302-5,Responding to Climate Change: Adaptation and Mitigation,omitted,no page pack: omitted,False,0,True,False,True,True
a0,IslandOil2024,phase6,10,0,GRI 305: Emissions 2016,305-5,Responding to Climate Change: Adaptation and Mitigation,omitted,no page pack: omitted,False,0,True,False,True,True
a0,IslandOil2024,phase6,11,0,GRI 305: Emissions 2016,305-6,Responding to Climate Change: Adaptation and Mitigation,omitted,no page pack: omitted,False,0,True,False,True,True
a0,IslandOil2024,phase6,12,0,GRI 305: Emissions 2016,305-7,Responding to Climate Change: Adaptation and Mitigation,omitted,no page pack: omitted,False,0,True,False,True,True
a0,IslandOil2024,phase6,13,0,GRI 303: Water and Effluents 2018,303-3,Preserving Water Quality and Marine Ecosystems,omitted,no page pack: omitted,False,0,True,False,True,True
a0,IslandOil2024,phase6,14,0,GRI 303: Water and Effluents 2018,303-4,Preserving Water Quality and Marine Ecosystems,omitted,no page pack: omitted,False,0,True,False,True,True
a0,IslandOil2024,phase6,15,0,GRI 303: Water and Effluents 2018,303-5,Preserving Water Quality and Marine Ecosystems,omitted,no page pack: omitted,False,0,True,False,True,True
a0,IslandOil2024,phase6,16,0,GRI 304: Biodiversity 2016,304-1,Protecting Biodiversity and Preserving Ecosystem,omitted,no page pack: omitted,False,0,True,False,True,True
a0,IslandOil2024,phase6,17,0,GRI 304: Biodiversity 2016,304-2,Protecting Biodiversity and Preserving Ecosystem,omitted,no page pack: omitted,False,0,True,False,True,True
a0,IslandOil2024,phase6,18,0,GRI 304: Biodiversity 2016,304-3,Protecting Biodiversity and Preserving Ecosystem,omitted,no page pack: omitted,False,0,True,False,True,True
a0,IslandOil2024,phase6,19,0,GRI 304: Biodiversity 2016,304-4,Protecting Biodiversity and Preserving Ecosystem,omitted,no page pack: omitted,False,0,True,False,True,True
a0,IslandOil2024,phase6,20,0,GRI 401: Employment 2016,401-3,Caring for our people,omitted,no page pack: omitted,False,0,True,False,True,True
a0,IslandOil2024,phase6,21,0,GRI 403: Occupational Health and Safety 2018,403-6,Caring for our people,omitted,no page pack: omitted,False,0,True,False,True,True
a0,IslandOil2024,phase6,22,0,GRI 202: Market Presence,202-2,Market Presence,no_evidence,,False,4,False,False,False,False
a0,IslandOil2024,phase6,23,0,GRI 205: Anti-corruption,205-3,Acting Responsibly,pass,,False,4,False,False,False,False
a0,IslandOil2024,phase6,24,0,GRI 206: Anti-competitive Behavior 2016,206-1,Acting Responsibly,no_evidence,,False,2,False,False,False,False
a0,IslandOil2024,phase6,25,0,GRI 302: Energy 2016,302-3,Responding to Climate Change: Adaptation and Mitigation,pass,,False,4,False,False,False,False
a0,IslandOil2024,phase6,26,0,GRI 302: Energy 2016,302-4,Responding to Climate Change: Adaptation and Mitigation,partial,,False,4,False,False,False,False
a0,IslandOil2024,phase6,27,0,GRI 305: Emissions 2016,305-1,Responding to Climate Change: Adaptation and Mitigation,partial,,False,9,False,False,False,False
a0,IslandOil2024,phase6,28,0,GRI 305: Emissions 2016,305-2,Responding to Climate Change: Adaptation and Mitigation,partial,,False,9,False,False,False,False
a0,IslandOil2024,phase6,29,0,GRI 305: Emissions 2016,305-3,Responding to Climate Change: Adaptation and Mitigation,partial,,False,9,False,False,False,False
a0,IslandOil2024,phase6,30,0,GRI 305: Emissions 2016,305-4,Responding to Climate Change: Adaptation and Mitigation,partial,,False,4,False,False,False,False
a0,IslandOil2024,phase6,31,0,GRI 303: Water and Effluents 2018,303-1,Preserving Water Quality and Marine Ecosystems,partial,,False,4,False,False,False,False
a0,IslandOil2024,phase6,32,0,GRI 303: Water and Effluents 2018,303-2,Preserving Water Quality and Marine Ecosystems,no_evidence,,False,4,False,False,False,False
a0,IslandOil2024,phase6,33,0,GRI 306: Waste 2020,306-1,Enhancing Waste Management and Promoting Circularity,partial,,False,6,False,False,False,False
a0,IslandOil2024,phase6,34,0,GRI 306: Waste 2020,306-2,Enhancing Waste Management and Promoting Circularity,partial,,False,24,False,False,False,False
a0,IslandOil2024,phase6,35,0,GRI 306: Waste 2020,306-3,Enhancing Waste Management and Promoting Circularity,partial,,False,7,False,False,False,False
a0,IslandOil2024,phase6,36,0,GRI 306: Waste 2020,306-4,Enhancing Waste Management and Promoting Circularity,no_evidence,,False,16,False,False,False,False
a0,IslandOil2024,phase6,37,0,GRI 306: Waste 2020,306-5,Enhancing Waste Management and Promoting Circularity,no_evidence,,False,15,False,False,False,False
a0,IslandOil2024,phase6,38,0,GRI 401: Employment 2016,401-1,Caring for our people,no_evidence,,False,2,False,False,False,False
a0,IslandOil2024,phase6,39,0,GRI 401: Employment 2016,401-2,Caring for our people,partial,,False,8,False,False,False,False
a0,IslandOil2024,phase6,40,0,GRI 403: Occupational Health and Safety 2018,403-1,Caring for our people,pass,,False,3,False,False,False,False
a0,IslandOil2024,phase6,41,0,GRI 403: Occupational Health and Safety 2018,403-2,Caring for our people,partial,,False,5,False,False,False,False
a0,IslandOil2024,phase6,42,0,GRI 403: Occupational Health and Safety 2018,403-3,Caring for our people,pass,,False,1,False,False,False,False
a0,IslandOil2024,phase6,43,0,GRI 403: Occupational Health and Safety 2018,403-4,Caring for our people,pass,,False,2,False,False,False,False
a0,IslandOil2024,phase6,44,0,GRI 403: Occupational Health and Safety 2018,403-5,Caring for our people,pass,,False,1,False,False,False,False
a0,IslandOil2024,phase6,45,0,GRI 403: Occupational Health and Safety 2018,403-7,Caring for our people,pass,,False,1,False,False,False,False
a0,IslandOil2024,phase6,46,0,GRI 403: Occupational Health and Safety 2018,403-8,Caring for our people,no_evidence,,False,4,False,False,False,False
a0,IslandOil2024,phase6,47,0,GRI 403: Occupational Health and Safety 2018,403-9,Caring for our people,partial,,False,16,False,False,False,False
a0,IslandOil2024,phase6,48,0,GRI 403: Occupational Health and Safety 2018,403-10,Caring for our people,partial,,False,10,False,False,False,False
a0,IslandOil2024,phase6,49,0,GRI 404: Training and Education 2016,404-1,Caring for our people,no_evidence,,False,2,False,False,False,False
a0,IslandOil2024,phase6,50,0,GRI 404: Training and Education 2016,404-2,Caring for our people,partial,,False,2,False,False,False,False
a0,IslandOil2024,phase6,51,0,GRI 404: Training and Education 2016,404-3,Caring for our people,no_evidence,,False,1,False,False,False,False
a0,IslandOil2024,phase6,52,0,GRI 405: Diversity and Equal Opportunity 2016,405-1,Caring for our people,no_evidence,,False,6,False,False,False,False
a0,IslandOil2024,phase6,53,0,GRI 405: Diversity and Equal Opportunity 2016,405-2,Caring for our people,no_evidence,,False,2,False,False,False,False
a0,IslandOil2024,phase6,54,0,GRI 406: Non-discrimination 2016,406-1,Caring for our people,partial,,False,5,False,False,False,False
a0,IslandOil2024,phase6,55,0,GRI 407: Freedom of Association and Collective Bargaining 2016,407-1,Caring for our people,no_evidence,,False,3,False,False,False,False
a0,IslandOil2024,phase6,56,0,GRI 408: Child Labor 2016,408-1,Caring for our people,partial,,False,5,False,False,False,False
a0,IslandOil2024,phase6,57,0,GRI 409: Forced or Compulsory Labor 2016,409-1,Caring for our people,partial,,False,3,False,False,False,False
a0,IslandOil2024,phase6,58,0,GRI 416: Customer Health and Safety 2016,416-1,Caring for our people,pass,,False,1,False,False,False,False
a0,IslandOil2024,phase6,59,0,GRI 416: Customer Health and Safety 2016,416-2,Caring for our people,pass,,False,4,False,False,False,False
a0,IslandOil2024,phase6,60,0,GRI 413: Local Communities 2016,413-1,Engaging with Society,no_evidence,,False,8,False,False,False,False
a0,IslandOil2024,phase6,61,0,GRI 413: Local Communities 2016,413-2,Engaging with Society,no_evidence,,False,2,False,False,False,False
a0,Mubadala2023,phase3,0,0,GRI 2,2-1,,partial,,False,4,False,False,False,False
a0,Mubadala2023,phase3,1,0,GRI 2,2-2,,partial,,False,5,False,False,False,False
a0,Mubadala2023,phase3,2,0,GRI 2,2-3,,partial,,False,4,False,False,False,False
a0,Mubadala2023,phase3,3,0,GRI 2,2-4,,external_verification,no page pack: external_document_reference,False,0,False,True,True,True
a0,Mubadala2023,phase3,4,0,GRI 2,2-5,,partial,,False,4,False,False,False,False
a0,Mubadala2023,phase3,5,0,GRI 2,2-6,,partial,,False,6,False,False,False,False
a0,Mubadala2023,phase3,6,0,GRI 2,2-7,,no_evidence,,False,10,False,False,False,False
a0,Mubadala2023,phase3,7,0,GRI 2,2-8,,omitted,no page pack: omitted,False,0,True,False,True,True
a0,Mubadala2023,phase3,8,0,GRI 2,2-9,,partial,,False,10,False,False,False,False
a0,Mubadala2023,phase3,9,0,GRI 2,2-10,,no_evidence,,False,5,False,False,False,False
a0,Mubadala2023,phase3,10,0,GRI 2,2-11,,no_evidence,,False,2,False,False,False,False
a0,Mubadala2023,phase3,11,0,GRI 2,2-12,,partial,,False,4,False,False,False,False
a0,Mubadala2023,phase3,12,0,GRI 2,2-13,,partial,,False,3,False,False,False,False
a0,Mubadala2023,phase3,13,0,GRI 2,2-14,,no_evidence,,False,2,False,False,False,False
a0,Mubadala2023,phase3,14,0,GRI 2,2-15,,no_evidence,,False,5,False,False,False,False
a0,Mubadala2023,phase3,15,0,GRI 2,2-16,,no_evidence,,False,2,False,False,False,False
a0,Mubadala2023,phase3,16,0,GRI 2,2-17,,no_evidence,,False,1,False,False,False,False
a0,Mubadala2023,phase3,17,0,GRI 2,2-18,,no_evidence,,False,3,False,False,False,False
a0,Mubadala2023,phase3,18,0,GRI 2,2-19,,omitted,no page pack: omitted,False,0,True,False,True,True
a0,Mubadala2023,phase3,19,0,GRI 2,2-20,,omitted,no page pack: omitted,False,0,True,False,True,True
a0,Mubadala2023,phase3,20,0,GRI 2,2-21,,omitted,no page pack: omitted,False,0,True,False,True,True
a0,Mubadala2023,phase3,21,0,GRI 2,2-22,,no_evidence,,False,1,False,False,False,False
a0,Mubadala2023,phase3,22,0,GRI 2,2-23,,partial,,False,10,False,False,False,False
a0,Mubadala2023,phase3,23,0,GRI 2,2-24,,partial,,False,4,False,False,False,False
a0,Mubadala2023,phase3,24,0,GRI 2,2-25,,partial,,False,5,False,False,False,False
a0,Mubadala2023,phase3,25,0,GRI 2,2-26,,partial,,False,2,False,False,False,False
a0,Mubadala2023,phase3,26,0,GRI 2,2-27,,no_evidence,,False,6,False,False,False,False
a0,Mubadala2023,phase3,27,0,GRI 2,2-28,,omitted,no page pack: omitted,False,0,True,False,True,True
a0,Mubadala2023,phase3,28,0,GRI 2,2-29,,partial,,False,3,False,False,False,False
a0,Mubadala2023,phase3,29,0,GRI 2,2-30,,omitted,no page pack: omitted,False,0,True,False,True,True
a0,Mubadala2023,phase5,0,0,GRI 3,3-1,,pass,,False,3,False,False,False,False
a0,Mubadala2023,phase5,1,0,GRI 3,3-2,,partial,,False,2,False,False,False,False
a0,Mubadala2023,phase5,2,0,GRI 3,3-3,Biodiversity & Ecosystem,partial,,False,11,False,False,False,False
a0,Mubadala2023,phase5,3,0,GRI 3,3-3,Climate Change & Energy Transition,partial,,False,11,False,False,False,False
a0,Mubadala2023,phase5,4,0,GRI 3,3-3,Contributing to Communities & Societies,partial,,False,11,False,False,False,False
a0,Mubadala2023,phase5,5,0,GRI 3,3-3,Cyber Security,partial,,False,11,False,False,False,False
a0,Mubadala2023,phase5,6,0,GRI 3,3-3,Diversity & Inclusion,partial,,False,11,False,False,False,False
a0,Mubadala2023,phase5,7,0,GRI 3,3-3,Energy Consumption & Efficiency,partial,,False,11,False,False,False,False
a0,Mubadala2023,phase5,8,0,GRI 3,3-3,GHG & Other Air Emissions,partial,,False,11,False,False,False,False
a0,Mubadala2023,phase5,9,0,GRI 3,3-3,Governance & Business Ethics,partial,,False,11,False,False,False,False
a0,Mubadala2023,phase5,10,0,GRI 3,3-3,"Health, Safety & Security of People",partial,,False,11,False,False,False,False
a0,Mubadala2023,phase5,11,0,GRI 3,3-3,Innovation & Digital Transformation,partial,,False,11,False,False,False,False
a0,Mubadala2023,phase5,12,0,GRI 3,3-3,Leading Employment Practices,partial,,False,11,False,False,False,False
a0,Mubadala2023,phase5,13,0,GRI 3,3-3,Low Carbon Energy Solutions,partial,,False,11,False,False,False,False
a0,Mubadala2023,phase5,14,0,GRI 3,3-3,National Talent Enhancement,partial,,False,11,False,False,False,False
a0,Mubadala2023,phase5,15,0,GRI 3,3-3,Reliable & Efficient Operations,partial,,False,11,False,False,False,False
a0,Mubadala2023,phase5,16,0,GRI 3,3-3,Responsible Procurement,partial,,False,11,False,False,False,False
a0,Mubadala2023,phase5,17,0,GRI 3,3-3,Spills & Waste Management,partial,,False,11,False,False,False,False
a0,Mubadala2023,phase5,18,0,GRI 3,3-3,Stakeholder Relations & Partnerships,no_evidence,no page pack: page_list_no_matching_chunks; system limitation - human review required,True,0,False,False,True,True
a0,Mubadala2023,phase5,19,0,GRI 3,3-3,"Strategy, Purpose, & Financial Resilience",no_evidence,,False,11,False,False,False,False
a0,Mubadala2023,phase5,20,0,GRI 3,3-3,Talent Building & Retention,partial,,False,11,False,False,False,False
a0,Mubadala2023,phase5,21,0,GRI 3,3-3,Upholding Human Rights,partial,,False,11,False,False,False,False
a0,Mubadala2023,phase5,22,0,GRI 3,3-3,Water Resource Management,partial,,False,11,False,False,False,False
a0,Mubadala2023,phase6,0,0,GRI 305: Emissions 2016,305-6,GHG & Other Air Emissions,omitted,no page pack: omitted,False,0,True,False,True,True
a0,Mubadala2023,phase6,1,0,GRI 302: Energy 2016,302-5,Energy Consumption & Efficiency,omitted,no page pack: omitted,False,0,True,False,True,True
a0,Mubadala2023,phase6,2,0,GRI 402: Labor/Management Relations 2016,402-1,Talent Building & Retention,omitted,no page pack: omitted,False,0,True,False,True,True
a0,Mubadala2023,phase6,3,0,GRI 405: Diversity and Equal Opportunity 2016,405-2,Diversity & Inclusion,omitted,no page pack: omitted,False,0,True,False,True,True
a0,Mubadala2023,phase6,4,0,GRI 305: Emissions 2016,305-1,GHG & Other Air Emissions,partial,,False,9,False,False,False,False
a0,Mubadala2023,phase6,5,0,GRI 305: Emissions 2016,305-2,GHG & Other Air Emissions,partial,,False,9,False,False,False,False
a0,Mubadala2023,phase6,6,0,GRI 305: Emissions 2016,305-3,GHG & Other Air Emissions,no_evidence,,False,9,False,False,False,False
a0,Mubadala2023,phase6,7,0,GRI 305: Emissions 2016,305-4,GHG & Other Air Emissions,partial,,False,4,False,False,False,False
a0,Mubadala2023,phase6,8,0,GRI 305: Emissions 2016,305-5,GHG & Other Air Emissions,partial,,False,5,False,False,False,False
a0,Mubadala2023,phase6,9,0,GRI 305: Emissions 2016,305-7,GHG & Other Air Emissions,no_evidence,,False,7,False,False,False,False
a0,Mubadala2023,phase6,10,0,GRI 306: Waste 2020,306-1,Spills & Waste Management,no_evidence,,False,6,False,False,False,False
a0,Mubadala2023,phase6,11,0,GRI 306: Waste 2020,306-2,Spills & Waste Management,partial,,False,24,False,False,False,False
a0,Mubadala2023,phase6,12,0,GRI 306: Waste 2020,306-3,Spills & Waste Management,partial,,False,7,False,False,False,False
a0,Mubadala2023,phase6,13,0,GRI 306: Waste 2020,306-4,Spills & Waste Management,partial,,False,16,False,False,False,False
a0,Mubadala2023,phase6,14,0,GRI 306: Waste 2020,306-5,Spills & Waste Management,no_evidence,,False,15,False,False,False,False
a0,Mubadala2023,phase6,15,1,GRI 306: Effluents and Waste 2016,306-3,Spills & Waste Management,partial,,False,7,False,False,False,False
a0,Mubadala2023,phase6,16,0,GRI 303: Water and Effluents 2018,303-1,Water Resource Management,partial,,False,4,False,False,False,False
a0,Mubadala2023,phase6,17,0,GRI 303: Water and Effluents 2018,303-2,Water Resource Management,no_evidence,,False,4,False,False,False,False
a0,Mubadala2023,phase6,18,0,GRI 303: Water and Effluents 2018,303-3,Water Resource Management,partial,,False,13,False,False,False,False
a0,Mubadala2023,phase6,19,0,GRI 303: Water and Effluents 2018,303-4,Water Resource Management,partial,,False,12,False,False,False,False
a0,Mubadala2023,phase6,20,0,GRI 303: Water and Effluents 2018,303-5,Water Resource Management,no_evidence,,False,4,False,False,False,False
a0,Mubadala2023,phase6,21,0,GRI 302: Energy 2016,302-1,Energy Consumption & Efficiency,partial,,False,13,False,False,False,False
a0,Mubadala2023,phase6,22,0,GRI 302: Energy 2016,302-2,Energy Consumption & Efficiency,partial,,False,3,False,False,False,False
a0,Mubadala2023,phase6,23,0,GRI 302: Energy 2016,302-3,Energy Consumption & Efficiency,no_evidence,,False,4,False,False,False,False
a0,Mubadala2023,phase6,24,0,GRI 302: Energy 2016,302-4,Energy Consumption & Efficiency,partial,,False,4,False,False,False,False
a0,Mubadala2023,phase6,25,0,GRI 304: Biodiversity 2016,304-1,Biodiversity & Ecosystem,no_evidence,,False,7,False,False,False,False
a0,Mubadala2023,phase6,26,0,GRI 304: Biodiversity 2016,304-2,Biodiversity & Ecosystem,partial,,False,10,False,False,False,False
a0,Mubadala2023,phase6,27,0,GRI 304: Biodiversity 2016,304-3,Biodiversity & Ecosystem,partial,,False,4,False,False,False,False
a0,Mubadala2023,phase6,28,0,GRI 304: Biodiversity 2016,304-4,Biodiversity & Ecosystem,partial,,False,5,False,False,False,False
a0,Mubadala2023,phase6,29,0,GRI 403: Occupational Health and Safety 2018,403-1,"Health, Safety & Security of People",partial,,False,3,False,False,False,False
a0,Mubadala2023,phase6,30,0,GRI 403: Occupational Health and Safety 2018,403-2,"Health, Safety & Security of People",partial,,False,5,False,False,False,False
a0,Mubadala2023,phase6,31,0,GRI 403: Occupational Health and Safety 2018,403-3,"Health, Safety & Security of People",partial,,False,1,False,False,False,False
a0,Mubadala2023,phase6,32,0,GRI 403: Occupational Health and Safety 2018,403-4,"Health, Safety & Security of People",partial,,False,2,False,False,False,False
a0,Mubadala2023,phase6,33,0,GRI 403: Occupational Health and Safety 2018,403-5,"Health, Safety & Security of People",pass,,False,1,False,False,False,False
a0,Mubadala2023,phase6,34,0,GRI 403: Occupational Health and Safety 2018,403-6,"Health, Safety & Security of People",partial,,False,2,False,False,False,False
a0,Mubadala2023,phase6,35,0,GRI 403: Occupational Health and Safety 2018,403-7,"Health, Safety & Security of People",pass,,False,1,False,False,False,False
a0,Mubadala2023,phase6,36,0,GRI 403: Occupational Health and Safety 2018,403-8,"Health, Safety & Security of People",no_evidence,,False,4,False,False,False,False
a0,Mubadala2023,phase6,37,0,GRI 403: Occupational Health and Safety 2018,403-9,"Health, Safety & Security of People",partial,,False,16,False,False,False,False
a0,Mubadala2023,phase6,38,0,GRI 403: Occupational Health and Safety 2018,403-10,"Health, Safety & Security of People",partial,,False,10,False,False,False,False
a0,Mubadala2023,phase6,39,0,GRI 404: Training and Education 2016,404-1,Talent Building & Retention,no_evidence,,False,2,False,False,False,False
a0,Mubadala2023,phase6,40,0,GRI 404: Training and Education 2016,404-2,Talent Building & Retention,partial,,False,2,False,False,False,False
a0,Mubadala2023,phase6,41,0,GRI 404: Training and Education 2016,404-3,Talent Building & Retention,no_evidence,,False,1,False,False,False,False
a0,Mubadala2023,phase6,42,0,GRI 408: Child Labor 2016,408-1,Upholding Human Rights,partial,,False,5,False,False,False,False
a0,Mubadala2023,phase6,43,0,GRI 405: Diversity and Equal Opportunity 2016,405-1,Diversity & Inclusion,partial,,False,6,False,False,False,False
a0,Mubadala2023,phase6,44,0,GRI 406: Non-discrimination 2016,406-1,Diversity & Inclusion,no_evidence,,False,5,False,False,False,False
a0,Mubadala2023,phase6,45,0,GRI 413: Local Communities 2016,413-1,Contributing to Communities & Societies,partial,,False,8,False,False,False,False
a0,Mubadala2023,phase6,46,0,GRI 413: Local Communities 2016,413-2,Contributing to Communities & Societies,partial,,False,2,False,False,False,False
a0,Mubadala2023,phase6,47,0,GRI 401: Employment 2016,401-2,Leading Employment Practices,no_evidence,,False,8,False,False,False,False
a0,Mubadala2023,phase6,48,0,GRI 401: Employment 2016,401-3,Leading Employment Practices,no_evidence,,False,5,False,False,False,False
a0,Mubadala2023,phase6,49,0,GRI 205: Anti-corruption 2016,205-1,Governance & Business Ethics,partial,,False,2,False,False,False,False
a0,Mubadala2023,phase6,50,0,GRI 205: Anti-corruption 2016,205-2,Governance & Business Ethics,no_evidence,,False,5,False,False,False,False
a0,Mubadala2023,phase6,51,0,GRI 205: Anti-corruption 2016,205-3,Governance & Business Ethics,partial,,False,4,False,False,False,False
a0,Mubadala2023,phase6,52,0,GRI 418: Customer Privacy 2016,418-1,Cyber Security,no_evidence,,False,4,False,False,False,False
a0,Mubadala2023,phase6,53,0,GRI 414: Supplier Social Assessment 2016,414-1,Responsible Procurement,no_evidence,,False,1,False,False,False,False
a0,Mubadala2023,phase6,54,0,GRI 414: Supplier Social Assessment 2016,414-2,Responsible Procurement,no_evidence,,False,5,False,False,False,False
a0,Mubadala2023,phase6,55,0,GRI 204: Procurement Practices 2016,204-1,Responsible Procurement,partial,,False,3,False,False,False,False
a0,Mubadala2024,phase3,0,0,GRI 2,2-1,,partial,,False,4,False,False,False,False
a0,Mubadala2024,phase3,1,0,GRI 2,2-2,,partial,,False,5,False,False,False,False
a0,Mubadala2024,phase3,2,0,GRI 2,2-3,,partial,,False,4,False,False,False,False
a0,Mubadala2024,phase3,3,0,GRI 2,2-4,,no_evidence,no page pack: page_list_no_matching_chunks; system limitation — human review required,True,0,False,False,True,True
a0,Mubadala2024,phase3,4,0,GRI 2,2-5,,partial,,False,4,False,False,False,False
a0,Mubadala2024,phase3,5,0,GRI 2,2-6,,pass,,False,6,False,False,False,False
a0,Mubadala2024,phase3,6,0,GRI 2,2-7,,partial,,False,10,False,False,False,False
a0,Mubadala2024,phase3,7,0,GRI 2,2-8,,omitted,no page pack: omitted,False,0,True,False,True,True
a0,Mubadala2024,phase3,8,0,GRI 2,2-9,,partial,,False,10,False,False,False,False
a0,Mubadala2024,phase3,9,0,GRI 2,2-10,,no_evidence,,False,5,False,False,False,False
a0,Mubadala2024,phase3,10,0,GRI 2,2-11,,no_evidence,,False,2,False,False,False,False
a0,Mubadala2024,phase3,11,0,GRI 2,2-12,,partial,,False,4,False,False,False,False
a0,Mubadala2024,phase3,12,0,GRI 2,2-13,,no_evidence,,False,3,False,False,False,False
a0,Mubadala2024,phase3,13,0,GRI 2,2-14,,no_evidence,,False,2,False,False,False,False
a0,Mubadala2024,phase3,14,0,GRI 2,2-15,,no_evidence,,False,5,False,False,False,False
a0,Mubadala2024,phase3,15,0,GRI 2,2-16,,no_evidence,,False,2,False,False,False,False
a0,Mubadala2024,phase3,16,0,GRI 2,2-17,,no_evidence,,False,1,False,False,False,False
a0,Mubadala2024,phase3,17,0,GRI 2,2-18,,no_evidence,,False,3,False,False,False,False
a0,Mubadala2024,phase3,18,0,GRI 2,2-19,,omitted,no page pack: omitted,False,0,True,False,True,True
a0,Mubadala2024,phase3,19,0,GRI 2,2-20,,omitted,no page pack: omitted,False,0,True,False,True,True
a0,Mubadala2024,phase3,20,0,GRI 2,2-21,,omitted,no page pack: omitted,False,0,True,False,True,True
a0,Mubadala2024,phase3,21,0,GRI 2,2-22,,no_evidence,,False,1,False,False,False,False
a0,Mubadala2024,phase3,22,0,GRI 2,2-23,,partial,,False,10,False,False,False,False
a0,Mubadala2024,phase3,23,0,GRI 2,2-24,,pass,,False,4,False,False,False,False
a0,Mubadala2024,phase3,24,0,GRI 2,2-25,,partial,,False,5,False,False,False,False
a0,Mubadala2024,phase3,25,0,GRI 2,2-26,,partial,,False,2,False,False,False,False
a0,Mubadala2024,phase3,26,0,GRI 2,2-27,,partial,,False,6,False,False,False,False
a0,Mubadala2024,phase3,27,0,GRI 2,2-28,,omitted,no page pack: omitted,False,0,True,False,True,True
a0,Mubadala2024,phase3,28,0,GRI 2,2-29,,partial,,False,3,False,False,False,False
a0,Mubadala2024,phase3,29,0,GRI 2,2-30,,omitted,no page pack: omitted,False,0,True,False,True,True
a0,Mubadala2024,phase5,0,0,GRI 3,3-1,,partial,,False,3,False,False,False,False
a0,Mubadala2024,phase5,1,0,GRI 3,3-2,,partial,,False,2,False,False,False,False
a0,Mubadala2024,phase5,2,0,GRI 3,3-3,"Climate Adaptation, Resilience & Transition",partial,,False,11,False,False,False,False
a0,Mubadala2024,phase5,3,0,GRI 3,3-3,Communities & Societies,partial,,False,11,False,False,False,False
a0,Mubadala2024,phase5,4,0,GRI 3,3-3,Data Governance & AI Use,partial,,False,11,False,False,False,False
a0,Mubadala2024,phase5,5,0,GRI 3,3-3,Diversity & Inclusion,partial,,False,11,False,False,False,False
a0,Mubadala2024,phase5,6,0,GRI 3,3-3,Employment Practices,partial,,False,11,False,False,False,False
a0,Mubadala2024,phase5,7,0,GRI 3,3-3,Energy Consumption,partial,,False,11,False,False,False,False
a0,Mubadala2024,phase5,8,0,GRI 3,3-3,GHG & Other Air Emissions,partial,,False,11,False,False,False,False
a0,Mubadala2024,phase5,9,0,GRI 3,3-3,Governance & Business Ethics,partial,,False,11,False,False,False,False
a0,Mubadala2024,phase5,10,0,GRI 3,3-3,"Health, Safety & Security of People",partial,,False,11,False,False,False,False
a0,Mubadala2024,phase5,11,0,GRI 3,3-3,Human Rights,partial,,False,11,False,False,False,False
a0,Mubadala2024,phase5,12,0,GRI 3,3-3,Innovation and Digital Transformation,partial,,False,11,False,False,False,False
a0,Mubadala2024,phase5,13,0,GRI 3,3-3,Nature & Biodiversity,partial,,False,11,False,False,False,False
a0,Mubadala2024,phase5,14,0,GRI 3,3-3,Responsible Procurement,partial,,False,11,False,False,False,False
a0,Mubadala2024,phase5,15,0,GRI 3,3-3,Risk Management,partial,,False,11,False,False,False,False
a0,Mubadala2024,phase5,16,0,GRI 3,3-3,"Talent Attraction, Retention, & Development",partial,,False,11,False,False,False,False
a0,Mubadala2024,phase5,17,0,GRI 3,3-3,Waste Management,partial,,False,11,False,False,False,False
a0,Mubadala2024,phase5,18,0,GRI 3,3-3,Water Resource Management,partial,,False,11,False,False,False,False
a0,Mubadala2024,phase6,0,0,GRI 305: Emissions 2016,305-6,GHG & Other Air Emissions,omitted,no page pack: omitted,False,0,True,False,True,True
a0,Mubadala2024,phase6,1,0,GRI 302: Energy 2016,302-5,Energy Consumption,omitted,no page pack: omitted,False,0,True,False,True,True
a0,Mubadala2024,phase6,2,0,GRI 304: Biodiversity 2016,304-1,Nature & Biodiversity,omitted,no page pack: omitted,False,0,True,False,True,True
a0,Mubadala2024,phase6,3,0,GRI 304: Biodiversity 2016,304-4,Nature & Biodiversity,omitted,no page pack: omitted,False,0,True,False,True,True
a0,Mubadala2024,phase6,4,0,GRI 402: Labor/Management Relations 2016,402-1,"Talent Attraction, Retention, & Development",omitted,no page pack: omitted,False,0,True,False,True,True
a0,Mubadala2024,phase6,5,0,GRI 405: Diversity and Equal Opportunity 2016,405-2,Diversity & Inclusion,omitted,no page pack: omitted,False,0,True,False,True,True
a0,Mubadala2024,phase6,6,0,GRI 401: Employment 2016,401-3,Employment Practices,no_evidence,no page pack: page_list_no_matching_chunks; system limitation — human review required,True,0,False,False,True,True
a0,Mubadala2024,phase6,7,0,GRI 305: Emissions 2016,305-1,GHG & Other Air Emissions,partial,,False,9,False,False,False,False
a0,Mubadala2024,phase6,8,0,GRI 305: Emissions 2016,305-2,GHG & Other Air Emissions,partial,,False,9,False,False,False,False
a0,Mubadala2024,phase6,9,0,GRI 305: Emissions 2016,305-3,GHG & Other Air Emissions,partial,,False,9,False,False,False,False
a0,Mubadala2024,phase6,10,0,GRI 305: Emissions 2016,305-4,GHG & Other Air Emissions,partial,,False,4,False,False,False,False
a0,Mubadala2024,phase6,11,0,GRI 305: Emissions 2016,305-5,GHG & Other Air Emissions,partial,,False,5,False,False,False,False
a0,Mubadala2024,phase6,12,0,GRI 305: Emissions 2016,305-7,GHG & Other Air Emissions,partial,,False,7,False,False,False,False
a0,Mubadala2024,phase6,13,0,GRI 306: Waste 2020,306-1,Waste Management,no_evidence,,False,6,False,False,False,False
a0,Mubadala2024,phase6,14,0,GRI 306: Waste 2020,306-2,Waste Management,partial,,False,24,False,False,False,False
a0,Mubadala2024,phase6,15,0,GRI 306: Waste 2020,306-3,Waste Management,partial,,False,7,False,False,False,False
a0,Mubadala2024,phase6,16,0,GRI 306: Waste 2020,306-4,Waste Management,fail,,False,16,False,False,False,False
a0,Mubadala2024,phase6,17,0,GRI 306: Waste 2020,306-5,Waste Management,no_evidence,,False,15,False,False,False,False
a0,Mubadala2024,phase6,18,1,GRI 306: Effluents and Waste 2016,306-3,Waste Management,partial,,False,7,False,False,False,False
a0,Mubadala2024,phase6,19,0,GRI 303: Water and Effluents 2018,303-1,Water Resource Management,partial,,False,4,False,False,False,False
a0,Mubadala2024,phase6,20,0,GRI 303: Water and Effluents 2018,303-2,Water Resource Management,no_evidence,,False,4,False,False,False,False
a0,Mubadala2024,phase6,21,0,GRI 303: Water and Effluents 2018,303-3,Water Resource Management,partial,,False,13,False,False,False,False
a0,Mubadala2024,phase6,22,0,GRI 303: Water and Effluents 2018,303-4,Water Resource Management,no_evidence,,False,12,False,False,False,False
a0,Mubadala2024,phase6,23,0,GRI 303: Water and Effluents 2018,303-5,Water Resource Management,partial,,False,4,False,False,False,False
a0,Mubadala2024,phase6,24,0,GRI 302: Energy 2016,302-1,Energy Consumption,partial,,False,13,False,False,False,False
a0,Mubadala2024,phase6,25,0,GRI 302: Energy 2016,302-2,Energy Consumption,partial,,False,3,False,False,False,False
a0,Mubadala2024,phase6,26,0,GRI 302: Energy 2016,302-3,Energy Consumption,partial,,False,4,False,False,False,False
a0,Mubadala2024,phase6,27,0,GRI 302: Energy 2016,302-4,Energy Consumption,partial,,False,4,False,False,False,False
a0,Mubadala2024,phase6,28,0,GRI 304: Biodiversity 2016,304-2,Nature & Biodiversity,no_evidence,,False,10,False,False,False,False
a0,Mubadala2024,phase6,29,0,GRI 304: Biodiversity 2016,304-3,Nature & Biodiversity,partial,,False,4,False,False,False,False
a0,Mubadala2024,phase6,30,0,GRI 403: Occupational Health and Safety 2018,403-1,"Health, Safety & Security of People",pass,,False,3,False,False,False,False
a0,Mubadala2024,phase6,31,0,GRI 403: Occupational Health and Safety 2018,403-2,"Health, Safety & Security of People",partial,,False,5,False,False,False,False
a0,Mubadala2024,phase6,32,0,GRI 403: Occupational Health and Safety 2018,403-3,"Health, Safety & Security of People",pass,,False,1,False,False,False,False
a0,Mubadala2024,phase6,33,0,GRI 403: Occupational Health and Safety 2018,403-4,"Health, Safety & Security of People",partial,,False,2,False,False,False,False
a0,Mubadala2024,phase6,34,0,GRI 403: Occupational Health and Safety 2018,403-5,"Health, Safety & Security of People",pass,,False,1,False,False,False,False
a0,Mubadala2024,phase6,35,0,GRI 403: Occupational Health and Safety 2018,403-6,"Health, Safety & Security of People",partial,,False,2,False,False,False,False
a0,Mubadala2024,phase6,36,0,GRI 403: Occupational Health and Safety 2018,403-7,"Health, Safety & Security of People",pass,,False,1,False,False,False,False
a0,Mubadala2024,phase6,37,0,GRI 403: Occupational Health and Safety 2018,403-8,"Health, Safety & Security of People",partial,,False,4,False,False,False,False
a0,Mubadala2024,phase6,38,0,GRI 403: Occupational Health and Safety 2018,403-9,"Health, Safety & Security of People",partial,,False,16,False,False,False,False
a0,Mubadala2024,phase6,39,0,GRI 403: Occupational Health and Safety 2018,403-10,"Health, Safety & Security of People",partial,,False,10,False,False,False,False
a0,Mubadala2024,phase6,40,0,GRI 404: Training and Education 2016,404-1,"Talent Attraction, Retention, & Development",no_evidence,,False,2,False,False,False,False
a0,Mubadala2024,phase6,41,0,GRI 404: Training and Education 2016,404-2,"Talent Attraction, Retention, & Development",partial,,False,2,False,False,False,False
a0,Mubadala2024,phase6,42,0,GRI 404: Training and Education 2016,404-3,"Talent Attraction, Retention, & Development",partial,,False,1,False,False,False,False
a0,Mubadala2024,phase6,43,0,GRI 405: Diversity and Equal Opportunity 2016,405-1,Diversity & Inclusion,partial,,False,6,False,False,False,False
a0,Mubadala2024,phase6,44,0,GRI 406: Non-discrimination 2016,406-1,Diversity & Inclusion,no_evidence,,False,5,False,False,False,False
a0,Mubadala2024,phase6,45,0,GRI 413: Local Communities 2016,413-1,Communities & Societies,no_evidence,,False,8,False,False,False,False
a0,Mubadala2024,phase6,46,0,GRI 413: Local Communities 2016,413-2,Communities & Societies,partial,,False,2,False,False,False,False
a0,Mubadala2024,phase6,47,0,GRI 401: Employment 2016,401-2,Employment Practices,no_evidence,,False,8,False,False,False,False
a0,Mubadala2024,phase6,48,0,GRI 408: Child Labor 2016,408-1,Human Rights,partial,,False,5,False,False,False,False
a0,Mubadala2024,phase6,49,0,GRI 205: Anti-corruption 2016,205-1,Governance & Business Ethics,partial,,False,2,False,False,False,False
a0,Mubadala2024,phase6,50,0,GRI 205: Anti-corruption 2016,205-2,Governance & Business Ethics,no_evidence,,False,5,False,False,False,False
a0,Mubadala2024,phase6,51,0,GRI 205: Anti-corruption 2016,205-3,Governance & Business Ethics,partial,,False,4,False,False,False,False
a0,Mubadala2024,phase6,52,0,GRI 418: Customer Privacy 2016,418-1,Data Governance & AI Use,partial,,False,4,False,False,False,False
a0,Mubadala2024,phase6,53,0,GRI 414: Supplier Social Assessment 2016,414-1,Responsible Procurement,no_evidence,,False,1,False,False,False,False
a0,Mubadala2024,phase6,54,0,GRI 414: Supplier Social Assessment 2016,414-2,Responsible Procurement,no_evidence,,False,5,False,False,False,False
a0,Mubadala2024,phase6,55,0,GRI 204: Procurement Practices 2016,204-1,Responsible Procurement,no_evidence,,False,3,False,False,False,False
a0,OKQ82023,phase3,0,0,GRI 2,2-1,,partial,,False,4,False,False,False,False
a0,OKQ82023,phase3,1,0,GRI 2,2-2,,partial,,False,5,False,False,False,False
a0,OKQ82023,phase3,2,0,GRI 2,2-3,,partial,,False,4,False,False,False,False
a0,OKQ82023,phase3,3,0,GRI 2,2-4,,partial,,False,2,False,False,False,False
a0,OKQ82023,phase3,4,0,GRI 2,2-5,,pass,,False,4,False,False,False,False
a0,OKQ82023,phase3,5,0,GRI 2,2-6,,partial,,False,6,False,False,False,False
a0,OKQ82023,phase3,6,0,GRI 2,2-7,,no_evidence,,False,10,False,False,False,False
a0,OKQ82023,phase3,7,0,GRI 2,2-8,,omitted,no page pack: omitted,False,0,True,False,True,True
a0,OKQ82023,phase3,8,0,GRI 2,2-9,,omitted,no page pack: omitted,False,0,True,False,True,True
a0,OKQ82023,phase3,9,0,GRI 2,2-10,,omitted,no page pack: omitted,False,0,True,False,True,True
a0,OKQ82023,phase3,10,0,GRI 2,2-11,,partial,,False,2,False,False,False,False
a0,OKQ82023,phase3,11,0,GRI 2,2-12,,partial,,False,4,False,False,False,False
a0,OKQ82023,phase3,12,0,GRI 2,2-13,,partial,,False,3,False,False,False,False
a0,OKQ82023,phase3,13,0,GRI 2,2-14,,pass,,False,2,False,False,False,False
a0,OKQ82023,phase3,14,0,GRI 2,2-15,,omitted,no page pack: omitted,False,0,True,False,True,True
a0,OKQ82023,phase3,15,0,GRI 2,2-16,,partial,,False,2,False,False,False,False
a0,OKQ82023,phase3,16,0,GRI 2,2-17,,partial,,False,1,False,False,False,False
a0,OKQ82023,phase3,17,0,GRI 2,2-18,,partial,,False,3,False,False,False,False
a0,OKQ82023,phase3,18,0,GRI 2,2-19,,omitted,no page pack: omitted,False,0,True,False,True,True
a0,OKQ82023,phase3,19,0,GRI 2,2-20,,omitted,no page pack: omitted,False,0,True,False,True,True
a0,OKQ82023,phase3,20,0,GRI 2,2-21,,omitted,no page pack: omitted,False,0,True,False,True,True
a0,OKQ82023,phase3,21,0,GRI 2,2-22,,pass,,False,1,False,False,False,False
a0,OKQ82023,phase3,22,0,GRI 2,2-23,,partial,,False,10,False,False,False,False
a0,OKQ82023,phase3,23,0,GRI 2,2-24,,pass,,False,4,False,False,False,False
a0,OKQ82023,phase3,24,0,GRI 2,2-25,,partial,,False,5,False,False,False,False
a0,OKQ82023,phase3,25,0,GRI 2,2-26,,partial,,False,2,False,False,False,False
a0,OKQ82023,phase3,26,0,GRI 2,2-27,,no_evidence,,False,6,False,False,False,False
a0,OKQ82023,phase3,27,0,GRI 2,2-28,,partial,,False,1,False,False,False,False
a0,OKQ82023,phase3,28,0,GRI 2,2-29,,partial,,False,3,False,False,False,False
a0,OKQ82023,phase3,29,0,GRI 2,2-30,,partial,,False,2,False,False,False,False
a0,OKQ82023,phase5,0,0,GRI 3,3-1,,pass,,False,3,False,False,False,False
a0,OKQ82023,phase5,1,0,GRI 3,3-2,,partial,,False,2,False,False,False,False
a0,OKQ82023,phase5,2,0,GRI 3,3-3,Anti-competitive behavior,partial,,False,11,False,False,False,False
a0,OKQ82023,phase5,3,0,GRI 3,3-3,Anti-corruption,partial,,False,11,False,False,False,False
a0,OKQ82023,phase5,4,0,GRI 3,3-3,Biodiversity,partial,,False,11,False,False,False,False
a0,OKQ82023,phase5,5,0,GRI 3,3-3,Diversity and equal opportunity,partial,,False,11,False,False,False,False
a0,OKQ82023,phase5,6,0,GRI 3,3-3,Emissions,partial,,False,11,False,False,False,False
a0,OKQ82023,phase5,7,0,GRI 3,3-3,Employment,partial,,False,11,False,False,False,False
a0,OKQ82023,phase5,8,0,GRI 3,3-3,Energy,partial,,False,11,False,False,False,False
a0,OKQ82023,phase5,9,0,GRI 3,3-3,Forced or compulsory labour,partial,,False,11,False,False,False,False
a0,OKQ82023,phase5,10,0,GRI 3,3-3,Freedom of association and collective bargaining,partial,,False,11,False,False,False,False
a0,OKQ82023,phase5,11,0,GRI 3,3-3,Labour/management relations,partial,,False,11,False,False,False,False
a0,OKQ82023,phase5,12,0,GRI 3,3-3,Non-discrimination,partial,,False,11,False,False,False,False
a0,OKQ82023,phase5,13,0,GRI 3,3-3,Occupational health and safety,partial,,False,11,False,False,False,False
a0,OKQ82023,phase5,14,0,GRI 3,3-3,Supplier environmental assessment,partial,,False,11,False,False,False,False
a0,OKQ82023,phase5,15,0,GRI 3,3-3,Supplier social assessment,partial,,False,11,False,False,False,False
a0,OKQ82023,phase5,16,0,GRI 3,3-3,Training and education,partial,,False,11,False,False,False,False
a0,OKQ82023,phase5,17,0,GRI 3,3-3,Waste,partial,,False,11,False,False,False,False
a0,OKQ82023,phase5,18,0,GRI 3,3-3,Water and effluents,partial,,False,11,False,False,False,False
a0,OKQ82023,phase6,0,0,GRI 302: Energy 2016,302-2,Energy,omitted,no page pack: omitted,False,0,True,False,True,True
a0,OKQ82023,phase6,1,0,GRI 303: Water and Effluents 2018,303-1,Water and effluents,omitted,no page pack: omitted,False,0,True,False,True,True
a0,OKQ82023,phase6,2,0,GRI 303: Water and Effluents 2018,303-2,Water and effluents,omitted,no page pack: omitted,False,0,True,False,True,True
a0,OKQ82023,phase6,3,0,GRI 303: Water and Effluents 2018,303-3,Water and effluents,omitted,no page pack: omitted,False,0,True,False,True,True
a0,OKQ82023,phase6,4,0,GRI 303: Water and Effluents 2018,303-4,Water and effluents,omitted,no page pack: omitted,False,0,True,False,True,True
a0,OKQ82023,phase6,5,0,GRI 303: Water and Effluents 2018,303-5,Water and effluents,omitted,no page pack: omitted,False,0,True,False,True,True
a0,OKQ82023,phase6,6,0,GRI 304: Biodiversity 2016,304-1,Biodiversity,omitted,no page pack: omitted,False,0,True,False,True,True
a0,OKQ82023,phase6,7,0,GRI 304: Biodiversity 2016,304-4,Biodiversity,omitted,no page pack: omitted,False,0,True,False,True,True
a0,OKQ82023,phase6,8,0,GRI 401: Employment 2016,401-3,Employment,omitted,no page pack: omitted,False,0,True,False,True,True
a0,OKQ82023,phase6,9,0,GRI 404: Training and Education 2016,404-1,Training and education,omitted,no page pack: omitted,False,0,True,False,True,True
a0,OKQ82023,phase6,10,0,GRI 405: Diversity and Equal Opportunity 2016,405-2,Diversity and equal opportunity,omitted,no page pack: omitted,False,0,True,False,True,True
a0,OKQ82023,phase6,11,0,GRI 407: Freedom of Association and Collective Bargaining 2016,407-1,Freedom of association and collective bargaining,omitted,no page pack: omitted,False,0,True,False,True,True
a0,OKQ82023,phase6,12,0,GRI 409: Forced or Compulsory Labour 2016,409-1,Forced or compulsory labour,omitted,no page pack: omitted,False,0,True,False,True,True
a0,OKQ82023,phase6,13,0,GRI 414: Supplier Social Assessment 2016,414-1,Supplier social assessment,omitted,no page pack: omitted,False,0,True,False,True,True
a0,OKQ82023,phase6,14,0,GRI 205: Anti-corruption 2016,205-1,Anti-corruption,no_evidence,,False,2,False,False,False,False
a0,OKQ82023,phase6,15,0,GRI 205: Anti-corruption 2016,205-2,Anti-corruption,no_evidence,,False,5,False,False,False,False
a0,OKQ82023,phase6,16,0,GRI 205: Anti-corruption 2016,205-3,Anti-corruption,no_evidence,,False,4,False,False,False,False
a0,OKQ82023,phase6,17,0,GRI 206: Anti-competitive Behavior 2016,206-1,Anti-competitive behavior,no_evidence,,False,2,False,False,False,False
a0,OKQ82023,phase6,18,0,GRI 302: Energy 2016,302-1,Energy,partial,,False,13,False,False,False,False
a0,OKQ82023,phase6,19,0,GRI 302: Energy 2016,302-3,Energy,partial,,False,4,False,False,False,False
a0,OKQ82023,phase6,20,0,GRI 302: Energy 2016,302-4,Energy,no_evidence,,False,4,False,False,False,False
a0,OKQ82023,phase6,21,0,GRI 304: Biodiversity 2016,304-2,Biodiversity,partial,,False,10,False,False,False,False
a0,OKQ82023,phase6,22,0,GRI 304: Biodiversity 2016,304-3,Biodiversity,no_evidence,,False,4,False,False,False,False
a0,OKQ82023,phase6,23,0,GRI 305: Emissions 2016,305-1,Emissions,no_evidence,,False,9,False,False,False,False
a0,OKQ82023,phase6,24,0,GRI 305: Emissions 2016,305-2,Emissions,partial,,False,9,False,False,False,False
a0,OKQ82023,phase6,25,0,GRI 305: Emissions 2016,305-3,Emissions,partial,,False,9,False,False,False,False
a0,OKQ82023,phase6,26,0,GRI 305: Emissions 2016,305-4,Emissions,partial,,False,4,False,False,False,False
a0,OKQ82023,phase6,27,0,GRI 305: Emissions 2016,305-5,Emissions,partial,,False,5,False,False,False,False
a0,OKQ82023,phase6,28,0,GRI 305: Emissions 2016,305-7,Emissions,partial,,False,7,False,False,False,False
a0,OKQ82023,phase6,29,0,GRI 306: Effluents and Waste 2016,306-3,Waste,partial,,False,7,False,False,False,False
a0,OKQ82023,phase6,30,0,GRI 306: Waste 2020,306-1,Waste,no_evidence,,False,6,False,False,False,False
a0,OKQ82023,phase6,31,0,GRI 306: Waste 2020,306-2,Waste,partial,,False,24,False,False,False,False
a0,OKQ82023,phase6,32,1,GRI 306: Waste 2020,306-3,Waste,partial,,False,7,False,False,False,False
a0,OKQ82023,phase6,33,0,GRI 306: Waste 2020,306-4,Waste,no_evidence,,False,16,False,False,False,False
a0,OKQ82023,phase6,34,0,GRI 306: Waste 2020,306-5,Waste,no_evidence,,False,15,False,False,False,False
a0,OKQ82023,phase6,35,0,GRI 308: Supplier Environmental Assessment 2016,308-2,Supplier environmental assessment,no_evidence,,False,5,False,False,False,False
a0,OKQ82023,phase6,36,0,GRI 401: Employment 2016,401-1,Employment,no_evidence,,False,2,False,False,False,False
a0,OKQ82023,phase6,37,0,GRI 401: Employment 2016,401-2,Employment,no_evidence,,False,8,False,False,False,False
a0,OKQ82023,phase6,38,0,GRI 402: Labour/Management Relations 2016,402-1,Labour/management relations,partial,,False,2,False,False,False,False
a0,OKQ82023,phase6,39,0,GRI 403: Occupational Health and Safety 2018,403-1,Occupational health and safety,partial,,False,3,False,False,False,False
a0,OKQ82023,phase6,40,0,GRI 403: Occupational Health and Safety 2018,403-2,Occupational health and safety,partial,,False,5,False,False,False,False
a0,OKQ82023,phase6,41,0,GRI 403: Occupational Health and Safety 2018,403-3,Occupational health and safety,partial,,False,1,False,False,False,False
a0,OKQ82023,phase6,42,0,GRI 403: Occupational Health and Safety 2018,403-4,Occupational health and safety,partial,,False,2,False,False,False,False
a0,OKQ82023,phase6,43,0,GRI 403: Occupational Health and Safety 2018,403-5,Occupational health and safety,pass,,False,1,False,False,False,False
a0,OKQ82023,phase6,44,0,GRI 403: Occupational Health and Safety 2018,403-6,Occupational health and safety,partial,,False,2,False,False,False,False
a0,OKQ82023,phase6,45,0,GRI 403: Occupational Health and Safety 2018,403-7,Occupational health and safety,pass,,False,1,False,False,False,False
a0,OKQ82023,phase6,46,0,GRI 403: Occupational Health and Safety 2018,403-8,Occupational health and safety,no_evidence,,False,4,False,False,False,False
a0,OKQ82023,phase6,47,0,GRI 403: Occupational Health and Safety 2018,403-9,Occupational health and safety,partial,,False,16,False,False,False,False
a0,OKQ82023,phase6,48,0,GRI 403: Occupational Health and Safety 2018,403-10,Occupational health and safety,partial,,False,10,False,False,False,False
a0,OKQ82023,phase6,49,0,GRI 404: Training and Education 2016,404-2,Training and education,partial,,False,2,False,False,False,False
a0,OKQ82023,phase6,50,0,GRI 404: Training and Education 2016,404-3,Training and education,no_evidence,,False,1,False,False,False,False
a0,OKQ82023,phase6,51,0,GRI 405: Diversity and Equal Opportunity 2016,405-1,Diversity and equal opportunity,no_evidence,,False,6,False,False,False,False
a0,OKQ82023,phase6,52,0,GRI 406: Non-discrimination 2016,406-1,Non-discrimination,no_evidence,,False,5,False,False,False,False
a0,OKQ82023,phase6,53,0,GRI 414: Supplier Social Assessment 2016,414-2,Supplier social assessment,no_evidence,,False,5,False,False,False,False
a0,OKQ82024,phase3,0,0,GRI 2,2-1,,partial,,False,4,False,False,False,False
a0,OKQ82024,phase3,1,0,GRI 2,2-2,,partial,,False,5,False,False,False,False
a0,OKQ82024,phase3,2,0,GRI 2,2-3,,partial,,False,4,False,False,False,False
a0,OKQ82024,phase3,3,0,GRI 2,2-4,,no_evidence,,False,2,False,False,False,False
a0,OKQ82024,phase3,4,0,GRI 2,2-5,,pass,,False,4,False,False,False,False
a0,OKQ82024,phase3,5,0,GRI 2,2-6,,partial,,False,6,False,False,False,False
a0,OKQ82024,phase3,6,0,GRI 2,2-7,,partial,,False,10,False,False,False,False
a0,OKQ82024,phase3,7,0,GRI 2,2-8,,omitted,no page pack: omitted,False,0,True,False,True,True
a0,OKQ82024,phase3,8,0,GRI 2,2-9,,omitted,no page pack: omitted,False,0,True,False,True,True
a0,OKQ82024,phase3,9,0,GRI 2,2-10,,omitted,no page pack: omitted,False,0,True,False,True,True
a0,OKQ82024,phase3,10,0,GRI 2,2-11,,no_evidence,,False,2,False,False,False,False
a0,OKQ82024,phase3,11,0,GRI 2,2-12,,partial,,False,4,False,False,False,False
a0,OKQ82024,phase3,12,0,GRI 2,2-13,,partial,,False,3,False,False,False,False
a0,OKQ82024,phase3,13,0,GRI 2,2-14,,pass,,False,2,False,False,False,False
a0,OKQ82024,phase3,14,0,GRI 2,2-15,,omitted,no page pack: omitted,False,0,True,False,True,True
a0,OKQ82024,phase3,15,0,GRI 2,2-16,,partial,,False,2,False,False,False,False
a0,OKQ82024,phase3,16,0,GRI 2,2-17,,no_evidence,,False,1,False,False,False,False
a0,OKQ82024,phase3,17,0,GRI 2,2-18,,partial,,False,3,False,False,False,False
a0,OKQ82024,phase3,18,0,GRI 2,2-19,,omitted,no page pack: omitted,False,0,True,False,True,True
a0,OKQ82024,phase3,19,0,GRI 2,2-20,,omitted,no page pack: omitted,False,0,True,False,True,True
a0,OKQ82024,phase3,20,0,GRI 2,2-21,,omitted,no page pack: omitted,False,0,True,False,True,True
a0,OKQ82024,phase3,21,0,GRI 2,2-22,,pass,,False,1,False,False,False,False
a0,OKQ82024,phase3,22,0,GRI 2,2-23,,partial,,False,10,False,False,False,False
a0,OKQ82024,phase3,23,0,GRI 2,2-24,,pass,,False,4,False,False,False,False
a0,OKQ82024,phase3,24,0,GRI 2,2-25,,partial,,False,5,False,False,False,False
a0,OKQ82024,phase3,25,0,GRI 2,2-26,,partial,,False,2,False,False,False,False
a0,OKQ82024,phase3,26,0,GRI 2,2-27,,no_evidence,,False,6,False,False,False,False
a0,OKQ82024,phase3,27,0,GRI 2,2-28,,pass,,False,1,False,False,False,False
a0,OKQ82024,phase3,28,0,GRI 2,2-29,,partial,,False,3,False,False,False,False
a0,OKQ82024,phase3,29,0,GRI 2,2-30,,no_evidence,,False,2,False,False,False,False
a0,OKQ82024,phase5,0,0,GRI 3,3-1,,pass,,False,3,False,False,False,False
a0,OKQ82024,phase5,1,0,GRI 3,3-2,,partial,,False,2,False,False,False,False
a0,OKQ82024,phase5,2,0,GRI 3,3-3,Anti-competitive behavior,partial,,False,11,False,False,False,False
a0,OKQ82024,phase5,3,0,GRI 3,3-3,Anti-corruption,partial,,False,11,False,False,False,False
a0,OKQ82024,phase5,4,0,GRI 3,3-3,Biodiversity,partial,,False,11,False,False,False,False
a0,OKQ82024,phase5,5,0,GRI 3,3-3,Diversity and equal opportunity,partial,,False,11,False,False,False,False
a0,OKQ82024,phase5,6,0,GRI 3,3-3,Emissions,partial,,False,11,False,False,False,False
a0,OKQ82024,phase5,7,0,GRI 3,3-3,Employment,partial,,False,11,False,False,False,False
a0,OKQ82024,phase5,8,0,GRI 3,3-3,Energy,partial,,False,11,False,False,False,False
a0,OKQ82024,phase5,9,0,GRI 3,3-3,Forced or compulsory labour,no_evidence,,False,11,False,False,False,False
a0,OKQ82024,phase5,10,0,GRI 3,3-3,Freedom of association and collective bargaining,no_evidence,,False,11,False,False,False,False
a0,OKQ82024,phase5,11,0,GRI 3,3-3,Labour/management relations,no_evidence,,False,11,False,False,False,False
a0,OKQ82024,phase5,12,0,GRI 3,3-3,Non-discrimination,partial,,False,11,False,False,False,False
a0,OKQ82024,phase5,13,0,GRI 3,3-3,Occupational health and safety,partial,,False,11,False,False,False,False
a0,OKQ82024,phase5,14,0,GRI 3,3-3,Supplier environmental assessment,partial,,False,11,False,False,False,False
a0,OKQ82024,phase5,15,0,GRI 3,3-3,Supplier social assessment,partial,,False,11,False,False,False,False
a0,OKQ82024,phase5,16,0,GRI 3,3-3,Training and education,partial,,False,11,False,False,False,False
a0,OKQ82024,phase5,17,0,GRI 3,3-3,Waste,partial,,False,11,False,False,False,False
a0,OKQ82024,phase5,18,0,GRI 3,3-3,Water and effluents,partial,,False,11,False,False,False,False
a0,OKQ82024,phase6,0,0,GRI 302: Energy 2016,302-2,Energy,omitted,no page pack: omitted,False,0,True,False,True,True
a0,OKQ82024,phase6,1,0,GRI 303: Water and Effluents 2018,303-1,Water and effluents,omitted,no page pack: omitted,False,0,True,False,True,True
a0,OKQ82024,phase6,2,0,GRI 303: Water and Effluents 2018,303-2,Water and effluents,omitted,no page pack: omitted,False,0,True,False,True,True
a0,OKQ82024,phase6,3,0,GRI 303: Water and Effluents 2018,303-3,Water and effluents,omitted,no page pack: omitted,False,0,True,False,True,True
a0,OKQ82024,phase6,4,0,GRI 303: Water and Effluents 2018,303-4,Water and effluents,omitted,no page pack: omitted,False,0,True,False,True,True
a0,OKQ82024,phase6,5,0,GRI 303: Water and Effluents 2018,303-5,Water and effluents,omitted,no page pack: omitted,False,0,True,False,True,True
a0,OKQ82024,phase6,6,0,GRI 304: Biodiversity 2016,304-1,Biodiversity,omitted,no page pack: omitted,False,0,True,False,True,True
a0,OKQ82024,phase6,7,0,GRI 304: Biodiversity 2016,304-4,Biodiversity,omitted,no page pack: omitted,False,0,True,False,True,True
a0,OKQ82024,phase6,8,0,GRI 305: Emissions 2016,305-7,Emissions,no_evidence,no page pack: page_list_no_matching_chunks; system limitation — human review required,True,0,False,False,True,True
a0,OKQ82024,phase6,9,0,GRI 401: Employment 2016,401-3,Employment,omitted,no page pack: omitted,False,0,True,False,True,True
a0,OKQ82024,phase6,10,0,GRI 404: Training and Education 2016,404-1,Training and education,omitted,no page pack: omitted,False,0,True,False,True,True
a0,OKQ82024,phase6,11,0,GRI 405: Diversity and Equal Opportunity 2016,405-2,Diversity and equal opportunity,omitted,no page pack: omitted,False,0,True,False,True,True
a0,OKQ82024,phase6,12,0,GRI 407: Freedom of Association and Collective Bargaining 2016,407-1,Freedom of association and collective bargaining,omitted,no page pack: omitted,False,0,True,False,True,True
a0,OKQ82024,phase6,13,0,GRI 409: Forced or Compulsory Labour 2016,409-1,Forced or compulsory labour,omitted,no page pack: omitted,False,0,True,False,True,True
a0,OKQ82024,phase6,14,0,GRI 414: Supplier Social Assessment 2016,414-1,Supplier social assessment,omitted,no page pack: omitted,False,0,True,False,True,True
a0,OKQ82024,phase6,15,0,GRI 205: Anti-corruption 2016,205-1,Anti-corruption,no_evidence,,False,2,False,False,False,False
a0,OKQ82024,phase6,16,0,GRI 205: Anti-corruption 2016,205-2,Anti-corruption,no_evidence,,False,5,False,False,False,False
a0,OKQ82024,phase6,17,0,GRI 205: Anti-corruption 2016,205-3,Anti-corruption,no_evidence,,False,4,False,False,False,False
a0,OKQ82024,phase6,18,0,GRI 206: Anti-competitive Behavior 2016,206-1,Anti-competitive behavior,no_evidence,,False,2,False,False,False,False
a0,OKQ82024,phase6,19,0,GRI 302: Energy 2016,302-1,Energy,partial,,False,13,False,False,False,False
a0,OKQ82024,phase6,20,0,GRI 302: Energy 2016,302-3,Energy,partial,,False,4,False,False,False,False
a0,OKQ82024,phase6,21,0,GRI 302: Energy 2016,302-4,Energy,no_evidence,,False,4,False,False,False,False
a0,OKQ82024,phase6,22,0,GRI 304: Biodiversity 2016,304-2,Biodiversity,partial,,False,10,False,False,False,False
a0,OKQ82024,phase6,23,0,GRI 304: Biodiversity 2016,304-3,Biodiversity,no_evidence,,False,4,False,False,False,False
a0,OKQ82024,phase6,24,0,GRI 305: Emissions 2016,305-1,Emissions,no_evidence,,False,9,False,False,False,False
a0,OKQ82024,phase6,25,0,GRI 305: Emissions 2016,305-2,Emissions,partial,,False,9,False,False,False,False
a0,OKQ82024,phase6,26,0,GRI 305: Emissions 2016,305-3,Emissions,partial,,False,9,False,False,False,False
a0,OKQ82024,phase6,27,0,GRI 305: Emissions 2016,305-4,Emissions,partial,,False,4,False,False,False,False
a0,OKQ82024,phase6,28,0,GRI 305: Emissions 2016,305-5,Emissions,partial,,False,5,False,False,False,False
a0,OKQ82024,phase6,29,0,GRI 306: Effluents and Waste 2016,306-3,Waste,partial,,False,7,False,False,False,False
a0,OKQ82024,phase6,30,0,GRI 306: Waste 2020,306-1,Waste,no_evidence,,False,6,False,False,False,False
a0,OKQ82024,phase6,31,0,GRI 306: Waste 2020,306-2,Waste,no_evidence,,False,24,False,False,False,False
a0,OKQ82024,phase6,32,1,GRI 306: Waste 2020,306-3,Waste,partial,,False,7,False,False,False,False
a0,OKQ82024,phase6,33,0,GRI 306: Waste 2020,306-4,Waste,partial,,False,16,False,False,False,False
a0,OKQ82024,phase6,34,0,GRI 306: Waste 2020,306-5,Waste,no_evidence,,False,15,False,False,False,False
a0,OKQ82024,phase6,35,0,GRI 308: Supplier Environmental Assessment 2016,308-2,Supplier environmental assessment,no_evidence,,False,5,False,False,False,False
a0,OKQ82024,phase6,36,0,GRI 401: Employment 2016,401-1,Employment,partial,,False,2,False,False,False,False
a0,OKQ82024,phase6,37,0,GRI 401: Employment 2016,401-2,Employment,no_evidence,,False,8,False,False,False,False
a0,OKQ82024,phase6,38,0,GRI 402: Labour/Management Relations 2016,402-1,Labour/management relations,partial,,False,2,False,False,False,False
a0,OKQ82024,phase6,39,0,GRI 403: Occupational Health and Safety 2018,403-1,Occupational health and safety,partial,,False,3,False,False,False,False
a0,OKQ82024,phase6,40,0,GRI 403: Occupational Health and Safety 2018,403-2,Occupational health and safety,partial,,False,5,False,False,False,False
a0,OKQ82024,phase6,41,0,GRI 403: Occupational Health and Safety 2018,403-3,Occupational health and safety,pass,,False,1,False,False,False,False
a0,OKQ82024,phase6,42,0,GRI 403: Occupational Health and Safety 2018,403-4,Occupational health and safety,partial,,False,2,False,False,False,False
a0,OKQ82024,phase6,43,0,GRI 403: Occupational Health and Safety 2018,403-5,Occupational health and safety,pass,,False,1,False,False,False,False
a0,OKQ82024,phase6,44,0,GRI 403: Occupational Health and Safety 2018,403-6,Occupational health and safety,partial,,False,2,False,False,False,False
a0,OKQ82024,phase6,45,0,GRI 403: Occupational Health and Safety 2018,403-7,Occupational health and safety,pass,,False,1,False,False,False,False
a0,OKQ82024,phase6,46,0,GRI 403: Occupational Health and Safety 2018,403-8,Occupational health and safety,no_evidence,,False,4,False,False,False,False
a0,OKQ82024,phase6,47,0,GRI 403: Occupational Health and Safety 2018,403-9,Occupational health and safety,partial,,False,16,False,False,False,False
a0,OKQ82024,phase6,48,0,GRI 403: Occupational Health and Safety 2018,403-10,Occupational health and safety,partial,,False,10,False,False,False,False
a0,OKQ82024,phase6,49,0,GRI 404: Training and Education 2016,404-2,Training and education,partial,,False,2,False,False,False,False
a0,OKQ82024,phase6,50,0,GRI 404: Training and Education 2016,404-3,Training and education,no_evidence,,False,1,False,False,False,False
a0,OKQ82024,phase6,51,0,GRI 405: Diversity and Equal Opportunity 2016,405-1,Diversity and equal opportunity,no_evidence,,False,6,False,False,False,False
a0,OKQ82024,phase6,52,0,GRI 406: Non-discrimination 2016,406-1,Non-discrimination,fail,,False,5,False,False,False,False
a0,OKQ82024,phase6,53,0,GRI 414: Supplier Social Assessment 2016,414-2,Supplier social assessment,no_evidence,,False,5,False,False,False,False
a0,OQ2023,phase3,0,0,GRI 2,2-1,,partial,,False,4,False,False,False,False
a0,OQ2023,phase3,1,0,GRI 2,2-2,,partial,,False,5,False,False,False,False
a0,OQ2023,phase3,2,0,GRI 2,2-3,,partial,,False,4,False,False,False,False
a0,OQ2023,phase3,3,0,GRI 2,2-4,,no_evidence,,False,2,False,False,False,False
a0,OQ2023,phase3,4,0,GRI 2,2-5,,partial,,False,4,False,False,False,False
a0,OQ2023,phase3,5,0,GRI 2,2-6,,partial,,False,6,False,False,False,False
a0,OQ2023,phase3,6,0,GRI 2,2-7,,partial,,False,10,False,False,False,False
a0,OQ2023,phase3,7,0,GRI 2,2-8,,no_evidence,,False,5,False,False,False,False
a0,OQ2023,phase3,8,0,GRI 2,2-9,,partial,,False,10,False,False,False,False
a0,OQ2023,phase3,9,0,GRI 2,2-10,,no_evidence,,False,5,False,False,False,False
a0,OQ2023,phase3,10,0,GRI 2,2-11,,no_evidence,,False,2,False,False,False,False
a0,OQ2023,phase3,11,0,GRI 2,2-12,,partial,,False,4,False,False,False,False
a0,OQ2023,phase3,12,0,GRI 2,2-13,,partial,,False,3,False,False,False,False
a0,OQ2023,phase3,13,0,GRI 2,2-14,,pass,,False,2,False,False,False,False
a0,OQ2023,phase3,14,0,GRI 2,2-15,,no_evidence,,False,5,False,False,False,False
a0,OQ2023,phase3,15,0,GRI 2,2-16,,no_evidence,,False,2,False,False,False,False
a0,OQ2023,phase3,16,0,GRI 2,2-17,,no_evidence,,False,1,False,False,False,False
a0,OQ2023,phase3,17,0,GRI 2,2-18,,partial,,False,3,False,False,False,False
a0,OQ2023,phase3,18,0,GRI 2,2-19,,no_evidence,,False,6,False,False,False,False
a0,OQ2023,phase3,19,0,GRI 2,2-20,,no_evidence,,False,4,False,False,False,False
a0,OQ2023,phase3,20,0,GRI 2,2-21,,omitted,no page pack: omitted,False,0,True,False,True,True
a0,OQ2023,phase3,21,0,GRI 2,2-22,,no_evidence,,False,1,False,False,False,False
a0,OQ2023,phase3,22,0,GRI 2,2-23,,partial,,False,10,False,False,False,False
a0,OQ2023,phase3,23,0,GRI 2,2-24,,partial,,False,4,False,False,False,False
a0,OQ2023,phase3,24,0,GRI 2,2-25,,partial,,False,5,False,False,False,False
a0,OQ2023,phase3,25,0,GRI 2,2-26,,partial,,False,2,False,False,False,False
a0,OQ2023,phase3,26,0,GRI 2,2-27,,no_evidence,,False,6,False,False,False,False
a0,OQ2023,phase3,27,0,GRI 2,2-28,,no_evidence,,False,1,False,False,False,False
a0,OQ2023,phase3,28,0,GRI 2,2-29,,no_evidence,,False,3,False,False,False,False
a0,OQ2023,phase3,29,0,GRI 2,2-30,,omitted,no page pack: omitted,False,0,True,False,True,True
a0,OQ2023,phase5,0,0,GRI 3,3-1,,partial,,False,3,False,False,False,False
a0,OQ2023,phase5,1,0,GRI 3,3-2,,partial,,False,2,False,False,False,False
a0,OQ2023,phase5,2,0,GRI 3,3-3,"Agility, Innovation, & Digital Transformation",partial,,False,11,False,False,False,False
a0,OQ2023,phase5,3,0,GRI 3,3-3,Asset Integrity & Critical Incident Management,partial,,False,11,False,False,False,False
a0,OQ2023,phase5,4,0,GRI 3,3-3,Biodiversity,partial,,False,11,False,False,False,False
a0,OQ2023,phase5,5,0,GRI 3,3-3,Business Ethics & Anti-corruption,partial,,False,11,False,False,False,False
a0,OQ2023,phase5,6,1,GRI 3,3-3,Business Ethics & Anti-corruption,partial,,False,11,False,False,False,False
a0,OQ2023,phase5,7,0,GRI 3,3-3,Climate Change & Energy Transition,partial,,False,11,False,False,False,False
a0,OQ2023,phase5,8,1,GRI 3,3-3,Climate Change & Energy Transition,partial,,False,11,False,False,False,False
a0,OQ2023,phase5,9,0,GRI 3,3-3,Cybersecurity and Data Privacy,partial,,False,11,False,False,False,False
a0,OQ2023,phase5,10,0,GRI 3,3-3,"Diversity, Equity, and Inclusion",partial,,False,11,False,False,False,False
a0,OQ2023,phase5,11,0,GRI 3,3-3,Economic Impact,partial,,False,11,False,False,False,False
a0,OQ2023,phase5,12,1,GRI 3,3-3,Economic Impact,partial,,False,11,False,False,False,False
a0,OQ2023,phase5,13,2,GRI 3,3-3,Economic Impact,partial,,False,11,False,False,False,False
a0,OQ2023,phase5,14,3,GRI 3,3-3,Economic Impact,partial,,False,11,False,False,False,False
a0,OQ2023,phase5,15,0,GRI 3,3-3,Employment Practices & Development,partial,,False,11,False,False,False,False
a0,OQ2023,phase5,16,0,GRI 3,3-3,Government Relations & Tax,no_evidence,,False,11,False,False,False,False
a0,OQ2023,phase5,17,0,GRI 3,3-3,Human Right Protection & Labour Management,partial,,False,11,False,False,False,False
a0,OQ2023,phase5,18,0,GRI 3,3-3,Local Community & Social Investments,partial,,False,11,False,False,False,False
a0,OQ2023,phase5,19,0,GRI 3,3-3,Occupational Health and Safety,partial,,False,11,False,False,False,False
a0,OQ2023,phase5,20,0,GRI 3,3-3,Supply Chain Management & ICV,partial,,False,11,False,False,False,False
a0,OQ2023,phase5,21,0,GRI 3,3-3,Sustainable Finance,partial,,False,11,False,False,False,False
a0,OQ2023,phase5,22,0,GRI 3,3-3,Waste Management,partial,,False,11,False,False,False,False
a0,OQ2023,phase5,23,0,GRI 3,3-3,Water Management,partial,,False,11,False,False,False,False
a0,OQ2023,phase6,0,0,GRI 202: Market Presence 2016,202-1,Economic Impact,external_verification,no page pack: external_document_reference,False,0,False,True,True,True
a0,OQ2023,phase6,1,0,GRI 201: Economic Performance 2016,201-1,Economic Impact,no_evidence,,False,4,False,False,False,False
a0,OQ2023,phase6,2,0,GRI 201: Economic Performance 2016,201-2,Economic Impact,no_evidence,,False,5,False,False,False,False
a0,OQ2023,phase6,3,0,GRI 201: Economic Performance 2016,201-3,Economic Impact,no_evidence,,False,7,False,False,False,False
a0,OQ2023,phase6,4,0,GRI 201: Economic Performance 2016,201-4,Economic Impact,no_evidence,,False,10,False,False,False,False
a0,OQ2023,phase6,5,0,GRI 202: Market Presence 2016,202-2,Economic Impact,no_evidence,,False,4,False,False,False,False
a0,OQ2023,phase6,6,0,GRI 203: Indirect Economic Impacts 2016,203-1,Economic Impact,partial,,False,3,False,False,False,False
a0,OQ2023,phase6,7,0,GRI 203: Indirect Economic Impacts 2016,203-2,Economic Impact,partial,,False,2,False,False,False,False
a0,OQ2023,phase6,8,0,GRI 204: Procurement Practices 2016,204-1,Economic Impact,no_evidence,,False,3,False,False,False,False
a0,OQ2023,phase6,9,0,GRI 205: Anti-corruption 2016,205-1,Business Ethics & Anti-corruption,no_evidence,,False,2,False,False,False,False
a0,OQ2023,phase6,10,0,GRI 205: Anti-corruption 2016,205-2,Business Ethics & Anti-corruption,no_evidence,,False,5,False,False,False,False
a0,OQ2023,phase6,11,0,GRI 205: Anti-corruption 2016,205-3,Business Ethics & Anti-corruption,pass,,False,4,False,False,False,False
a0,OQ2023,phase6,12,0,GRI 207: Tax 2019,207-1,Government Relations & Tax,no_evidence,,False,4,False,False,False,False
a0,OQ2023,phase6,13,0,GRI 207: Tax 2019,207-2,Government Relations & Tax,partial,,False,6,False,False,False,False
a0,OQ2023,phase6,14,0,GRI 207: Tax 2019,207-3,Government Relations & Tax,no_evidence,,False,3,False,False,False,False
a0,OQ2023,phase6,15,0,GRI 302: Energy 2016,302-1,Climate Change & Energy Transition,partial,,False,13,False,False,False,False
a0,OQ2023,phase6,16,0,GRI 302: Energy 2016,302-2,Climate Change & Energy Transition,partial,,False,3,False,False,False,False
a0,OQ2023,phase6,17,0,GRI 302: Energy 2016,302-3,Climate Change & Energy Transition,partial,,False,4,False,False,False,False
a0,OQ2023,phase6,18,0,GRI 305: Emissions 2016,305-1,Climate Change & Energy Transition,partial,,False,9,False,False,False,False
a0,OQ2023,phase6,19,0,GRI 305: Emissions 2016,305-2,Climate Change & Energy Transition,partial,,False,9,False,False,False,False
a0,OQ2023,phase6,20,0,GRI 303: Water and Effluents 2018,303-1,Water Management,partial,,False,4,False,False,False,False
a0,OQ2023,phase6,21,0,GRI 303: Water and Effluents 2018,303-2,Water Management,no_evidence,,False,4,False,False,False,False
a0,OQ2023,phase6,22,0,GRI 303: Water and Effluents 2018,303-3,Water Management,no_evidence,,False,13,False,False,False,False
a0,OQ2023,phase6,23,0,GRI 303: Water and Effluents 2018,303-4,Water Management,no_evidence,,False,12,False,False,False,False
a0,OQ2023,phase6,24,0,GRI 303: Water and Effluents 2018,303-5,Water Management,no_evidence,,False,4,False,False,False,False
a0,OQ2023,phase6,25,0,GRI 304: Biodiversity 2016,304-1,Biodiversity,no_evidence,,False,7,False,False,False,False
a0,OQ2023,phase6,26,0,GRI 304: Biodiversity 2016,304-2,Biodiversity,partial,,False,10,False,False,False,False
a0,OQ2023,phase6,27,0,GRI 304: Biodiversity 2016,304-3,Biodiversity,no_evidence,,False,4,False,False,False,False
a0,OQ2023,phase6,28,0,GRI 306: Waste 2020,306-1,Waste Management,no_evidence,,False,6,False,False,False,False
a0,OQ2023,phase6,29,0,GRI 306: Waste 2020,306-2,Waste Management,no_evidence,,False,24,False,False,False,False
a0,OQ2023,phase6,30,0,GRI 306: Waste 2020,306-3,Waste Management,no_evidence,,False,7,False,False,False,False
a0,OQ2023,phase6,31,0,GRI 403: Occupational Health and Safety 2018,403-1,Occupational Health and Safety,partial,,False,3,False,False,False,False
a0,OQ2023,phase6,32,0,GRI 403: Occupational Health and Safety 2018,403-2,Occupational Health and Safety,partial,,False,5,False,False,False,False
a0,OQ2023,phase6,33,0,GRI 403: Occupational Health and Safety 2018,403-3,Occupational Health and Safety,no_evidence,,False,1,False,False,False,False
a0,OQ2023,phase6,34,0,GRI 403: Occupational Health and Safety 2018,403-4,Occupational Health and Safety,no_evidence,,False,2,False,False,False,False
a0,OQ2023,phase6,35,0,GRI 403: Occupational Health and Safety 2018,403-5,Occupational Health and Safety,pass,,False,1,False,False,False,False
a0,OQ2023,phase6,36,0,GRI 403: Occupational Health and Safety 2018,403-6,Occupational Health and Safety,no_evidence,,False,2,False,False,False,False
a0,OQ2023,phase6,37,0,GRI 403: Occupational Health and Safety 2018,403-7,Occupational Health and Safety,pass,,False,1,False,False,False,False
a0,OQ2023,phase6,38,0,GRI 403: Occupational Health and Safety 2018,403-8,Occupational Health and Safety,no_evidence,,False,4,False,False,False,False
a0,OQ2023,phase6,39,0,GRI 403: Occupational Health and Safety 2018,403-9,Occupational Health and Safety,partial,,False,16,False,False,False,False
a0,OQ2023,phase6,40,0,GRI 403: Occupational Health and Safety 2018,403-10,Occupational Health and Safety,partial,,False,10,False,False,False,False
a0,OQ2023,phase6,41,0,GRI 405: Diversity and Equal Opportunity 2016,405-1,"Diversity, Equity, and Inclusion",no_evidence,,False,6,False,False,False,False
a0,OQ2023,phase6,42,0,GRI 405: Diversity and Equal Opportunity 2016,405-2,"Diversity, Equity, and Inclusion",no_evidence,,False,2,False,False,False,False
a0,OQ2023,phase6,43,0,GRI 404: Training and Education 2016,404-1,Employment Practices & Development,no_evidence,,False,2,False,False,False,False
a0,OQ2023,phase6,44,0,GRI 404: Training and Education 2016,404-2,Employment Practices & Development,partial,,False,2,False,False,False,False
a0,OQ2023,phase6,45,0,GRI 404: Training and Education 2016,404-3,Employment Practices & Development,no_evidence,,False,1,False,False,False,False
a0,OQ2023,phase6,46,0,GRI 413: Local Communities 2016,413-1,Local Community & Social Investments,no_evidence,,False,8,False,False,False,False
a0,OQ2023,phase6,47,0,GRI 413: Local Communities 2016,413-2,Local Community & Social Investments,no_evidence,,False,2,False,False,False,False
a1,Bangchak2024,phase3,0,0,GRI 2,2-1,,partial,,False,4,False,False,False,False
a1,Bangchak2024,phase3,1,0,GRI 2,2-2,,partial,,False,5,False,False,False,False
a1,Bangchak2024,phase3,2,0,GRI 2,2-3,,partial,,False,4,False,False,False,False
a1,Bangchak2024,phase3,3,0,GRI 2,2-4,,pass,,False,2,False,False,False,False
a1,Bangchak2024,phase3,4,0,GRI 2,2-5,,no_evidence,no page pack: page_list_no_matching_chunks; system limitation — human review required,True,0,False,False,True,True
a1,Bangchak2024,phase3,5,0,GRI 2,2-6,,external_verification,no page pack: external_document_reference,False,0,False,True,True,True
a1,Bangchak2024,phase3,6,0,GRI 2,2-7,,no_evidence,no page pack: page_list_no_matching_chunks; system limitation — human review required,True,0,False,False,True,True
a1,Bangchak2024,phase3,7,0,GRI 2,2-8,,no_evidence,no page pack: page_list_no_matching_chunks; system limitation — human review required,True,0,False,False,True,True
a1,Bangchak2024,phase3,8,0,GRI 2,2-9,,external_verification,no page pack: external_document_reference,False,0,False,True,True,True
a1,Bangchak2024,phase3,9,0,GRI 2,2-10,,external_verification,no page pack: external_document_reference,False,0,False,True,True,True
a1,Bangchak2024,phase3,10,0,GRI 2,2-11,,external_verification,no page pack: external_document_reference,False,0,False,True,True,True
a1,Bangchak2024,phase3,11,0,GRI 2,2-12,,pass,,False,4,False,False,False,False
a1,Bangchak2024,phase3,12,0,GRI 2,2-13,,partial,,False,3,False,False,False,False
a1,Bangchak2024,phase3,13,0,GRI 2,2-14,,no_evidence,,False,2,False,False,False,False
a1,Bangchak2024,phase3,14,0,GRI 2,2-15,,external_verification,no page pack: external_document_reference,False,0,False,True,True,True
a1,Bangchak2024,phase3,15,0,GRI 2,2-16,,no_evidence,,False,2,False,False,False,False
a1,Bangchak2024,phase3,16,0,GRI 2,2-17,,external_verification,no page pack: external_document_reference,False,0,False,True,True,True
a1,Bangchak2024,phase3,17,0,GRI 2,2-18,,external_verification,no page pack: external_document_reference,False,0,False,True,True,True
a1,Bangchak2024,phase3,18,0,GRI 2,2-19,,external_verification,no page pack: external_document_reference,False,0,False,True,True,True
a1,Bangchak2024,phase3,19,0,GRI 2,2-20,,external_verification,no page pack: external_document_reference,False,0,False,True,True,True
a1,Bangchak2024,phase3,20,0,GRI 2,2-21,,omitted,no page pack: omitted,False,0,True,False,True,True
a1,Bangchak2024,phase3,21,0,GRI 2,2-22,,pass,,False,1,False,False,False,False
a1,Bangchak2024,phase3,22,0,GRI 2,2-23,,partial,,False,10,False,False,False,False
a1,Bangchak2024,phase3,23,0,GRI 2,2-24,,partial,,False,4,False,False,False,False
a1,Bangchak2024,phase3,24,0,GRI 2,2-25,,no_evidence,no page pack: page_list_no_matching_chunks; system limitation — human review required,True,0,False,False,True,True
a1,Bangchak2024,phase3,25,0,GRI 2,2-26,,no_evidence,,False,2,False,False,False,False
a1,Bangchak2024,phase3,26,0,GRI 2,2-27,,no_evidence,,False,6,False,False,False,False
a1,Bangchak2024,phase3,27,0,GRI 2,2-28,,no_evidence,,False,1,False,False,False,False
a1,Bangchak2024,phase3,28,0,GRI 2,2-29,,pass,,False,3,False,False,False,False
a1,Bangchak2024,phase3,29,0,GRI 2,2-30,,no_evidence,,False,2,False,False,False,False
a1,Bangchak2024,phase5,0,0,GRI 3,3-1,,pass,,False,3,False,False,False,False
a1,Bangchak2024,phase5,1,0,GRI 3,3-2,,pass,,False,2,False,False,False,False
a1,Bangchak2024,phase5,2,0,GRI 3,3-3,Air emissions,partial,,False,11,False,False,False,False
a1,Bangchak2024,phase5,3,0,GRI 3,3-3,Anti-corruption & Anti-competitive behavior,partial,,False,11,False,False,False,False
a1,Bangchak2024,phase5,4,0,GRI 3,3-3,Asset integrity and critical incident management,partial,,False,11,False,False,False,False
a1,Bangchak2024,phase5,5,0,GRI 3,3-3,Biodiversity,partial,,False,11,False,False,False,False
a1,Bangchak2024,phase5,6,0,GRI 3,3-3,Conflict and security,no_evidence,,False,11,False,False,False,False
a1,Bangchak2024,phase5,7,0,GRI 3,3-3,Economic impacts,partial,,False,11,False,False,False,False
a1,Bangchak2024,phase5,8,0,GRI 3,3-3,Employment Practices,partial,,False,11,False,False,False,False
a1,Bangchak2024,phase5,9,0,GRI 3,3-3,Energy Accessibility & Security,partial,,False,11,False,False,False,False
a1,Bangchak2024,phase5,10,0,GRI 3,3-3,Forced labor and modern slavery,partial,,False,11,False,False,False,False
a1,Bangchak2024,phase5,11,0,GRI 3,3-3,Freedom of association and collective bargaining,partial,,False,11,False,False,False,False
a1,Bangchak2024,phase5,12,0,GRI 3,3-3,"GHG Emissions & Climate adaptation, resilience, and transition",partial,,False,11,False,False,False,False
a1,Bangchak2024,phase5,13,0,GRI 3,3-3,Information technology and cybersecurity,partial,,False,11,False,False,False,False
a1,Bangchak2024,phase5,14,0,GRI 3,3-3,Land and Resource Rights,partial,,False,11,False,False,False,False
a1,Bangchak2024,phase5,15,0,GRI 3,3-3,Local communities,partial,,False,11,False,False,False,False
a1,Bangchak2024,phase5,16,0,GRI 3,3-3,Non-discrimination and equal opportunity,partial,,False,11,False,False,False,False
a1,Bangchak2024,phase5,17,0,GRI 3,3-3,Occupational health and safety,partial,,False,11,False,False,False,False
a1,Bangchak2024,phase5,18,0,GRI 3,3-3,Payments to governments,partial,,False,11,False,False,False,False
a1,Bangchak2024,phase5,19,0,GRI 3,3-3,Product and service quality & customer relationship,partial,,False,11,False,False,False,False
a1,Bangchak2024,phase5,20,0,GRI 3,3-3,Public policy,external_verification,no page pack: external_document_reference,False,0,False,True,True,True
a1,Bangchak2024,phase5,21,0,GRI 3,3-3,Rights of indigenous peoples,partial,,False,11,False,False,False,False
a1,Bangchak2024,phase5,22,0,GRI 3,3-3,Supplier chain management,partial,,False,11,False,False,False,False
a1,Bangchak2024,phase5,23,0,GRI 3,3-3,Waste,partial,,False,11,False,False,False,False
a1,Bangchak2024,phase5,24,0,GRI 3,3-3,Water and effluents,partial,,False,11,False,False,False,False
a1,Bangchak2024,phase6,0,0,GRI 202: Market Presence 2016,202-2,Economic impacts,no_evidence,no page pack: page_list_no_matching_chunks; system limitation — human review required,True,0,False,False,True,True
a1,Bangchak2024,phase6,1,0,GRI 206: Anti-competitive Behavior 2016,206-1,Anti-corruption & Anti-competitive behavior,external_verification,no page pack: external_document_reference,False,0,False,True,True,True
a1,Bangchak2024,phase6,2,0,GRI 205: Anti-corruption 2016,,Anti-corruption & Anti-competitive behavior,fail,GCI row has missing/blank disclosure_id — cannot judge,False,0,False,False,False,True
a1,Bangchak2024,phase6,3,1,GRI 205: Anti-corruption 2016,,Anti-corruption & Anti-competitive behavior,fail,GCI row has missing/blank disclosure_id — cannot judge,False,0,False,False,False,True
a1,Bangchak2024,phase6,4,0,GRI 201: Economic Performance 2016,201-4,Payments to governments,external_verification,no page pack: external_document_reference,False,0,False,True,True,True
a1,Bangchak2024,phase6,5,0,,,Information technology and cybersecurity,fail,GCI row has missing/blank disclosure_id — cannot judge,False,0,False,False,False,True
a1,Bangchak2024,phase6,6,0,GRI 302: Energy 2016,302-2,"GHG Emissions & Climate adaptation, resilience, and transition",omitted,no page pack: omitted,False,0,True,False,True,True
a1,Bangchak2024,phase6,7,0,,,"GHG Emissions & Climate adaptation, resilience, and transition",fail,GCI row has missing/blank disclosure_id — cannot judge,False,0,False,False,False,True
a1,Bangchak2024,phase6,8,0,,,Air emissions,fail,GCI row has missing/blank disclosure_id — cannot judge,False,0,False,False,False,True
a1,Bangchak2024,phase6,9,0,GRI 304: Biodiversity 2016,304-1,Biodiversity,omitted,no page pack: omitted,False,0,True,False,True,True
a1,Bangchak2024,phase6,10,0,GRI 306: Effluents and Waste 2016,,Asset integrity and critical incident management,fail,GCI row has missing/blank disclosure_id — cannot judge,False,0,False,False,False,True
a1,Bangchak2024,phase6,11,0,,,Occupational health and safety,fail,GCI row has missing/blank disclosure_id — cannot judge,False,0,False,False,False,True
a1,Bangchak2024,phase6,12,0,GRI 202: Market Presence 2016,202-2,Non-discrimination and equal opportunity,no_evidence,no page pack: page_list_no_matching_chunks; system limitation — human review required,True,0,False,False,True,True
a1,Bangchak2024,phase6,13,0,GRI 405: Diversity and Equal Opportunity 2016,405-2,Non-discrimination and equal opportunity,no_evidence,no page pack: page_list_no_matching_chunks; system limitation — human review required,True,0,False,False,True,True
a1,Bangchak2024,phase6,14,0,,,Local communities,fail,GCI row has missing/blank disclosure_id — cannot judge,False,0,False,False,False,True
a1,Bangchak2024,phase6,15,0,GRI 412: Human Rights Assessment 2016,,Land and Resource Rights,fail,GCI row has missing/blank disclosure_id — cannot judge,False,0,False,False,False,True
a1,Bangchak2024,phase6,16,0,GRI 411: Rights of Indigenous Peoples 2016,,Rights of indigenous peoples,fail,GCI row has missing/blank disclosure_id — cannot judge,False,0,False,False,False,True
a1,Bangchak2024,phase6,17,1,GRI 411: Rights of Indigenous Peoples 2016,,Rights of indigenous peoples,fail,GCI row has missing/blank disclosure_id — cannot judge,False,0,False,False,False,True
a1,Bangchak2024,phase6,18,0,GRI 415: Public Policy 2016,415-1,Public policy,external_verification,no page pack: external_document_reference,False,0,False,True,True,True
a1,Bangchak2024,phase6,19,0,GRI 201: Economic Performance 2016,201-1,Economic impacts,no_evidence,,False,4,False,False,False,False
a1,Bangchak2024,phase6,20,0,GRI 201: Economic Performance 2016,201-1,Payments to governments,no_evidence,,False,4,False,False,False,False
a1,Bangchak2024,phase6,21,0,GRI 203: Indirect Economic Impacts 2016,203-1,Economic impacts,partial,,False,3,False,False,False,False
a1,Bangchak2024,phase6,22,0,GRI 203: Indirect Economic Impacts 2016,203-2,Economic impacts,partial,,False,2,False,False,False,False
a1,Bangchak2024,phase6,23,0,GRI 204: Procurement Practices 2016,204-1,Economic impacts,no_evidence,,False,3,False,False,False,False
a1,Bangchak2024,phase6,24,0,GRI 205: Anti-corruption 2016,205-1,Anti-corruption & Anti-competitive behavior,partial,,False,2,False,False,False,False
a1,Bangchak2024,phase6,25,0,GRI 205: Anti-corruption 2016,205-2,Anti-corruption & Anti-competitive behavior,no_evidence,,False,5,False,False,False,False
a1,Bangchak2024,phase6,26,0,GRI 205: Anti-corruption 2016,205-3,Anti-corruption & Anti-competitive behavior,partial,,False,4,False,False,False,False
a1,Bangchak2024,phase6,27,0,GRI 207: Tax 2019,207-1,Payments to governments,pass,,False,4,False,False,False,False
a1,Bangchak2024,phase6,28,0,GRI 207: Tax 2019,207-2,Payments to governments,partial,,False,6,False,False,False,False
a1,Bangchak2024,phase6,29,0,GRI 207: Tax 2019,207-3,Payments to governments,partial,,False,3,False,False,False,False
a1,Bangchak2024,phase6,30,0,GRI 207: Tax 2019,207-4,Payments to governments,no_evidence,,False,12,False,False,False,False
a1,Bangchak2024,phase6,31,0,GRI 308: Supplier Environmental Assessment 2016,308-1,Supplier chain management,no_evidence,,False,1,False,False,False,False
a1,Bangchak2024,phase6,32,0,GRI 308: Supplier Environmental Assessment 2016,308-2,Supplier chain management,partial,,False,5,False,False,False,False
a1,Bangchak2024,phase6,33,0,GRI 414: Supplier Social Assessment 2016,414-1,Supplier chain management,no_evidence,,False,1,False,False,False,False
a1,Bangchak2024,phase6,34,0,GRI 414: Supplier Social Assessment 2016,414-2,Supplier chain management,partial,,False,5,False,False,False,False
a1,Bangchak2024,phase6,35,0,GRI 416: Customer Health and Safety 2016,416-1,Product and service quality & customer relationship,no_evidence,,False,1,False,False,False,False
a1,Bangchak2024,phase6,36,0,GRI 417: Marketing and Labeling 2016,417-3,Product and service quality & customer relationship,no_evidence,,False,4,False,False,False,False
a1,Bangchak2024,phase6,37,0,GRI 201: Economic Performance 2016,201-2,"GHG Emissions & Climate adaptation, resilience, and transition",partial,,False,5,False,False,False,False
a1,Bangchak2024,phase6,38,0,GRI 302: Energy 2016,302-1,"GHG Emissions & Climate adaptation, resilience, and transition",partial,,False,13,False,False,False,False
a1,Bangchak2024,phase6,39,0,GRI 302: Energy 2016,302-3,"GHG Emissions & Climate adaptation, resilience, and transition",no_evidence,,False,4,False,False,False,False
a1,Bangchak2024,phase6,40,0,GRI 302: Energy 2016,302-4,"GHG Emissions & Climate adaptation, resilience, and transition",partial,,False,4,False,False,False,False
a1,Bangchak2024,phase6,41,0,GRI 305: Emissions 2016,305-1,"GHG Emissions & Climate adaptation, resilience, and transition",partial,,False,9,False,False,False,False
a1,Bangchak2024,phase6,42,0,GRI 305: Emissions 2016,305-2,"GHG Emissions & Climate adaptation, resilience, and transition",partial,,False,9,False,False,False,False
a1,Bangchak2024,phase6,43,0,GRI 305: Emissions 2016,305-3,"GHG Emissions & Climate adaptation, resilience, and transition",partial,,False,9,False,False,False,False
a1,Bangchak2024,phase6,44,0,GRI 305: Emissions 2016,305-4,"GHG Emissions & Climate adaptation, resilience, and transition",no_evidence,,False,4,False,False,False,False
a1,Bangchak2024,phase6,45,0,GRI 305: Emissions 2016,305-5,"GHG Emissions & Climate adaptation, resilience, and transition",no_evidence,,False,5,False,False,False,False
a1,Bangchak2024,phase6,46,0,GRI 305: Emissions 2016,305-7,Air emissions,partial,,False,7,False,False,False,False
a1,Bangchak2024,phase6,47,0,GRI 304: Biodiversity 2016,304-2,Biodiversity,no_evidence,,False,10,False,False,False,False
a1,Bangchak2024,phase6,48,0,GRI 304: Biodiversity 2016,304-3,Biodiversity,partial,,False,4,False,False,False,False
a1,Bangchak2024,phase6,49,0,GRI 304: Biodiversity 2016,304-4,Biodiversity,no_evidence,,False,5,False,False,False,False
a1,Bangchak2024,phase6,50,0,GRI 306: Waste 2020,306-1,Waste,no_evidence,,False,6,False,False,False,False
a1,Bangchak2024,phase6,51,0,GRI 306: Waste 2020,306-2,Waste,partial,,False,24,False,False,False,False
a1,Bangchak2024,phase6,52,0,GRI 306: Waste 2020,306-3,Waste,no_evidence,,False,7,False,False,False,False
a1,Bangchak2024,phase6,53,0,GRI 306: Waste 2020,306-4,Waste,partial,,False,16,False,False,False,False
a1,Bangchak2024,phase6,54,0,GRI 306: Waste 2020,306-5,Waste,no_evidence,,False,15,False,False,False,False
a1,Bangchak2024,phase6,55,0,GRI 303: Water and Effluents 2018,303-1,Water and effluents,pass,,False,4,False,False,False,False
a1,Bangchak2024,phase6,56,0,GRI 303: Water and Effluents 2018,303-2,Water and effluents,no_evidence,,False,4,False,False,False,False
a1,Bangchak2024,phase6,57,0,GRI 303: Water and Effluents 2018,303-3,Water and effluents,no_evidence,,False,13,False,False,False,False
a1,Bangchak2024,phase6,58,0,GRI 303: Water and Effluents 2018,303-4,Water and effluents,no_evidence,,False,12,False,False,False,False
a1,Bangchak2024,phase6,59,0,GRI 303: Water and Effluents 2018,303-5,Water and effluents,no_evidence,,False,4,False,False,False,False
a1,Bangchak2024,phase6,60,0,GRI 306: Effluents and Waste 2016,306-3,Asset integrity and critical incident management,partial,,False,7,False,False,False,False
a1,Bangchak2024,phase6,61,0,GRI 403: Occupational Health and Safety 2018,403-1,Occupational health and safety,pass,,False,3,False,False,False,False
a1,Bangchak2024,phase6,62,0,GRI 403: Occupational Health and Safety 2018,403-2,Occupational health and safety,partial,,False,5,False,False,False,False
a1,Bangchak2024,phase6,63,0,GRI 403: Occupational Health and Safety 2018,403-3,Occupational health and safety,pass,,False,1,False,False,False,False
a1,Bangchak2024,phase6,64,0,GRI 403: Occupational Health and Safety 2018,403-4,Occupational health and safety,partial,,False,2,False,False,False,False
a1,Bangchak2024,phase6,65,0,GRI 403: Occupational Health and Safety 2018,403-5,Occupational health and safety,pass,,False,1,False,False,False,False
a1,Bangchak2024,phase6,66,0,GRI 403: Occupational Health and Safety 2018,403-6,Occupational health and safety,pass,,False,2,False,False,False,False
a1,Bangchak2024,phase6,67,0,GRI 403: Occupational Health and Safety 2018,403-7,Occupational health and safety,pass,,False,1,False,False,False,False
a1,Bangchak2024,phase6,68,0,GRI 403: Occupational Health and Safety 2018,403-8,Occupational health and safety,no_evidence,,False,4,False,False,False,False
a1,Bangchak2024,phase6,69,0,GRI 403: Occupational Health and Safety 2018,403-9,Occupational health and safety,no_evidence,,False,16,False,False,False,False
a1,Bangchak2024,phase6,70,0,GRI 403: Occupational Health and Safety 2018,403-10,Occupational health and safety,no_evidence,,False,10,False,False,False,False
a1,Bangchak2024,phase6,71,0,GRI 401: Employment 2016,401-1,Employment Practices,no_evidence,,False,2,False,False,False,False
a1,Bangchak2024,phase6,72,0,GRI 401: Employment 2016,401-2,Employment Practices,partial,,False,8,False,False,False,False
a1,Bangchak2024,phase6,73,0,GRI 401: Employment 2016,401-3,Employment Practices,no_evidence,,False,5,False,False,False,False
a1,Bangchak2024,phase6,74,0,GRI 402: Labor/Management Relations 2016,402-1,Employment Practices,pass,,False,2,False,False,False,False
a1,Bangchak2024,phase6,75,0,GRI 404: Training and Education 2016,404-1,Employment Practices,no_evidence,,False,2,False,False,False,False
a1,Bangchak2024,phase6,76,0,GRI 404: Training and Education 2016,404-2,Employment Practices,partial,,False,2,False,False,False,False
a1,Bangchak2024,phase6,77,0,GRI 404: Training and Education 2016,404-3,Employment Practices,no_evidence,,False,1,False,False,False,False
a1,Bangchak2024,phase6,78,0,GRI 405: Diversity and Equal Opportunity 2016,405-1,Non-discrimination and equal opportunity,no_evidence,,False,6,False,False,False,False
a1,Bangchak2024,phase6,79,0,GRI 406: Non-discrimination 2016,406-1,Non-discrimination and equal opportunity,pass,,False,5,False,False,False,False
a1,Bangchak2024,phase6,80,0,GRI 409: Forced or Compulsory Labor 2016,409-1,Forced labor and modern slavery,partial,,False,3,False,False,False,False
a1,Bangchak2024,phase6,81,0,GRI 407: Freedom of Association and Collective Bargaining 2016,407-1,Freedom of association and collective bargaining,partial,,False,3,False,False,False,False
a1,Bangchak2024,phase6,82,0,GRI 413: Local Communities 2016,413-1,Local communities,partial,,False,8,False,False,False,False
a1,Bangchak2024,phase6,83,0,GRI 413: Local Communities 2016,413-2,Local communities,pass,,False,2,False,False,False,False
a1,Bangchak2024,phase6,84,0,GRI 411: Rights of Indigenous Peoples 2016,411-1,Rights of indigenous peoples,pass,,False,5,False,False,False,False
a1,Bangchak2024,phase6,85,0,GRI 410: Security Practices 2016,410-1,Conflict and security,no_evidence,,False,2,False,False,False,False
a1,Bangchak2025,phase3,0,0,GRI 2,2-1,,partial,,False,4,False,False,False,False
a1,Bangchak2025,phase3,1,0,GRI 2,2-2,,partial,,False,5,False,False,False,False
a1,Bangchak2025,phase3,2,0,GRI 2,2-3,,partial,,False,4,False,False,False,False
a1,Bangchak2025,phase3,3,0,GRI 2,2-4,,pass,,False,2,False,False,False,False
a1,Bangchak2025,phase3,4,0,GRI 2,2-5,,partial,,False,4,False,False,False,False
a1,Bangchak2025,phase3,5,0,GRI 2,2-6,,external_verification,no page pack: external_document_reference,False,0,False,True,True,True
a1,Bangchak2025,phase3,6,0,GRI 2,2-7,,no_evidence,no page pack: page_list_no_matching_chunks; system limitation — human review required,True,0,False,False,True,True
a1,Bangchak2025,phase3,7,0,GRI 2,2-8,,partial,,False,5,False,False,False,False
a1,Bangchak2025,phase3,8,0,GRI 2,2-9,,external_verification,no page pack: external_document_reference,False,0,False,True,True,True
a1,Bangchak2025,phase3,9,0,GRI 2,2-10,,external_verification,no page pack: external_document_reference,False,0,False,True,True,True
a1,Bangchak2025,phase3,10,0,GRI 2,2-11,,external_verification,no page pack: external_document_reference,False,0,False,True,True,True
a1,Bangchak2025,phase3,11,0,GRI 2,2-12,,pass,,False,4,False,False,False,False
a1,Bangchak2025,phase3,12,0,GRI 2,2-13,,partial,,False,3,False,False,False,False
a1,Bangchak2025,phase3,13,0,GRI 2,2-14,,no_evidence,,False,2,False,False,False,False
a1,Bangchak2025,phase3,14,0,GRI 2,2-15,,external_verification,no page pack: external_document_reference,False,0,False,True,True,True
a1,Bangchak2025,phase3,15,0,GRI 2,2-16,,partial,,False,2,False,False,False,False
a1,Bangchak2025,phase3,16,0,GRI 2,2-17,,external_verification,no page pack: external_document_reference,False,0,False,True,True,True
a1,Bangchak2025,phase3,17,0,GRI 2,2-18,,external_verification,no page pack: external_document_reference,False,0,False,True,True,True
a1,Bangchak2025,phase3,18,0,GRI 2,2-19,,external_verification,no page pack: external_document_reference,False,0,False,True,True,True
a1,Bangchak2025,phase3,19,0,GRI 2,2-20,,external_verification,no page pack: external_document_reference,False,0,False,True,True,True
a1,Bangchak2025,phase3,20,0,GRI 2,2-21,,omitted,no page pack: omitted,False,0,True,False,True,True
a1,Bangchak2025,phase3,21,0,GRI 2,2-22,,pass,,False,1,False,False,False,False
a1,Bangchak2025,phase3,22,0,GRI 2,2-23,,partial,,False,10,False,False,False,False
a1,Bangchak2025,phase3,23,0,GRI 2,2-24,,partial,,False,4,False,False,False,False
a1,Bangchak2025,phase3,24,0,GRI 2,2-25,,partial,,False,5,False,False,False,False
a1,Bangchak2025,phase3,25,0,GRI 2,2-26,,partial,,False,2,False,False,False,False
a1,Bangchak2025,phase3,26,0,GRI 2,2-27,,no_evidence,,False,6,False,False,False,False
a1,Bangchak2025,phase3,27,0,GRI 2,2-28,,no_evidence,,False,1,False,False,False,False
a1,Bangchak2025,phase3,28,0,GRI 2,2-29,,pass,,False,3,False,False,False,False
a1,Bangchak2025,phase3,29,0,GRI 2,2-30,,pass,,False,2,False,False,False,False
a1,Bangchak2025,phase5,0,0,GRI 3,3-1,,pass,,False,3,False,False,False,False
a1,Bangchak2025,phase5,1,0,GRI 3,3-2,,pass,,False,2,False,False,False,False
a1,Bangchak2025,phase5,2,0,GRI 3,3-3,Air emissions,partial,,False,11,False,False,False,False
a1,Bangchak2025,phase5,3,0,GRI 3,3-3,Anti-corruption & Anti-competitive behavior,partial,,False,11,False,False,False,False
a1,Bangchak2025,phase5,4,0,GRI 3,3-3,Asset integrity and critical incident management,partial,,False,11,False,False,False,False
a1,Bangchak2025,phase5,5,0,GRI 3,3-3,Biodiversity,partial,,False,11,False,False,False,False
a1,Bangchak2025,phase5,6,0,GRI 3,3-3,Conflict and security,partial,,False,11,False,False,False,False
a1,Bangchak2025,phase5,7,0,GRI 3,3-3,Economic impacts,partial,,False,11,False,False,False,False
a1,Bangchak2025,phase5,8,0,GRI 3,3-3,Employment Practices,partial,,False,11,False,False,False,False
a1,Bangchak2025,phase5,9,0,GRI 3,3-3,Forced labor and modern slavery,partial,,False,11,False,False,False,False
a1,Bangchak2025,phase5,10,0,GRI 3,3-3,Freedom of association and collective bargaining,partial,,False,11,False,False,False,False
a1,Bangchak2025,phase5,11,0,GRI 3,3-3,"GHG Emissions & Climate adaptation, resilience, and transition",partial,,False,11,False,False,False,False
a1,Bangchak2025,phase5,12,0,GRI 3,3-3,Information technology and cybersecurity,partial,,False,11,False,False,False,False
a1,Bangchak2025,phase5,13,0,GRI 3,3-3,Land and Resouce Rights,partial,,False,11,False,False,False,False
a1,Bangchak2025,phase5,14,0,GRI 3,3-3,Local communities,partial,,False,11,False,False,False,False
a1,Bangchak2025,phase5,15,0,GRI 3,3-3,Non-discrimination and equal opportunity,partial,,False,11,False,False,False,False
a1,Bangchak2025,phase5,16,0,GRI 3,3-3,Occupational health and safety,partial,,False,11,False,False,False,False
a1,Bangchak2025,phase5,17,0,GRI 3,3-3,Payments to governments,partial,,False,11,False,False,False,False
a1,Bangchak2025,phase5,18,0,GRI 3,3-3,Product and service quality & customer relationship,partial,,False,11,False,False,False,False
a1,Bangchak2025,phase5,19,0,GRI 3,3-3,Public policy,external_verification,no page pack: external_document_reference,False,0,False,True,True,True
a1,Bangchak2025,phase5,20,0,GRI 3,3-3,Rights of indigenous peoples,partial,,False,11,False,False,False,False
a1,Bangchak2025,phase5,21,0,GRI 3,3-3,Supplier chain management,partial,,False,11,False,False,False,False
a1,Bangchak2025,phase5,22,0,GRI 3,3-3,Waste,partial,,False,11,False,False,False,False
a1,Bangchak2025,phase5,23,0,GRI 3,3-3,Water and effluents,partial,,False,11,False,False,False,False
a1,Bangchak2025,phase6,0,0,GRI 202: Market Presence 2016,202-2,Economic impacts,no_evidence,no page pack: page_list_no_matching_chunks; system limitation — human review required,True,0,False,False,True,True
a1,Bangchak2025,phase6,1,0,GRI 206: Anti-competitive Behavior 2016,206-1,Anti-corruption & Anti-competitive behavior,external_verification,no page pack: external_document_reference,False,0,False,True,True,True
a1,Bangchak2025,phase6,2,0,GRI 201: Economic Performance 2016,201-4,Payments to governments,external_verification,no page pack: external_document_reference,False,0,False,True,True,True
a1,Bangchak2025,phase6,3,0,GRI 302: Energy 2016,302-2,"GHG Emissions & Climate adaptation, resilience, and transition",omitted,no page pack: omitted,False,0,True,False,True,True
a1,Bangchak2025,phase6,4,0,GRI 304: Biodiversity 2016,304-1,Biodiversity,omitted,no page pack: omitted,False,0,True,False,True,True
a1,Bangchak2025,phase6,5,0,GRI 304: Biodiversity 2016,304-3,Biodiversity,external_verification,no page pack: external_document_reference,False,0,False,True,True,True
a1,Bangchak2025,phase6,6,0,GRI 304: Biodiversity 2016,304-4,Biodiversity,external_verification,no page pack: external_document_reference,False,0,False,True,True,True
a1,Bangchak2025,phase6,7,0,GRI 306: Waste 2020,306-3,Waste,no_evidence,no page pack: page_list_no_matching_chunks; system limitation — human review required,True,0,False,False,True,True
a1,Bangchak2025,phase6,8,0,GRI 303: Water and Effluents 2018,303-3,Water and effluents,no_evidence,no page pack: page_list_no_matching_chunks; system limitation — human review required,True,0,False,False,True,True
a1,Bangchak2025,phase6,9,0,GRI 303: Water and Effluents 2018,303-4,Water and effluents,no_evidence,no page pack: page_list_no_matching_chunks; system limitation — human review required,True,0,False,False,True,True
a1,Bangchak2025,phase6,10,0,GRI 401: Employment 2016,401-1,Employment Practices,no_evidence,no page pack: page_list_no_matching_chunks; system limitation — human review required,True,0,False,False,True,True
a1,Bangchak2025,phase6,11,0,GRI 401: Employment 2016,401-3,Employment Practices,no_evidence,no page pack: page_list_no_matching_chunks; system limitation — human review required,True,0,False,False,True,True
a1,Bangchak2025,phase6,12,0,GRI 404: Training and Education 2016,404-1,Employment Practices,no_evidence,no page pack: page_list_no_matching_chunks; system limitation — human review required,True,0,False,False,True,True
a1,Bangchak2025,phase6,13,0,GRI 202: Market Presence 2016,202-2,Non-discrimination and equal opportunity,no_evidence,no page pack: page_list_no_matching_chunks; system limitation — human review required,True,0,False,False,True,True
a1,Bangchak2025,phase6,14,0,GRI 405: Diversity and Equal Opportunity 2016,405-1,Non-discrimination and equal opportunity,no_evidence,no page pack: page_list_no_matching_chunks; system limitation — human review required,True,0,False,False,True,True
a1,Bangchak2025,phase6,15,0,GRI 405: Diversity and Equal Opportunity 2016,405-2,Non-discrimination and equal opportunity,no_evidence,no page pack: page_list_no_matching_chunks; system limitation — human review required,True,0,False,False,True,True
a1,Bangchak2025,phase6,16,0,GRI 415: Public Policy 2016,415-1,Public policy,external_verification,no page pack: external_document_reference,False,0,False,True,True,True
a1,Bangchak2025,phase6,17,0,GRI 201: Economic Performance 2016,201-1,Economic impacts,no_evidence,,False,4,False,False,False,False
a1,Bangchak2025,phase6,18,0,GRI 201: Economic Performance 2016,201-1,Payments to governments,no_evidence,,False,4,False,False,False,False
a1,Bangchak2025,phase6,19,0,GRI 203: Indirect Economic Impacts 2016,203-1,Economic impacts,partial,,False,3,False,False,False,False
a1,Bangchak2025,phase6,20,0,GRI 203: Indirect Economic Impacts 2016,203-2,Economic impacts,partial,,False,2,False,False,False,False
a1,Bangchak2025,phase6,21,0,GRI 204: Procurement Practices 2016,204-1,Economic impacts,no_evidence,,False,3,False,False,False,False
a1,Bangchak2025,phase6,22,0,GRI 205: Anti-corruption 2016,205-1,Anti-corruption & Anti-competitive behavior,partial,,False,2,False,False,False,False
a1,Bangchak2025,phase6,23,0,GRI 205: Anti-corruption 2016,205-2,Anti-corruption & Anti-competitive behavior,no_evidence,,False,5,False,False,False,False
a1,Bangchak2025,phase6,24,0,GRI 205: Anti-corruption 2016,205-3,Anti-corruption & Anti-competitive behavior,partial,,False,4,False,False,False,False
a1,Bangchak2025,phase6,25,0,GRI 207: Tax 2019,207-1,Payments to governments,partial,,False,4,False,False,False,False
a1,Bangchak2025,phase6,26,0,GRI 207: Tax 2019,207-2,Payments to governments,partial,,False,6,False,False,False,False
a1,Bangchak2025,phase6,27,0,GRI 207: Tax 2019,207-3,Payments to governments,partial,,False,3,False,False,False,False
a1,Bangchak2025,phase6,28,0,GRI 207: Tax 2019,207-4,Payments to governments,partial,,False,12,False,False,False,False
a1,Bangchak2025,phase6,29,0,GRI 308: Supplier Environmental Assessment 2016,308-1,Supplier chain management,no_evidence,,False,1,False,False,False,False
a1,Bangchak2025,phase6,30,0,GRI 308: Supplier Environmental Assessment 2016,308-2,Supplier chain management,partial,,False,5,False,False,False,False
a1,Bangchak2025,phase6,31,0,GRI 414: Supplier Social Assessment 2016,414-1,Supplier chain management,no_evidence,,False,1,False,False,False,False
a1,Bangchak2025,phase6,32,0,GRI 414: Supplier Social Assessment 2016,414-2,Supplier chain management,partial,,False,5,False,False,False,False
a1,Bangchak2025,phase6,33,0,GRI 416: Customer Health and Safety 2016,416-1,Product and service quality & customer relationship,no_evidence,,False,1,False,False,False,False
a1,Bangchak2025,phase6,34,0,GRI 417: Marketing and Labeling 2016,417-3,Product and service quality & customer relationship,no_evidence,,False,4,False,False,False,False
a1,Bangchak2025,phase6,35,0,GRI 201: Economic Performance 2016,201-2,"GHG Emissions & Climate adaptation, resilience, and transition",partial,,False,5,False,False,False,False
a1,Bangchak2025,phase6,36,0,GRI 302: Energy 2016,302-1,"GHG Emissions & Climate adaptation, resilience, and transition",partial,,False,13,False,False,False,False
a1,Bangchak2025,phase6,37,0,GRI 302: Energy 2016,302-3,"GHG Emissions & Climate adaptation, resilience, and transition",no_evidence,,False,4,False,False,False,False
a1,Bangchak2025,phase6,38,0,GRI 302: Energy 2016,302-4,"GHG Emissions & Climate adaptation, resilience, and transition",pass,,False,4,False,False,False,False
a1,Bangchak2025,phase6,39,0,GRI 305: Emissions 2016,305-1,"GHG Emissions & Climate adaptation, resilience, and transition",partial,,False,9,False,False,False,False
a1,Bangchak2025,phase6,40,0,GRI 305: Emissions 2016,305-2,"GHG Emissions & Climate adaptation, resilience, and transition",partial,,False,9,False,False,False,False
a1,Bangchak2025,phase6,41,0,GRI 305: Emissions 2016,305-3,"GHG Emissions & Climate adaptation, resilience, and transition",partial,,False,9,False,False,False,False
a1,Bangchak2025,phase6,42,0,GRI 305: Emissions 2016,305-4,"GHG Emissions & Climate adaptation, resilience, and transition",partial,,False,4,False,False,False,False
a1,Bangchak2025,phase6,43,0,GRI 305: Emissions 2016,305-5,"GHG Emissions & Climate adaptation, resilience, and transition",partial,,False,5,False,False,False,False
a1,Bangchak2025,phase6,44,0,GRI 305: Emissions 2016,305-7,Air emissions,partial,,False,7,False,False,False,False
a1,Bangchak2025,phase6,45,0,GRI 304: Biodiversity 2016,304-2,Biodiversity,partial,,False,10,False,False,False,False
a1,Bangchak2025,phase6,46,0,GRI 306: Waste 2020,306-1,Waste,no_evidence,,False,6,False,False,False,False
a1,Bangchak2025,phase6,47,0,GRI 306: Waste 2020,306-2,Waste,partial,,False,24,False,False,False,False
a1,Bangchak2025,phase6,48,0,GRI 306: Waste 2020,306-4,Waste,partial,,False,16,False,False,False,False
a1,Bangchak2025,phase6,49,0,GRI 306: Waste 2020,306-5,Waste,no_evidence,,False,15,False,False,False,False
a1,Bangchak2025,phase6,50,0,GRI 303: Water and Effluents 2018,303-1,Water and effluents,partial,,False,4,False,False,False,False
a1,Bangchak2025,phase6,51,0,GRI 303: Water and Effluents 2018,303-2,Water and effluents,partial,,False,4,False,False,False,False
a1,Bangchak2025,phase6,52,0,GRI 303: Water and Effluents 2018,303-5,Water and effluents,partial,,False,4,False,False,False,False
a1,Bangchak2025,phase6,53,0,GRI 306: Effluents and Waste 2016,306-3,Asset integrity and critical incident management,no_evidence,,False,7,False,False,False,False
a1,Bangchak2025,phase6,54,0,GRI 403: Occupational Health and Safety 2018,403-1,Occupational health and safety,pass,,False,3,False,False,False,False
a1,Bangchak2025,phase6,55,0,GRI 403: Occupational Health and Safety 2018,403-2,Occupational health and safety,partial,,False,5,False,False,False,False
a1,Bangchak2025,phase6,56,0,GRI 403: Occupational Health and Safety 2018,403-3,Occupational health and safety,pass,,False,1,False,False,False,False
a1,Bangchak2025,phase6,57,0,GRI 403: Occupational Health and Safety 2018,403-4,Occupational health and safety,partial,,False,2,False,False,False,False
a1,Bangchak2025,phase6,58,0,GRI 403: Occupational Health and Safety 2018,403-5,Occupational health and safety,pass,,False,1,False,False,False,False
a1,Bangchak2025,phase6,59,0,GRI 403: Occupational Health and Safety 2018,403-6,Occupational health and safety,pass,,False,2,False,False,False,False
a1,Bangchak2025,phase6,60,0,GRI 403: Occupational Health and Safety 2018,403-7,Occupational health and safety,pass,,False,1,False,False,False,False
a1,Bangchak2025,phase6,61,0,GRI 403: Occupational Health and Safety 2018,403-8,Occupational health and safety,no_evidence,,False,4,False,False,False,False
a1,Bangchak2025,phase6,62,0,GRI 403: Occupational Health and Safety 2018,403-9,Occupational health and safety,no_evidence,,False,16,False,False,False,False
a1,Bangchak2025,phase6,63,0,GRI 403: Occupational Health and Safety 2018,403-10,Occupational health and safety,no_evidence,,False,10,False,False,False,False
a1,Bangchak2025,phase6,64,0,GRI 401: Employment 2016,401-2,Employment Practices,no_evidence,,False,8,False,False,False,False
a1,Bangchak2025,phase6,65,0,GRI 402: Labor/Management Relations 2016,402-1,Employment Practices,partial,,False,2,False,False,False,False
a1,Bangchak2025,phase6,66,0,GRI 404: Training and Education 2016,404-2,Employment Practices,partial,,False,2,False,False,False,False
a1,Bangchak2025,phase6,67,0,GRI 404: Training and Education 2016,404-3,Employment Practices,pass,,False,1,False,False,False,False
a1,Bangchak2025,phase6,68,0,GRI 406: Non-discrimination 2016,406-1,Non-discrimination and equal opportunity,pass,,False,5,False,False,False,False
a1,Bangchak2025,phase6,69,0,GRI 409: Forced or Compulsory Labor 2016,409-1,Forced labor and modern slavery,no_evidence,,False,3,False,False,False,False
a1,Bangchak2025,phase6,70,0,GRI 407: Freedom of Association and Collective Bargaining 2016,407-1,Freedom of association and collective bargaining,no_evidence,,False,3,False,False,False,False
a1,Bangchak2025,phase6,71,0,GRI 413: Local Communities 2016,413-1,Local communities,partial,,False,8,False,False,False,False
a1,Bangchak2025,phase6,72,0,GRI 413: Local Communities 2016,413-2,Local communities,no_evidence,,False,2,False,False,False,False
a1,Bangchak2025,phase6,73,0,GRI 411: Rights of Indigenous Peoples 2016,411-1,Rights of indigenous peoples,pass,,False,5,False,False,False,False
a1,Bangchak2025,phase6,74,0,GRI 410: Security Practices 2016,410-1,Conflict and security,no_evidence,,False,2,False,False,False,False
a1,Bapco2023,phase3,0,0,GRI 2,2-1,,partial,,False,4,False,False,False,False
a1,Bapco2023,phase3,1,0,GRI 2,2-2,,partial,,False,5,False,False,False,False
a1,Bapco2023,phase3,2,0,GRI 2,2-3,,partial,,False,4,False,False,False,False
a1,Bapco2023,phase3,3,0,GRI 2,2-4,,no_evidence,,False,2,False,False,False,False
a1,Bapco2023,phase3,4,0,GRI 2,2-5,,partial,,False,4,False,False,False,False
a1,Bapco2023,phase3,5,0,GRI 2,2-6,,partial,,False,6,False,False,False,False
a1,Bapco2023,phase3,6,0,GRI 2,2-7,,no_evidence,,False,10,False,False,False,False
a1,Bapco2023,phase3,7,0,GRI 2,2-8,,no_evidence,,False,5,False,False,False,False
a1,Bapco2023,phase3,8,0,GRI 2,2-9,,partial,,False,10,False,False,False,False
a1,Bapco2023,phase3,9,0,GRI 2,2-10,,no_evidence,,False,5,False,False,False,False
a1,Bapco2023,phase3,10,0,GRI 2,2-11,,no_evidence,,False,2,False,False,False,False
a1,Bapco2023,phase3,11,0,GRI 2,2-12,,partial,,False,4,False,False,False,False
a1,Bapco2023,phase3,12,0,GRI 2,2-13,,partial,,False,3,False,False,False,False
a1,Bapco2023,phase3,13,0,GRI 2,2-14,,no_evidence,,False,2,False,False,False,False
a1,Bapco2023,phase3,14,0,GRI 2,2-15,,no_evidence,,False,5,False,False,False,False
a1,Bapco2023,phase3,15,0,GRI 2,2-16,,no_evidence,,False,2,False,False,False,False
a1,Bapco2023,phase3,16,0,GRI 2,2-17,,partial,,False,1,False,False,False,False
a1,Bapco2023,phase3,17,0,GRI 2,2-18,,no_evidence,,False,3,False,False,False,False
a1,Bapco2023,phase3,18,0,GRI 2,2-19,,omitted,no page pack: omitted,False,0,True,False,True,True
a1,Bapco2023,phase3,19,0,GRI 2,2-20,,omitted,no page pack: omitted,False,0,True,False,True,True
a1,Bapco2023,phase3,20,0,GRI 2,2-21,,omitted,no page pack: omitted,False,0,True,False,True,True
a1,Bapco2023,phase3,21,0,GRI 2,2-22,,no_evidence,,False,1,False,False,False,False
a1,Bapco2023,phase3,22,0,GRI 2,2-23,,partial,,False,10,False,False,False,False
a1,Bapco2023,phase3,23,0,GRI 2,2-24,,partial,,False,4,False,False,False,False
a1,Bapco2023,phase3,24,0,GRI 2,2-25,,partial,,False,5,False,False,False,False
a1,Bapco2023,phase3,25,0,GRI 2,2-26,,no_evidence,,False,2,False,False,False,False
a1,Bapco2023,phase3,26,0,GRI 2,2-27,,no_evidence,,False,6,False,False,False,False
a1,Bapco2023,phase3,27,0,GRI 2,2-28,,no_evidence,,False,1,False,False,False,False
a1,Bapco2023,phase3,28,0,GRI 2,2-29,,partial,,False,3,False,False,False,False
a1,Bapco2023,phase3,29,0,GRI 2,2-30,,omitted,no page pack: omitted,False,0,True,False,True,True
a1,Bapco2023,phase5,0,0,GRI 3,3-1,,partial,,False,3,False,False,False,False
a1,Bapco2023,phase5,1,0,GRI 3,3-2,,partial,,False,2,False,False,False,False
a1,Bapco2023,phase5,2,0,GRI 3,3-3,"Anti-corruption, Business Ethics & Transparency",partial,,False,11,False,False,False,False
a1,Bapco2023,phase5,3,0,GRI 3,3-3,Biodiversity and landscape,partial,,False,11,False,False,False,False
a1,Bapco2023,phase5,4,0,GRI 3,3-3,Corporate Governance & Compliance,partial,,False,11,False,False,False,False
a1,Bapco2023,phase5,5,0,GRI 3,3-3,Cybersecurity & Data Privacy,partial,,False,11,False,False,False,False
a1,Bapco2023,phase5,6,0,GRI 3,3-3,"Diversity, Inclusion & Equal Opportunity",partial,,False,11,False,False,False,False
a1,Bapco2023,phase5,7,0,GRI 3,3-3,Economic Performance,partial,,False,11,False,False,False,False
a1,Bapco2023,phase5,8,0,GRI 3,3-3,Emissions & Climate Action,partial,,False,11,False,False,False,False
a1,Bapco2023,phase5,9,0,GRI 3,3-3,Employment (Employment Attraction & Retention),partial,,False,11,False,False,False,False
a1,Bapco2023,phase5,10,0,GRI 3,3-3,Energy Management,partial,,False,11,False,False,False,False
a1,Bapco2023,phase5,11,0,GRI 3,3-3,Environmental Policy & Management,partial,,False,11,False,False,False,False
a1,Bapco2023,phase5,12,0,GRI 3,3-3,"Health, safety and well-being",partial,,False,11,False,False,False,False
a1,Bapco2023,phase5,13,0,GRI 3,3-3,Human Rights,partial,,False,11,False,False,False,False
a1,Bapco2023,phase5,14,0,GRI 3,3-3,Investments in Renewables & Clean Tech,partial,,False,11,False,False,False,False
a1,Bapco2023,phase5,15,0,GRI 3,3-3,Local Community Impact and Investment,partial,,False,11,False,False,False,False
a1,Bapco2023,phase5,16,0,GRI 3,3-3,Risk & Crisis Management,partial,,False,11,False,False,False,False
a1,Bapco2023,phase5,17,0,GRI 3,3-3,Training & Development,partial,,False,11,False,False,False,False
a1,Bapco2023,phase5,18,0,GRI 3,3-3,Water and effluents,partial,,False,11,False,False,False,False
a1,Bapco2023,phase6,0,0,GRI 414: Supplier Social Assessment 2016,414-1,Employment (Employment Attraction & Retention),omitted,no page pack: omitted,False,0,True,False,True,True
a1,Bapco2023,phase6,1,0,GRI 414: Supplier Social Assessment 2016,414-2,Employment (Employment Attraction & Retention),omitted,no page pack: omitted,False,0,True,False,True,True
a1,Bapco2023,phase6,2,0,GRI 202: Market Presence 2016,202-2,"Diversity, Inclusion & Equal Opportunity",omitted,no page pack: omitted,False,0,True,False,True,True
a1,Bapco2023,phase6,3,0,GRI 405: Diversity and Equal Opportunity 2016,405-2,"Diversity, Inclusion & Equal Opportunity",omitted,no page pack: omitted,False,0,True,False,True,True
a1,Bapco2023,phase6,4,0,GRI 205: Anti-corruption 2016,205-1,"Anti-corruption, Business Ethics & Transparency",omitted,no page pack: omitted,False,0,True,False,True,True
a1,Bapco2023,phase6,5,0,GRI 205: Anti-corruption 2016,205-3,"Anti-corruption, Business Ethics & Transparency",omitted,no page pack: omitted,False,0,True,False,True,True
a1,Bapco2023,phase6,6,0,GRI 202: Market Presence 2016,202-2,Economic Performance,omitted,no page pack: omitted,False,0,True,False,True,True
a1,Bapco2023,phase6,7,0,GRI 302: Energy 2016,302-1,Emissions & Climate Action,partial,,False,13,False,False,False,False
a1,Bapco2023,phase6,8,0,GRI 302: Energy 2016,302-2,Emissions & Climate Action,no_evidence,,False,3,False,False,False,False
a1,Bapco2023,phase6,9,0,GRI 302: Energy 2016,302-3,Emissions & Climate Action,no_evidence,,False,4,False,False,False,False
a1,Bapco2023,phase6,10,0,GRI 305: Emissions 2016,305-1,Emissions & Climate Action,partial,,False,9,False,False,False,False
a1,Bapco2023,phase6,11,0,GRI 305: Emissions 2016,305-2,Emissions & Climate Action,partial,,False,9,False,False,False,False
a1,Bapco2023,phase6,12,0,GRI 305: Emissions 2016,305-3,Emissions & Climate Action,partial,,False,9,False,False,False,False
a1,Bapco2023,phase6,13,0,GRI 305: Emissions 2016,305-4,Emissions & Climate Action,partial,,False,4,False,False,False,False
a1,Bapco2023,phase6,14,0,GRI 305: Emissions 2016,305-7,Emissions & Climate Action,no_evidence,,False,7,False,False,False,False
a1,Bapco2023,phase6,15,0,GRI 416: Customer Health and Safety 2016,416-1,Emissions & Climate Action,no_evidence,,False,1,False,False,False,False
a1,Bapco2023,phase6,16,0,GRI 303: Water and Effluents 2018,303-1,Water and effluents,partial,,False,4,False,False,False,False
a1,Bapco2023,phase6,17,0,GRI 303: Water and Effluents 2018,303-2,Water and effluents,no_evidence,,False,4,False,False,False,False
a1,Bapco2023,phase6,18,0,GRI 303: Water and Effluents 2018,303-3,Water and effluents,no_evidence,,False,13,False,False,False,False
a1,Bapco2023,phase6,19,0,GRI 303: Water and Effluents 2018,303-4,Water and effluents,partial,,False,12,False,False,False,False
a1,Bapco2023,phase6,20,0,GRI 303: Water and Effluents 2018,303-5,Water and effluents,no_evidence,,False,4,False,False,False,False
a1,Bapco2023,phase6,21,0,GRI 304: Biodiversity 2016,304-1,Biodiversity and landscape,no_evidence,,False,7,False,False,False,False
a1,Bapco2023,phase6,22,0,GRI 304: Biodiversity 2016,304-2,Biodiversity and landscape,partial,,False,10,False,False,False,False
a1,Bapco2023,phase6,23,0,GRI 304: Biodiversity 2016,304-3,Biodiversity and landscape,partial,,False,4,False,False,False,False
a1,Bapco2023,phase6,24,0,GRI 304: Biodiversity 2016,304-4,Biodiversity and landscape,no_evidence,,False,5,False,False,False,False
a1,Bapco2023,phase6,25,0,GRI 403: Occupational Health and Safety 2018,403-1,"Health, safety and well-being",partial,,False,3,False,False,False,False
a1,Bapco2023,phase6,26,0,GRI 403: Occupational Health and Safety 2018,403-2,"Health, safety and well-being",partial,,False,5,False,False,False,False
a1,Bapco2023,phase6,27,0,GRI 403: Occupational Health and Safety 2018,403-3,"Health, safety and well-being",pass,,False,1,False,False,False,False
a1,Bapco2023,phase6,28,0,GRI 403: Occupational Health and Safety 2018,403-4,"Health, safety and well-being",partial,,False,2,False,False,False,False
a1,Bapco2023,phase6,29,0,GRI 403: Occupational Health and Safety 2018,403-5,"Health, safety and well-being",pass,,False,1,False,False,False,False
a1,Bapco2023,phase6,30,0,GRI 403: Occupational Health and Safety 2018,403-6,"Health, safety and well-being",partial,,False,2,False,False,False,False
a1,Bapco2023,phase6,31,0,GRI 403: Occupational Health and Safety 2018,403-7,"Health, safety and well-being",pass,,False,1,False,False,False,False
a1,Bapco2023,phase6,32,0,GRI 403: Occupational Health and Safety 2018,403-8,"Health, safety and well-being",partial,,False,4,False,False,False,False
a1,Bapco2023,phase6,33,0,GRI 403: Occupational Health and Safety 2018,403-9,"Health, safety and well-being",partial,,False,16,False,False,False,False
a1,Bapco2023,phase6,34,0,GRI 403: Occupational Health and Safety 2018,403-10,"Health, safety and well-being",partial,,False,10,False,False,False,False
a1,Bapco2023,phase6,35,0,GRI 401: Employment 2016,401-1,Employment (Employment Attraction & Retention),no_evidence,,False,2,False,False,False,False
a1,Bapco2023,phase6,36,0,GRI 401: Employment 2016,401-2,Employment (Employment Attraction & Retention),partial,,False,8,False,False,False,False
a1,Bapco2023,phase6,37,0,GRI 401: Employment 2016,401-3,Employment (Employment Attraction & Retention),no_evidence,,False,5,False,False,False,False
a1,Bapco2023,phase6,38,0,GRI 401: Employment 2016,401-3,"Diversity, Inclusion & Equal Opportunity",no_evidence,,False,5,False,False,False,False
a1,Bapco2023,phase6,39,0,GRI 402: Labor/Management Relations 2016,402-1,Employment (Employment Attraction & Retention),no_evidence,,False,2,False,False,False,False
a1,Bapco2023,phase6,40,0,GRI 404: Training and Education 2016,404-1,Employment (Employment Attraction & Retention),no_evidence,,False,2,False,False,False,False
a1,Bapco2023,phase6,41,0,GRI 404: Training and Education 2016,404-1,"Diversity, Inclusion & Equal Opportunity",no_evidence,,False,2,False,False,False,False
a1,Bapco2023,phase6,42,0,GRI 404: Training and Education 2016,404-2,Employment (Employment Attraction & Retention),partial,,False,2,False,False,False,False
a1,Bapco2023,phase6,43,0,GRI 405: Diversity and Equal Opportunity 2016,405-1,"Diversity, Inclusion & Equal Opportunity",no_evidence,,False,6,False,False,False,False
a1,Bapco2023,phase6,44,0,GRI 406: Non-discrimination 2016,406-1,"Diversity, Inclusion & Equal Opportunity",pass,,False,5,False,False,False,False
a1,Bapco2023,phase6,45,0,GRI 413: Local Communities 2016,413-1,Local Community Impact and Investment,no_evidence,,False,8,False,False,False,False
a1,Bapco2023,phase6,46,0,GRI 413: Local Communities 2016,413-2,Local Community Impact and Investment,no_evidence,,False,2,False,False,False,False
a1,Bapco2023,phase6,47,0,GRI 205: Anti-corruption 2016,205-2,"Anti-corruption, Business Ethics & Transparency",no_evidence,,False,5,False,False,False,False
a1,Bapco2023,phase6,48,0,GRI 201: Economic Performance 2016,201-1,Economic Performance,no_evidence,,False,4,False,False,False,False
a1,Bapco2023,phase6,49,0,GRI 203: Indirect Economic Impacts 2016,203-1,Economic Performance,partial,,False,3,False,False,False,False
a1,Bapco2023,phase6,50,0,GRI 203: Indirect Economic Impacts 2016,203-2,Economic Performance,partial,,False,2,False,False,False,False
a1,Bapco2023,phase6,51,0,GRI 204: Procurement Practices 2016,204-1,Economic Performance,no_evidence,,False,3,False,False,False,False
a1,Bapco2024,phase3,0,0,GRI 2,2-1,,partial,,False,4,False,False,False,False
a1,Bapco2024,phase3,1,0,GRI 2,2-2,,no_evidence,,False,5,False,False,False,False
a1,Bapco2024,phase3,2,0,GRI 2,2-3,,partial,,False,4,False,False,False,False
a1,Bapco2024,phase3,3,0,GRI 2,2-4,,no_evidence,,False,2,False,False,False,False
a1,Bapco2024,phase3,4,0,GRI 2,2-5,,partial,,False,4,False,False,False,False
a1,Bapco2024,phase3,5,0,GRI 2,2-6,,partial,,False,6,False,False,False,False
a1,Bapco2024,phase3,6,0,GRI 2,2-7,,no_evidence,,False,10,False,False,False,False
a1,Bapco2024,phase3,7,0,GRI 2,2-8,,no_evidence,,False,5,False,False,False,False
a1,Bapco2024,phase3,8,0,GRI 2,2-9,,partial,,False,10,False,False,False,False
a1,Bapco2024,phase3,9,0,GRI 2,2-10,,partial,,False,5,False,False,False,False
a1,Bapco2024,phase3,10,0,GRI 2,2-11,,pass,,False,2,False,False,False,False
a1,Bapco2024,phase3,11,0,GRI 2,2-12,,partial,,False,4,False,False,False,False
a1,Bapco2024,phase3,12,0,GRI 2,2-13,,no_evidence,,False,3,False,False,False,False
a1,Bapco2024,phase3,13,0,GRI 2,2-14,,no_evidence,,False,2,False,False,False,False
a1,Bapco2024,phase3,14,0,GRI 2,2-15,,no_evidence,,False,5,False,False,False,False
a1,Bapco2024,phase3,15,0,GRI 2,2-16,,no_evidence,,False,2,False,False,False,False
a1,Bapco2024,phase3,16,0,GRI 2,2-17,,no_evidence,,False,1,False,False,False,False
a1,Bapco2024,phase3,17,0,GRI 2,2-18,,no_evidence,,False,3,False,False,False,False
a1,Bapco2024,phase3,18,0,GRI 2,2-19,,omitted,no page pack: omitted,False,0,True,False,True,True
a1,Bapco2024,phase3,19,0,GRI 2,2-20,,omitted,no page pack: omitted,False,0,True,False,True,True
a1,Bapco2024,phase3,20,0,GRI 2,2-21,,omitted,no page pack: omitted,False,0,True,False,True,True
a1,Bapco2024,phase3,21,0,GRI 2,2-22,,pass,,False,1,False,False,False,False
a1,Bapco2024,phase3,22,0,GRI 2,2-23,,partial,,False,10,False,False,False,False
a1,Bapco2024,phase3,23,0,GRI 2,2-24,,partial,,False,4,False,False,False,False
a1,Bapco2024,phase3,24,0,GRI 2,2-25,,no_evidence,,False,5,False,False,False,False
a1,Bapco2024,phase3,25,0,GRI 2,2-26,,no_evidence,,False,2,False,False,False,False
a1,Bapco2024,phase3,26,0,GRI 2,2-27,,no_evidence,,False,6,False,False,False,False
a1,Bapco2024,phase3,27,0,GRI 2,2-28,,partial,,False,1,False,False,False,False
a1,Bapco2024,phase3,28,0,GRI 2,2-29,,pass,,False,3,False,False,False,False
a1,Bapco2024,phase3,29,0,GRI 2,2-30,,omitted,no page pack: omitted,False,0,True,False,True,True
a1,Bapco2024,phase5,0,0,GRI 3,3-1,,pass,,False,3,False,False,False,False
a1,Bapco2024,phase5,1,0,GRI 3,3-2,,pass,,False,2,False,False,False,False
a1,Bapco2024,phase5,2,0,GRI 3,3-3,"Anti-corruption, Business Ethics & Transparency",partial,,False,11,False,False,False,False
a1,Bapco2024,phase5,3,0,GRI 3,3-3,Asset Integrity and Critical Incident Management,partial,,False,11,False,False,False,False
a1,Bapco2024,phase5,4,0,GRI 3,3-3,Corporate Governance & Compliance,partial,,False,11,False,False,False,False
a1,Bapco2024,phase5,5,0,GRI 3,3-3,Cybersecurity & Data Privacy,partial,,False,11,False,False,False,False
a1,Bapco2024,phase5,6,0,GRI 3,3-3,"Diversity, Inclusion & Equal Opportunity",partial,,False,11,False,False,False,False
a1,Bapco2024,phase5,7,0,GRI 3,3-3,Economic Performance,no_evidence,no page pack: page_list_no_matching_chunks; system limitation - human review required,True,0,False,False,True,True
a1,Bapco2024,phase5,8,0,GRI 3,3-3,Emissions & Climate Action,partial,,False,11,False,False,False,False
a1,Bapco2024,phase5,9,1,GRI 3,3-3,Emissions & Climate Action,partial,,False,11,False,False,False,False
a1,Bapco2024,phase5,10,0,GRI 3,3-3,Employment (Employment Attraction & Retention),partial,,False,11,False,False,False,False
a1,Bapco2024,phase5,11,0,GRI 3,3-3,Energy Management,partial,,False,11,False,False,False,False
a1,Bapco2024,phase5,12,0,GRI 3,3-3,"Health, safety and well-being",partial,,False,11,False,False,False,False
a1,Bapco2024,phase5,13,0,GRI 3,3-3,Human Rights,partial,,False,11,False,False,False,False
a1,Bapco2024,phase5,14,0,GRI 3,3-3,Investments in Renewables & Clean Tech,partial,,False,11,False,False,False,False
a1,Bapco2024,phase5,15,0,GRI 3,3-3,Local Community Impact and Investment,partial,,False,11,False,False,False,False
a1,Bapco2024,phase5,16,0,GRI 3,3-3,Risk & Crisis Management,partial,,False,11,False,False,False,False
a1,Bapco2024,phase5,17,0,GRI 3,3-3,Training & Development,partial,,False,11,False,False,False,False
a1,Bapco2024,phase5,18,0,GRI 3,3-3,Waste,partial,,False,11,False,False,False,False
a1,Bapco2024,phase5,19,0,GRI 3,3-3,Water and effluents,partial,,False,11,False,False,False,False
a1,Bapco2024,phase6,0,0,GRI 414: Supplier Social Assessment 2016,414-1,Employment (Employment Attraction & Retention),omitted,no page pack: omitted,False,0,True,False,True,True
a1,Bapco2024,phase6,1,0,GRI 414: Supplier Social Assessment 2016,414-2,Employment (Employment Attraction & Retention),omitted,no page pack: omitted,False,0,True,False,True,True
a1,Bapco2024,phase6,2,0,GRI 202: Market Presence 2016,202-2,"Diversity, Inclusion & Equal Opportunity",omitted,no page pack: omitted,False,0,True,False,True,True
a1,Bapco2024,phase6,3,0,GRI 405: Diversity and Equal Opportunity 2016,405-2,"Diversity, Inclusion & Equal Opportunity",omitted,no page pack: omitted,False,0,True,False,True,True
a1,Bapco2024,phase6,4,0,GRI 205: Anti-corruption 2016,205-1,"Anti-corruption, Business Ethics & Transparency",omitted,no page pack: omitted,False,0,True,False,True,True
a1,Bapco2024,phase6,5,0,GRI 205: Anti-corruption 2016,205-3,"Anti-corruption, Business Ethics & Transparency",omitted,no page pack: omitted,False,0,True,False,True,True
a1,Bapco2024,phase6,6,0,GRI 201: Economic Performance 2016,201-1,Economic Performance,no_evidence,no page pack: page_list_no_matching_chunks; system limitation — human review required,True,0,False,False,True,True
a1,Bapco2024,phase6,7,0,GRI 202: Market Presence 2016,202-2,Economic Performance,omitted,no page pack: omitted,False,0,True,False,True,True
a1,Bapco2024,phase6,8,0,GRI 203: Indirect Economic Impacts 2016,203-1,Economic Performance,no_evidence,no page pack: page_list_no_matching_chunks; system limitation — human review required,True,0,False,False,True,True
a1,Bapco2024,phase6,9,0,GRI 203: Indirect Economic Impacts 2016,203-2,Economic Performance,no_evidence,no page pack: page_list_no_matching_chunks; system limitation — human review required,True,0,False,False,True,True
a1,Bapco2024,phase6,10,0,GRI 204: Procurement Practices 2016,204-1,Economic Performance,no_evidence,no page pack: page_list_no_matching_chunks; system limitation — human review required,True,0,False,False,True,True
a1,Bapco2024,phase6,11,0,GRI 302: Energy 2016,302-1,Emissions & Climate Action,partial,,False,13,False,False,False,False
a1,Bapco2024,phase6,12,0,GRI 302: Energy 2016,302-2,Emissions & Climate Action,no_evidence,,False,3,False,False,False,False
a1,Bapco2024,phase6,13,0,GRI 302: Energy 2016,302-3,Emissions & Climate Action,no_evidence,,False,4,False,False,False,False
a1,Bapco2024,phase6,14,0,GRI 305: Emissions 2016,305-1,Emissions & Climate Action,partial,,False,9,False,False,False,False
a1,Bapco2024,phase6,15,0,GRI 305: Emissions 2016,305-2,Emissions & Climate Action,partial,,False,9,False,False,False,False
a1,Bapco2024,phase6,16,0,GRI 305: Emissions 2016,305-3,Emissions & Climate Action,partial,,False,9,False,False,False,False
a1,Bapco2024,phase6,17,0,GRI 305: Emissions 2016,305-4,Emissions & Climate Action,partial,,False,4,False,False,False,False
a1,Bapco2024,phase6,18,0,GRI 305: Emissions 2016,305-7,Emissions & Climate Action,partial,,False,7,False,False,False,False
a1,Bapco2024,phase6,19,0,GRI 416: Customer Health and Safety 2016,416-1,Emissions & Climate Action,no_evidence,,False,1,False,False,False,False
a1,Bapco2024,phase6,20,0,GRI 306: Waste 2020,306-1,Waste,no_evidence,,False,6,False,False,False,False
a1,Bapco2024,phase6,21,0,GRI 306: Waste 2020,306-2,Waste,partial,,False,24,False,False,False,False
a1,Bapco2024,phase6,22,0,GRI 306: Waste 2020,306-3,Waste,partial,,False,7,False,False,False,False
a1,Bapco2024,phase6,23,0,GRI 306: Waste 2020,306-4,Waste,partial,,False,16,False,False,False,False
a1,Bapco2024,phase6,24,0,GRI 306: Waste 2020,306-5,Waste,partial,,False,15,False,False,False,False
a1,Bapco2024,phase6,25,0,GRI 303: Water and Effluents 2018,303-1,Water and effluents,partial,,False,4,False,False,False,False
a1,Bapco2024,phase6,26,0,GRI 303: Water and Effluents 2018,303-2,Water and effluents,no_evidence,,False,4,False,False,False,False
a1,Bapco2024,phase6,27,0,GRI 303: Water and Effluents 2018,303-3,Water and effluents,no_evidence,,False,13,False,False,False,False
a1,Bapco2024,phase6,28,0,GRI 303: Water and Effluents 2018,303-4,Water and effluents,no_evidence,,False,12,False,False,False,False
a1,Bapco2024,phase6,29,0,GRI 303: Water and Effluents 2018,303-5,Water and effluents,no_evidence,,False,4,False,False,False,False
a1,Bapco2024,phase6,30,0,GRI 306: Effluents and Waste 2016,306-3,Asset Integrity and Critical Incident Management,partial,,False,7,False,False,False,False
a1,Bapco2024,phase6,31,0,GRI 403: Occupational Health and Safety 2018,403-1,"Health, safety and well-being",partial,,False,3,False,False,False,False
a1,Bapco2024,phase6,32,0,GRI 403: Occupational Health and Safety 2018,403-2,"Health, safety and well-being",partial,,False,5,False,False,False,False
a1,Bapco2024,phase6,33,0,GRI 403: Occupational Health and Safety 2018,403-3,"Health, safety and well-being",no_evidence,,False,1,False,False,False,False
a1,Bapco2024,phase6,34,0,GRI 403: Occupational Health and Safety 2018,403-4,"Health, safety and well-being",partial,,False,2,False,False,False,False
a1,Bapco2024,phase6,35,0,GRI 403: Occupational Health and Safety 2018,403-5,"Health, safety and well-being",pass,,False,1,False,False,False,False
a1,Bapco2024,phase6,36,0,GRI 403: Occupational Health and Safety 2018,403-6,"Health, safety and well-being",no_evidence,,False,2,False,False,False,False
a1,Bapco2024,phase6,37,0,GRI 403: Occupational Health and Safety 2018,403-7,"Health, safety and well-being",pass,,False,1,False,False,False,False
a1,Bapco2024,phase6,38,0,GRI 403: Occupational Health and Safety 2018,403-8,"Health, safety and well-being",partial,,False,4,False,False,False,False
a1,Bapco2024,phase6,39,0,GRI 403: Occupational Health and Safety 2018,403-9,"Health, safety and well-being",partial,,False,16,False,False,False,False
a1,Bapco2024,phase6,40,0,GRI 403: Occupational Health and Safety 2018,403-10,"Health, safety and well-being",no_evidence,,False,10,False,False,False,False
a1,Bapco2024,phase6,41,0,GRI 401: Employment 2016,401-1,Employment (Employment Attraction & Retention),no_evidence,,False,2,False,False,False,False
a1,Bapco2024,phase6,42,0,GRI 401: Employment 2016,401-2,Employment (Employment Attraction & Retention),no_evidence,,False,8,False,False,False,False
a1,Bapco2024,phase6,43,0,GRI 401: Employment 2016,401-3,Employment (Employment Attraction & Retention),partial,,False,5,False,False,False,False
a1,Bapco2024,phase6,44,0,GRI 401: Employment 2016,401-3,"Diversity, Inclusion & Equal Opportunity",partial,,False,5,False,False,False,False
a1,Bapco2024,phase6,45,0,GRI 402: Labor/Management Relations 2016,402-1,Employment (Employment Attraction & Retention),no_evidence,,False,2,False,False,False,False
a1,Bapco2024,phase6,46,0,GRI 404: Training and Education 2016,404-1,Employment (Employment Attraction & Retention),no_evidence,,False,2,False,False,False,False
a1,Bapco2024,phase6,47,0,GRI 404: Training and Education 2016,404-1,"Diversity, Inclusion & Equal Opportunity",no_evidence,,False,2,False,False,False,False
a1,Bapco2024,phase6,48,0,GRI 404: Training and Education 2016,404-2,Employment (Employment Attraction & Retention),partial,,False,2,False,False,False,False
a1,Bapco2024,phase6,49,0,GRI 405: Diversity and Equal Opportunity 2016,405-1,"Diversity, Inclusion & Equal Opportunity",no_evidence,,False,6,False,False,False,False
a1,Bapco2024,phase6,50,0,GRI 406: Non-discrimination 2016,406-1,"Diversity, Inclusion & Equal Opportunity",partial,,False,5,False,False,False,False
a1,Bapco2024,phase6,51,0,GRI 413: Local Communities 2016,413-1,Local Community Impact and Investment,no_evidence,,False,8,False,False,False,False
a1,Bapco2024,phase6,52,0,GRI 413: Local Communities 2016,413-2,Local Community Impact and Investment,partial,,False,2,False,False,False,False
a1,Bapco2024,phase6,53,0,GRI 205: Anti-corruption 2016,205-2,"Anti-corruption, Business Ethics & Transparency",no_evidence,,False,5,False,False,False,False
a1,Bunduq2023,phase3,0,0,GRI 2,2-1,,partial,,False,4,False,False,False,False
a1,Bunduq2023,phase3,1,0,GRI 2,2-2,,partial,,False,5,False,False,False,False
a1,Bunduq2023,phase3,2,0,GRI 2,2-3,,partial,,False,4,False,False,False,False
a1,Bunduq2023,phase3,3,0,GRI 2,2-4,,partial,,False,2,False,False,False,False
a1,Bunduq2023,phase3,4,0,GRI 2,2-5,,partial,,False,4,False,False,False,False
a1,Bunduq2023,phase3,5,0,GRI 2,2-6,,partial,,False,6,False,False,False,False
a1,Bunduq2023,phase3,6,0,GRI 2,2-7,,partial,,False,10,False,False,False,False
a1,Bunduq2023,phase3,7,0,GRI 2,2-8,,no_evidence,,False,5,False,False,False,False
a1,Bunduq2023,phase3,8,0,GRI 2,2-9,,partial,,False,10,False,False,False,False
a1,Bunduq2023,phase3,9,0,GRI 2,2-10,,omitted,no page pack: omitted,False,0,True,False,True,True
a1,Bunduq2023,phase3,10,0,GRI 2,2-11,,no_evidence,,False,2,False,False,False,False
a1,Bunduq2023,phase3,11,0,GRI 2,2-12,,no_evidence,,False,4,False,False,False,False
a1,Bunduq2023,phase3,12,0,GRI 2,2-13,,partial,,False,3,False,False,False,False
a1,Bunduq2023,phase3,13,0,GRI 2,2-14,,omitted,no page pack: omitted,False,0,True,False,True,True
a1,Bunduq2023,phase3,14,0,GRI 2,2-15,,omitted,no page pack: omitted,False,0,True,False,True,True
a1,Bunduq2023,phase3,15,0,GRI 2,2-16,,partial,,False,2,False,False,False,False
a1,Bunduq2023,phase3,16,0,GRI 2,2-17,,omitted,no page pack: omitted,False,0,True,False,True,True
a1,Bunduq2023,phase3,17,0,GRI 2,2-18,,omitted,no page pack: omitted,False,0,True,False,True,True
a1,Bunduq2023,phase3,18,0,GRI 2,2-19,,omitted,no page pack: omitted,False,0,True,False,True,True
a1,Bunduq2023,phase3,19,0,GRI 2,2-20,,omitted,no page pack: omitted,False,0,True,False,True,True
a1,Bunduq2023,phase3,20,0,GRI 2,2-21,,omitted,no page pack: omitted,False,0,True,False,True,True
a1,Bunduq2023,phase3,21,0,GRI 2,2-22,,pass,,False,1,False,False,False,False
a1,Bunduq2023,phase3,22,0,GRI 2,2-23,,partial,,False,10,False,False,False,False
a1,Bunduq2023,phase3,23,0,GRI 2,2-24,,partial,,False,4,False,False,False,False
a1,Bunduq2023,phase3,24,0,GRI 2,2-25,,omitted,no page pack: omitted,False,0,True,False,True,True
a1,Bunduq2023,phase3,25,0,GRI 2,2-26,,partial,,False,2,False,False,False,False
a1,Bunduq2023,phase3,26,0,GRI 2,2-27,,partial,,False,6,False,False,False,False
a1,Bunduq2023,phase3,27,0,GRI 2,2-28,,omitted,no page pack: omitted,False,0,True,False,True,True
a1,Bunduq2023,phase3,28,0,GRI 2,2-29,,partial,,False,3,False,False,False,False
a1,Bunduq2023,phase3,29,0,GRI 2,2-30,,omitted,no page pack: omitted,False,0,True,False,True,True
a1,Bunduq2023,phase5,0,0,GRI 3,3-1,,no_evidence,no page pack: page_list_no_matching_chunks; system limitation - human review required,True,0,False,False,True,True
a1,Bunduq2023,phase5,1,0,GRI 3,3-2,,no_evidence,,False,2,False,False,False,False
a1,Bunduq2023,phase5,2,0,GRI 3,3-3,Asset Integrity and Process Safety,partial,,False,11,False,False,False,False
a1,Bunduq2023,phase5,3,0,GRI 3,3-3,Biodiversity and Natural Capital,partial,,False,11,False,False,False,False
a1,Bunduq2023,phase5,4,0,GRI 3,3-3,Business Ethics and Integrity Practices,partial,,False,11,False,False,False,False
a1,Bunduq2023,phase5,5,0,GRI 3,3-3,Community Development and Partnerships and Social Risk Management,partial,,False,11,False,False,False,False
a1,Bunduq2023,phase5,6,0,GRI 3,3-3,Crisis Management & Incident Response,partial,,False,11,False,False,False,False
a1,Bunduq2023,phase5,7,0,GRI 3,3-3,Cyber Security,partial,,False,11,False,False,False,False
a1,Bunduq2023,phase5,8,0,GRI 3,3-3,Digital Transformation and Innovation,partial,,False,11,False,False,False,False
a1,Bunduq2023,phase5,9,0,GRI 3,3-3,ESG Compliance,partial,,False,11,False,False,False,False
a1,Bunduq2023,phase5,10,0,GRI 3,3-3,Economic performance,external_verification,no page pack: external_document_reference,False,0,False,True,True,True
a1,Bunduq2023,phase5,11,0,GRI 3,3-3,Employee Diversity and Inclusion,partial,,False,11,False,False,False,False
a1,Bunduq2023,phase5,12,0,GRI 3,3-3,Employment Practices and Employee Welfare,partial,,False,11,False,False,False,False
a1,Bunduq2023,phase5,13,0,GRI 3,3-3,Energy Management,partial,,False,11,False,False,False,False
a1,Bunduq2023,phase5,14,0,GRI 3,3-3,"Greenhouse Gas (GHG) Emissions, Climate Resilience and Adaptation Strategy and Flaring",partial,,False,11,False,False,False,False
a1,Bunduq2023,phase5,15,0,GRI 3,3-3,Occupational health and safety,partial,,False,11,False,False,False,False
a1,Bunduq2023,phase5,16,0,GRI 3,3-3,Spills,partial,,False,11,False,False,False,False
a1,Bunduq2023,phase5,17,0,GRI 3,3-3,Sustainable Procurement,partial,,False,11,False,False,False,False
a1,Bunduq2023,phase5,18,0,GRI 3,3-3,Talent Management and Development,partial,,False,11,False,False,False,False
a1,Bunduq2023,phase5,19,0,GRI 3,3-3,Waste Management,partial,,False,11,False,False,False,False
a1,Bunduq2023,phase5,20,0,GRI 3,3-3,Water and Effluents Management,partial,,False,11,False,False,False,False
a1,Bunduq2023,phase5,21,0,GRI 3,3-3,Workforce Nationalization,partial,,False,11,False,False,False,False
a1,Bunduq2023,phase6,0,0,GRI 205: Anti-corruption 2016,205-1,Business Ethics and Integrity Practices,omitted,no page pack: omitted,False,0,True,False,True,True
a1,Bunduq2023,phase6,1,0,GRI 205: Anti-corruption 2016,205-2,Business Ethics and Integrity Practices,omitted,no page pack: omitted,False,0,True,False,True,True
a1,Bunduq2023,phase6,2,0,GRI 206: Anti-competitive Behavior 2016,206-1,Business Ethics and Integrity Practices,omitted,no page pack: omitted,False,0,True,False,True,True
a1,Bunduq2023,phase6,3,0,GRI 302: Energy 2016,302-2,Energy Management,omitted,no page pack: omitted,False,0,True,False,True,True
a1,Bunduq2023,phase6,4,0,GRI 302: Energy 2016,302-5,Energy Management,omitted,no page pack: omitted,False,0,True,False,True,True
a1,Bunduq2023,phase6,5,0,GRI 305: Emissions 2016,305-3,"Greenhouse Gas (GHG) Emissions, Climate Resilience and Adaptation Strategy and Flaring",omitted,no page pack: omitted,False,0,True,False,True,True
a1,Bunduq2023,phase6,6,0,GRI 305: Emissions 2016,305-6,"Greenhouse Gas (GHG) Emissions, Climate Resilience and Adaptation Strategy and Flaring",omitted,no page pack: omitted,False,0,True,False,True,True
a1,Bunduq2023,phase6,7,0,GRI 305: Emissions 2016,305-7,"Greenhouse Gas (GHG) Emissions, Climate Resilience and Adaptation Strategy and Flaring",no_evidence,no page pack: page_list_no_matching_chunks; system limitation — human review required,True,0,False,False,True,True
a1,Bunduq2023,phase6,8,0,GRI 306: Waste 2020,306-4,Waste Management,omitted,no page pack: omitted,False,0,True,False,True,True
a1,Bunduq2023,phase6,9,0,GRI 306: Waste 2020,306-5,Waste Management,omitted,no page pack: omitted,False,0,True,False,True,True
a1,Bunduq2023,phase6,10,0,GRI 303: Water and Effluents 2018,303-4,Water and Effluents Management,omitted,no page pack: omitted,False,0,True,False,True,True
a1,Bunduq2023,phase6,11,0,GRI 303: Water and Effluents 2018,303-5,Water and Effluents Management,omitted,no page pack: omitted,False,0,True,False,True,True
a1,Bunduq2023,phase6,12,0,GRI 304: Biodiversity 2016,304-3,Biodiversity and Natural Capital,omitted,no page pack: omitted,False,0,True,False,True,True
a1,Bunduq2023,phase6,13,0,GRI 304: Biodiversity 2016,304-4,Biodiversity and Natural Capital,omitted,no page pack: omitted,False,0,True,False,True,True
a1,Bunduq2023,phase6,14,0,GRI 308: Supplier Environmental Assessment 2016,308-1,Sustainable Procurement,omitted,no page pack: omitted,False,0,True,False,True,True
a1,Bunduq2023,phase6,15,0,GRI 308: Supplier Environmental Assessment 2016,308-2,Sustainable Procurement,omitted,no page pack: omitted,False,0,True,False,True,True
a1,Bunduq2023,phase6,16,0,GRI 203: Indirect Economic Impacts 2016,203-1,Community Development and Partnerships and Social Risk Management,omitted,no page pack: omitted,False,0,True,False,True,True
a1,Bunduq2023,phase6,17,0,GRI 202: Market Presence 2016,202-1,Employee Diversity and Inclusion,omitted,no page pack: omitted,False,0,True,False,True,True
a1,Bunduq2023,phase6,18,0,GRI 405: Diversity and Equal Opportunity 2016,405-2,Employee Diversity and Inclusion,omitted,no page pack: omitted,False,0,True,False,True,True
a1,Bunduq2023,phase6,19,0,GRI 402: Labor/Management Relations 2016,402-1,Employment Practices and Employee Welfare,omitted,no page pack: omitted,False,0,True,False,True,True
a1,Bunduq2023,phase6,20,0,GRI 201: Economic Performance 2016,201-1,Economic performance,omitted,no page pack: omitted,False,0,True,False,True,True
a1,Bunduq2023,phase6,21,0,GRI 201: Economic Performance 2016,201-3,Economic performance,omitted,no page pack: omitted,False,0,True,False,True,True
a1,Bunduq2023,phase6,22,0,GRI 201: Economic Performance 2016,201-4,Economic performance,omitted,no page pack: omitted,False,0,True,False,True,True
a1,Bunduq2023,phase6,23,0,GRI 205: Anti-corruption 2016,205-3,Business Ethics and Integrity Practices,no_evidence,,False,4,False,False,False,False
a1,Bunduq2023,phase6,24,0,GRI 406: Non-discrimination 2016,406-1,Business Ethics and Integrity Practices,no_evidence,,False,5,False,False,False,False
a1,Bunduq2023,phase6,25,0,GRI 406: Non-discrimination 2016,406-1,Employment Practices and Employee Welfare,no_evidence,,False,5,False,False,False,False
a1,Bunduq2023,phase6,26,0,GRI 302: Energy 2016,302-1,Energy Management,partial,,False,13,False,False,False,False
a1,Bunduq2023,phase6,27,0,GRI 302: Energy 2016,302-3,Energy Management,partial,,False,4,False,False,False,False
a1,Bunduq2023,phase6,28,0,GRI 302: Energy 2016,302-4,Energy Management,partial,,False,4,False,False,False,False
a1,Bunduq2023,phase6,29,0,GRI 305: Emissions 2016,305-1,"Greenhouse Gas (GHG) Emissions, Climate Resilience and Adaptation Strategy and Flaring",no_evidence,,False,9,False,False,False,False
a1,Bunduq2023,phase6,30,0,GRI 305: Emissions 2016,305-2,"Greenhouse Gas (GHG) Emissions, Climate Resilience and Adaptation Strategy and Flaring",no_evidence,,False,9,False,False,False,False
a1,Bunduq2023,phase6,31,0,GRI 305: Emissions 2016,305-4,"Greenhouse Gas (GHG) Emissions, Climate Resilience and Adaptation Strategy and Flaring",no_evidence,,False,4,False,False,False,False
a1,Bunduq2023,phase6,32,0,GRI 305: Emissions 2016,305-5,"Greenhouse Gas (GHG) Emissions, Climate Resilience and Adaptation Strategy and Flaring",no_evidence,,False,5,False,False,False,False
a1,Bunduq2023,phase6,33,0,GRI 306: Waste 2020,306-1,Waste Management,no_evidence,,False,6,False,False,False,False
a1,Bunduq2023,phase6,34,0,GRI 306: Waste 2020,306-2,Waste Management,partial,,False,24,False,False,False,False
a1,Bunduq2023,phase6,35,0,GRI 306: Waste 2020,306-3,Waste Management,no_evidence,,False,7,False,False,False,False
a1,Bunduq2023,phase6,36,0,GRI 303: Water and Effluents 2018,303-1,Water and Effluents Management,partial,,False,4,False,False,False,False
a1,Bunduq2023,phase6,37,0,GRI 303: Water and Effluents 2018,303-2,Water and Effluents Management,no_evidence,,False,4,False,False,False,False
a1,Bunduq2023,phase6,38,0,GRI 303: Water and Effluents 2018,303-3,Water and Effluents Management,no_evidence,,False,13,False,False,False,False
a1,Bunduq2023,phase6,39,0,GRI 304: Biodiversity 2016,304-1,Biodiversity and Natural Capital,no_evidence,,False,7,False,False,False,False
a1,Bunduq2023,phase6,40,0,GRI 304: Biodiversity 2016,304-2,Biodiversity and Natural Capital,no_evidence,,False,10,False,False,False,False
a1,Bunduq2023,phase6,41,0,GRI 306: Effluents and Waste 2016,306-3,Spills,no_evidence,,False,7,False,False,False,False
a1,Bunduq2023,phase6,42,0,GRI 403: Occupational Health and Safety 2018,403-1,Occupational health and safety,partial,,False,3,False,False,False,False
a1,Bunduq2023,phase6,43,0,GRI 403: Occupational Health and Safety 2018,403-2,Occupational health and safety,partial,,False,5,False,False,False,False
a1,Bunduq2023,phase6,44,0,GRI 403: Occupational Health and Safety 2018,403-3,Occupational health and safety,pass,,False,1,False,False,False,False
a1,Bunduq2023,phase6,45,0,GRI 403: Occupational Health and Safety 2018,403-4,Occupational health and safety,partial,,False,2,False,False,False,False
a1,Bunduq2023,phase6,46,0,GRI 403: Occupational Health and Safety 2018,403-5,Occupational health and safety,pass,,False,1,False,False,False,False
a1,Bunduq2023,phase6,47,0,GRI 403: Occupational Health and Safety 2018,403-6,Occupational health and safety,no_evidence,,False,2,False,False,False,False
a1,Bunduq2023,phase6,48,0,GRI 403: Occupational Health and Safety 2018,403-7,Occupational health and safety,pass,,False,1,False,False,False,False
a1,Bunduq2023,phase6,49,0,GRI 403: Occupational Health and Safety 2018,403-8,Occupational health and safety,no_evidence,,False,4,False,False,False,False
a1,Bunduq2023,phase6,50,0,GRI 403: Occupational Health and Safety 2018,403-9,Occupational health and safety,partial,,False,16,False,False,False,False
a1,Bunduq2023,phase6,51,0,GRI 403: Occupational Health and Safety 2018,403-10,Occupational health and safety,no_evidence,,False,10,False,False,False,False
a1,Bunduq2023,phase6,52,0,GRI 204: Procurement Practices 2016,204-1,Sustainable Procurement,partial,,False,3,False,False,False,False
a1,Bunduq2023,phase6,53,0,GRI 414: Supplier Social Assessment 2016,414-1,Sustainable Procurement,no_evidence,,False,1,False,False,False,False
a1,Bunduq2023,phase6,54,0,GRI 414: Supplier Social Assessment 2016,414-2,Sustainable Procurement,no_evidence,,False,5,False,False,False,False
a1,Bunduq2023,phase6,55,0,GRI 203: Indirect Economic Impacts 2016,203-2,Community Development and Partnerships and Social Risk Management,partial,,False,2,False,False,False,False
a1,Bunduq2023,phase6,56,0,GRI 413: Local Communities 2016,413-1,Community Development and Partnerships and Social Risk Management,no_evidence,,False,8,False,False,False,False
a1,Bunduq2023,phase6,57,0,GRI 413: Local Communities 2016,413-2,Community Development and Partnerships and Social Risk Management,no_evidence,,False,2,False,False,False,False
a1,Bunduq2023,phase6,58,0,GRI 405: Diversity and Equal Opportunity 2016,405-1,Employee Diversity and Inclusion,no_evidence,,False,6,False,False,False,False
a1,Bunduq2023,phase6,59,0,GRI 202: Market Presence 2016,202-2,Workforce Nationalization,no_evidence,,False,4,False,False,False,False
a1,Bunduq2023,phase6,60,0,GRI 404: Training and Education 2016,404-1,Talent Management and Development,no_evidence,,False,2,False,False,False,False
a1,Bunduq2023,phase6,61,0,GRI 404: Training and Education 2016,404-2,Talent Management and Development,partial,,False,2,False,False,False,False
a1,Bunduq2023,phase6,62,0,GRI 404: Training and Education 2016,404-3,Talent Management and Development,no_evidence,,False,1,False,False,False,False
a1,Bunduq2023,phase6,63,0,GRI 401: Employment 2016,401-1,Employment Practices and Employee Welfare,no_evidence,,False,2,False,False,False,False
a1,Bunduq2023,phase6,64,0,GRI 401: Employment 2016,401-2,Employment Practices and Employee Welfare,no_evidence,,False,8,False,False,False,False
a1,Bunduq2023,phase6,65,0,GRI 401: Employment 2016,401-3,Employment Practices and Employee Welfare,no_evidence,,False,5,False,False,False,False
a1,Bunduq2023,phase6,66,0,GRI 201: Economic Performance 2016,201-2,Economic performance,partial,,False,5,False,False,False,False
a1,Desfa2023,phase3,0,0,GRI 2,2-1,,partial,,False,4,False,False,False,False
a1,Desfa2023,phase3,1,0,GRI 2,2-2,,partial,,False,5,False,False,False,False
a1,Desfa2023,phase3,2,0,GRI 2,2-3,,partial,,False,4,False,False,False,False
a1,Desfa2023,phase3,3,0,GRI 2,2-4,,partial,,False,2,False,False,False,False
a1,Desfa2023,phase3,4,0,GRI 2,2-5,,partial,,False,4,False,False,False,False
a1,Desfa2023,phase3,5,0,GRI 2,2-6,,partial,,False,6,False,False,False,False
a1,Desfa2023,phase3,6,0,GRI 2,2-7,,partial,,False,10,False,False,False,False
a1,Desfa2023,phase3,7,0,GRI 2,2-8,,partial,,False,5,False,False,False,False
a1,Desfa2023,phase3,8,0,GRI 2,2-9,,partial,,False,10,False,False,False,False
a1,Desfa2023,phase3,9,0,GRI 2,2-10,,omitted,no page pack: omitted,False,0,True,False,True,True
a1,Desfa2023,phase3,10,0,GRI 2,2-11,,pass,,False,2,False,False,False,False
a1,Desfa2023,phase3,11,0,GRI 2,2-12,,partial,,False,4,False,False,False,False
a1,Desfa2023,phase3,12,0,GRI 2,2-13,,partial,,False,3,False,False,False,False
a1,Desfa2023,phase3,13,0,GRI 2,2-14,,no_evidence,,False,2,False,False,False,False
a1,Desfa2023,phase3,14,0,GRI 2,2-15,,no_evidence,,False,5,False,False,False,False
a1,Desfa2023,phase3,15,0,GRI 2,2-16,,partial,,False,2,False,False,False,False
a1,Desfa2023,phase3,16,0,GRI 2,2-17,,no_evidence,,False,1,False,False,False,False
a1,Desfa2023,phase3,17,0,GRI 2,2-18,,omitted,no page pack: omitted,False,0,True,False,True,True
a1,Desfa2023,phase3,18,0,GRI 2,2-19,,partial,,False,6,False,False,False,False
a1,Desfa2023,phase3,19,0,GRI 2,2-20,,omitted,no page pack: omitted,False,0,True,False,True,True
a1,Desfa2023,phase3,20,0,GRI 2,2-21,,omitted,no page pack: omitted,False,0,True,False,True,True
a1,Desfa2023,phase3,21,0,GRI 2,2-22,,pass,,False,1,False,False,False,False
a1,Desfa2023,phase3,22,0,GRI 2,2-23,,partial,,False,10,False,False,False,False
a1,Desfa2023,phase3,23,0,GRI 2,2-24,,pass,,False,4,False,False,False,False
a1,Desfa2023,phase3,24,0,GRI 2,2-25,,partial,,False,5,False,False,False,False
a1,Desfa2023,phase3,25,0,GRI 2,2-26,,partial,,False,2,False,False,False,False
a1,Desfa2023,phase3,26,0,GRI 2,2-27,,partial,,False,6,False,False,False,False
a1,Desfa2023,phase3,27,0,GRI 2,2-28,,pass,,False,1,False,False,False,False
a1,Desfa2023,phase3,28,0,GRI 2,2-29,,pass,,False,3,False,False,False,False
a1,Desfa2023,phase3,29,0,GRI 2,2-30,,partial,,False,2,False,False,False,False
a1,Desfa2023,phase5,0,0,GRI 3,3-1,,partial,,False,3,False,False,False,False
a1,Desfa2023,phase5,1,0,GRI 3,3-2,,no_evidence,,False,2,False,False,False,False
a1,Desfa2023,phase5,2,0,GRI 3,3-3,Asset Integrity and critical incident management,partial,,False,11,False,False,False,False
a1,Desfa2023,phase5,3,0,GRI 3,3-3,Business conduct,partial,,False,11,False,False,False,False
a1,Desfa2023,phase5,4,0,GRI 3,3-3,Carbon Footprint,partial,,False,11,False,False,False,False
a1,Desfa2023,phase5,5,0,GRI 3,3-3,"Climate adaptation, resilience, and transition/Innovation",partial,,False,11,False,False,False,False
a1,Desfa2023,phase5,6,0,GRI 3,3-3,Economic impacts,partial,,False,11,False,False,False,False
a1,Desfa2023,phase5,7,0,GRI 3,3-3,Employment practices,partial,,False,11,False,False,False,False
a1,Desfa2023,phase5,8,0,GRI 3,3-3,Freedom of association and collective bargaining,no_evidence,,False,11,False,False,False,False
a1,Desfa2023,phase5,9,0,GRI 3,3-3,Land rights,partial,,False,11,False,False,False,False
a1,Desfa2023,phase5,10,0,GRI 3,3-3,Local communities,partial,,False,11,False,False,False,False
a1,Desfa2023,phase5,11,0,GRI 3,3-3,Occupational health and safety,partial,,False,11,False,False,False,False
a1,Desfa2023,phase5,12,0,GRI 3,3-3,Privacy,partial,,False,11,False,False,False,False
a1,Desfa2023,phase6,0,0,GRI 302: Energy 2016,302-2,Carbon Footprint,omitted,no page pack: omitted,False,0,True,False,True,True
a1,Desfa2023,phase6,1,0,GRI 414: Supplier Social Assessment 2016,414-1,Employment practices,omitted,no page pack: omitted,False,0,True,False,True,True
a1,Desfa2023,phase6,2,0,GRI 414: Supplier Social Assessment 2016,414-2,Employment practices,omitted,no page pack: omitted,False,0,True,False,True,True
a1,Desfa2023,phase6,3,0,GRI 407: Freedom of Association and Collective Bargaining 2016,407-1,Freedom of association and collective bargaining,omitted,no page pack: omitted,False,0,True,False,True,True
a1,Desfa2023,phase6,4,0,GRI 203: Indirect Economic Impacts 2016,203-2,Economic impacts,omitted,no page pack: omitted,False,0,True,False,True,True
a1,Desfa2023,phase6,5,0,GRI 205: Anti-corruption 2016,205-2,Business conduct,omitted,no page pack: omitted,False,0,True,False,True,True
a1,Desfa2023,phase6,6,0,GRI 203: Indirect Economic Impacts 2016,203-1,"Climate adaptation, resilience, and transition/Innovation",partial,,False,3,False,False,False,False
a1,Desfa2023,phase6,7,0,GRI 305: Emissions 2016,305-5,"Climate adaptation, resilience, and transition/Innovation",partial,,False,5,False,False,False,False
a1,Desfa2023,phase6,8,0,GRI 302: Energy 2016,302-1,Carbon Footprint,partial,,False,13,False,False,False,False
a1,Desfa2023,phase6,9,0,GRI 302: Energy 2016,302-3,Carbon Footprint,pass,,False,4,False,False,False,False
a1,Desfa2023,phase6,10,0,GRI 305: Emissions 2016,305-1,Carbon Footprint,partial,,False,9,False,False,False,False
a1,Desfa2023,phase6,11,0,GRI 305: Emissions 2016,305-2,Carbon Footprint,partial,,False,9,False,False,False,False
a1,Desfa2023,phase6,12,0,GRI 305: Emissions 2016,305-3,Carbon Footprint,partial,,False,9,False,False,False,False
a1,Desfa2023,phase6,13,0,GRI 305: Emissions 2016,305-4,Carbon Footprint,partial,,False,4,False,False,False,False
a1,Desfa2023,phase6,14,0,GRI 401: Employment 2016,401-1,Employment practices,no_evidence,,False,2,False,False,False,False
a1,Desfa2023,phase6,15,0,GRI 401: Employment 2016,401-2,Employment practices,no_evidence,,False,8,False,False,False,False
a1,Desfa2023,phase6,16,0,GRI 401: Employment 2016,401-3,Employment practices,no_evidence,,False,5,False,False,False,False
a1,Desfa2023,phase6,17,0,GRI 402: Labor / Management Relations 2016,402-1,Employment practices,partial,,False,2,False,False,False,False
a1,Desfa2023,phase6,18,0,GRI 404: Training & Education 2016,404-1,Employment practices,partial,,False,2,False,False,False,False
a1,Desfa2023,phase6,19,0,GRI 404: Training & Education 2016,404-2,Employment practices,partial,,False,2,False,False,False,False
a1,Desfa2023,phase6,20,0,GRI 403: Occupational Health & Safety 2018,403-1,Occupational health and safety,partial,,False,3,False,False,False,False
a1,Desfa2023,phase6,21,0,GRI 403: Occupational Health & Safety 2018,403-2,Occupational health and safety,partial,,False,5,False,False,False,False
a1,Desfa2023,phase6,22,0,GRI 403: Occupational Health & Safety 2018,403-3,Occupational health and safety,pass,,False,1,False,False,False,False
a1,Desfa2023,phase6,23,0,GRI 403: Occupational Health & Safety 2018,403-4,Occupational health and safety,partial,,False,2,False,False,False,False
a1,Desfa2023,phase6,24,0,GRI 403: Occupational Health & Safety 2018,403-5,Occupational health and safety,pass,,False,1,False,False,False,False
a1,Desfa2023,phase6,25,0,GRI 403: Occupational Health & Safety 2018,403-6,Occupational health and safety,pass,,False,2,False,False,False,False
a1,Desfa2023,phase6,26,0,GRI 403: Occupational Health & Safety 2018,403-7,Occupational health and safety,pass,,False,1,False,False,False,False
a1,Desfa2023,phase6,27,0,GRI 403: Occupational Health & Safety 2018,403-8,Occupational health and safety,partial,,False,4,False,False,False,False
a1,Desfa2023,phase6,28,0,GRI 403: Occupational Health & Safety 2018,403-9,Occupational health and safety,partial,,False,16,False,False,False,False
a1,Desfa2023,phase6,29,0,GRI 403: Occupational Health & Safety 2018,403-10,Occupational health and safety,partial,,False,10,False,False,False,False
a1,Desfa2023,phase6,30,0,GRI 306: Effluents and Waste 2016,306-3,Asset Integrity and critical incident management,partial,,False,7,False,False,False,False
a1,Desfa2023,phase6,31,0,GRI 413: Local Communities 2016,413-1,Local communities,partial,,False,8,False,False,False,False
a1,Desfa2023,phase6,32,0,GRI 413: Local Communities 2016,413-2,Local communities,partial,,False,2,False,False,False,False
a1,Desfa2023,phase6,33,0,GRI 201: Economic Performance 2016,201-1,Economic impacts,partial,,False,4,False,False,False,False
a1,Desfa2023,phase6,34,0,GRI 202: Market Presence 2016,202-2,Economic impacts,pass,,False,4,False,False,False,False
a1,Desfa2023,phase6,35,0,GRI 203: Indirect Economic Impacts 2016,203-1,Economic impacts,partial,,False,3,False,False,False,False
a1,Desfa2023,phase6,36,0,GRI 204: Procurement Practices 2016,204-1,Economic impacts,partial,,False,3,False,False,False,False
a1,Desfa2023,phase6,37,0,GRI 201: Anti-corruption 2016,201-4,Business conduct,partial,,False,10,False,False,False,False
a1,Desfa2023,phase6,38,0,GRI 205: Anti-corruption 2016,205-1,Business conduct,no_evidence,,False,2,False,False,False,False
a1,Desfa2023,phase6,39,0,GRI 205: Anti-corruption 2016,205-3,Business conduct,pass,,False,4,False,False,False,False
a1,Desfa2023,phase6,40,0,GRI 206: Anti-competitive Behavior 2016,206-1,Business conduct,no_evidence,,False,2,False,False,False,False
a1,Desfa2023,phase6,41,0,GRI 415: Public Policy 2016,415-1,Business conduct,pass,,False,2,False,False,False,False
a1,Desfa2023,phase6,42,0,GRI 418: Customer Privacy 2016,418-1,Privacy,pass,,False,4,False,False,False,False
a1,Energean2023,phase3,0,0,GRI 2,2-1,,external_verification,no page pack: external_document_reference,False,0,False,True,True,True
a1,Energean2023,phase3,1,0,GRI 2,2-2,,external_verification,no page pack: external_document_reference,False,0,False,True,True,True
a1,Energean2023,phase3,2,0,GRI 2,2-3,,external_verification,no page pack: external_document_reference,False,0,False,True,True,True
a1,Energean2023,phase3,3,0,GRI 2,2-4,,external_verification,no page pack: external_document_reference,False,0,False,True,True,True
a1,Energean2023,phase3,4,0,GRI 2,2-5,,external_verification,no page pack: external_document_reference,False,0,False,True,True,True
a1,Energean2023,phase3,5,0,GRI 2,2-6,,external_verification,no page pack: external_document_reference,False,0,False,True,True,True
a1,Energean2023,phase3,6,0,GRI 2,2-7,,external_verification,no page pack: external_document_reference,False,0,False,True,True,True
a1,Energean2023,phase3,7,0,GRI 2,2-8,,external_verification,no page pack: external_document_reference,False,0,False,True,True,True
a1,Energean2023,phase3,8,0,GRI 2,2-9,,external_verification,no page pack: external_document_reference,False,0,False,True,True,True
a1,Energean2023,phase3,9,0,GRI 2,2-10,,external_verification,no page pack: external_document_reference,False,0,False,True,True,True
a1,Energean2023,phase3,10,0,GRI 2,2-11,,external_verification,no page pack: external_document_reference,False,0,False,True,True,True
a1,Energean2023,phase3,11,0,GRI 2,2-12,,external_verification,no page pack: external_document_reference,False,0,False,True,True,True
a1,Energean2023,phase3,12,0,GRI 2,2-13,,external_verification,no page pack: external_document_reference,False,0,False,True,True,True
a1,Energean2023,phase3,13,0,GRI 2,2-14,,external_verification,no page pack: external_document_reference,False,0,False,True,True,True
a1,Energean2023,phase3,14,0,GRI 2,2-15,,no_evidence,,False,5,False,False,False,False
a1,Energean2023,phase3,15,0,GRI 2,2-16,,external_verification,no page pack: external_document_reference,False,0,False,True,True,True
a1,Energean2023,phase3,16,0,GRI 2,2-17,,external_verification,no page pack: external_document_reference,False,0,False,True,True,True
a1,Energean2023,phase3,17,0,GRI 2,2-18,,external_verification,no page pack: external_document_reference,False,0,False,True,True,True
a1,Energean2023,phase3,18,0,GRI 2,2-19,,external_verification,no page pack: external_document_reference,False,0,False,True,True,True
a1,Energean2023,phase3,19,0,GRI 2,2-20,,external_verification,no page pack: external_document_reference,False,0,False,True,True,True
a1,Energean2023,phase3,20,0,GRI 2,2-21,,external_verification,no page pack: external_document_reference,False,0,False,True,True,True
a1,Energean2023,phase3,21,0,GRI 2,2-22,,external_verification,no page pack: external_document_reference,False,0,False,True,True,True
a1,Energean2023,phase3,22,0,GRI 2,2-23,,external_verification,no page pack: external_document_reference,False,0,False,True,True,True
a1,Energean2023,phase3,23,0,GRI 2,2-24,,external_verification,no page pack: external_document_reference,False,0,False,True,True,True
a1,Energean2023,phase3,24,0,GRI 2,2-25,,external_verification,no page pack: external_document_reference,False,0,False,True,True,True
a1,Energean2023,phase3,25,0,GRI 2,2-26,,external_verification,no page pack: external_document_reference,False,0,False,True,True,True
a1,Energean2023,phase3,26,0,GRI 2,2-27,,external_verification,no page pack: external_document_reference,False,0,False,True,True,True
a1,Energean2023,phase3,27,0,GRI 2,2-28,,external_verification,no page pack: external_document_reference,False,0,False,True,True,True
a1,Energean2023,phase3,28,0,GRI 2,2-29,,external_verification,no page pack: external_document_reference,False,0,False,True,True,True
a1,Energean2023,phase3,29,0,GRI 2,2-30,,external_verification,no page pack: external_document_reference,False,0,False,True,True,True
a1,Energean2023,phase5,0,0,GRI 3,3-1,,external_verification,no page pack: external_document_reference,False,0,False,True,True,True
a1,Energean2023,phase5,1,0,GRI 3,3-2,,external_verification,no page pack: external_document_reference,False,0,False,True,True,True
a1,Energean2023,phase5,2,0,GRI 3,3-3,Building and maintaining community relations,fail,no page pack: missing_disclosure,False,0,False,False,True,True
a1,Energean2023,phase5,3,0,GRI 3,3-3,Ensuring data security,external_verification,no page pack: external_document_reference,False,0,False,True,True,True
a1,Energean2023,phase5,4,0,GRI 3,3-3,Ensuring emergency preparedness,external_verification,no page pack: external_document_reference,False,0,False,True,True,True
a1,Energean2023,phase5,5,0,GRI 3,3-3,Ensuring regulatory compliance,external_verification,no page pack: external_document_reference,False,0,False,True,True,True
a1,Energean2023,phase5,6,0,GRI 3,3-3,Focusing on employment practices,external_verification,no page pack: external_document_reference,False,0,False,True,True,True
a1,Energean2023,phase5,7,0,GRI 3,3-3,Fostering diversity and inclusion,fail,no page pack: missing_disclosure,False,0,False,False,True,True
a1,Energean2023,phase5,8,0,GRI 3,3-3,Generating economic value,external_verification,no page pack: external_document_reference,False,0,False,True,True,True
a1,Energean2023,phase5,9,0,GRI 3,3-3,Growing the share of natural gas in our product portfolio,external_verification,no page pack: external_document_reference,False,0,False,True,True,True
a1,Energean2023,phase5,10,0,GRI 3,3-3,Increasing the implementation of water efficiency innovations,fail,no page pack: missing_disclosure,False,0,False,False,True,True
a1,Energean2023,phase5,11,0,GRI 3,3-3,Minimising waste and increasing the implementation of circular economy practices,fail,no page pack: missing_disclosure,False,0,False,False,True,True
a1,Energean2023,phase5,12,0,GRI 3,3-3,Protecting and preserving biodiversity,external_verification,no page pack: external_document_reference,False,0,False,True,True,True
a1,Energean2023,phase5,13,0,GRI 3,3-3,Reducing (non-renewable) energy consumption,fail,no page pack: missing_disclosure,False,0,False,False,True,True
a1,Energean2023,phase5,14,0,GRI 3,3-3,Reducing greenhouse gases and air emissions,external_verification,no page pack: external_document_reference,False,0,False,True,True,True
a1,Energean2023,phase5,15,0,GRI 3,3-3,Safeguarding business ethics and transparent relationships,external_verification,no page pack: external_document_reference,False,0,False,True,True,True
a1,Energean2023,phase5,16,0,GRI 3,3-3,Safeguarding health and safety,external_verification,no page pack: external_document_reference,False,0,False,True,True,True
a1,Energean2023,phase5,17,0,GRI 3,3-3,Safeguarding human rights at work,external_verification,no page pack: external_document_reference,False,0,False,True,True,True
a1,Energean2023,phase6,0,0,GRI 305: Emissions 2016,305-1,Reducing greenhouse gases and air emissions,external_verification,no page pack: external_document_reference,False,0,False,True,True,True
a1,Energean2023,phase6,1,0,GRI 305: Emissions 2016,305-2,Reducing greenhouse gases and air emissions,external_verification,no page pack: external_document_reference,False,0,False,True,True,True
a1,Energean2023,phase6,2,0,GRI 305: Emissions 2016,305-3,Reducing greenhouse gases and air emissions,external_verification,no page pack: external_document_reference,False,0,False,True,True,True
a1,Energean2023,phase6,3,0,GRI 305: Emissions 2016,305-4,Reducing greenhouse gases and air emissions,external_verification,no page pack: external_document_reference,False,0,False,True,True,True
a1,Energean2023,phase6,4,0,GRI 305: Emissions 2016,305-5,Reducing greenhouse gases and air emissions,external_verification,no page pack: external_document_reference,False,0,False,True,True,True
a1,Energean2023,phase6,5,0,GRI 305: Emissions 2016,305-6,Reducing greenhouse gases and air emissions,omitted,no page pack: omitted,False,0,True,False,True,True
a1,Energean2023,phase6,6,0,GRI 305: Emissions 2016,305-7,Reducing greenhouse gases and air emissions,external_verification,no page pack: external_document_reference,False,0,False,True,True,True
a1,Energean2023,phase6,7,0,Internal KPI,,Growing the share of natural gas in our product portfolio,fail,GCI row has missing/blank disclosure_id — cannot judge,False,0,False,False,False,True
a1,Energean2023,phase6,8,0,GRI 304: Biodiversity 2016,304-1,Protecting and preserving biodiversity,external_verification,no page pack: external_document_reference,False,0,False,True,True,True
a1,Energean2023,phase6,9,0,GRI 304: Biodiversity 2016,304-2,Protecting and preserving biodiversity,external_verification,no page pack: external_document_reference,False,0,False,True,True,True
a1,Energean2023,phase6,10,0,GRI 304: Biodiversity 2016,304-3,Protecting and preserving biodiversity,external_verification,no page pack: external_document_reference,False,0,False,True,True,True
a1,Energean2023,phase6,11,0,GRI 304: Biodiversity 2016,304-4,Protecting and preserving biodiversity,external_verification,no page pack: external_document_reference,False,0,False,True,True,True
a1,Energean2023,phase6,12,0,GRI 403: Occupational Health and Safety 2018,403-1,Safeguarding health and safety,external_verification,no page pack: external_document_reference,False,0,False,True,True,True
a1,Energean2023,phase6,13,0,GRI 403: Occupational Health and Safety 2018,403-2,Safeguarding health and safety,external_verification,no page pack: external_document_reference,False,0,False,True,True,True
a1,Energean2023,phase6,14,0,GRI 403: Occupational Health and Safety 2018,403-3,Safeguarding health and safety,external_verification,no page pack: external_document_reference,False,0,False,True,True,True
a1,Energean2023,phase6,15,0,GRI 403: Occupational Health and Safety 2018,403-4,Safeguarding health and safety,external_verification,no page pack: external_document_reference,False,0,False,True,True,True
a1,Energean2023,phase6,16,0,GRI 403: Occupational Health and Safety 2018,403-5,Safeguarding health and safety,external_verification,no page pack: external_document_reference,False,0,False,True,True,True
a1,Energean2023,phase6,17,0,GRI 403: Occupational Health and Safety 2018,403-6,Safeguarding health and safety,external_verification,no page pack: external_document_reference,False,0,False,True,True,True
a1,Energean2023,phase6,18,0,GRI 403: Occupational Health and Safety 2018,403-7,Safeguarding health and safety,external_verification,no page pack: external_document_reference,False,0,False,True,True,True
a1,Energean2023,phase6,19,0,GRI 403: Occupational Health and Safety 2018,403-8,Safeguarding health and safety,external_verification,no page pack: external_document_reference,False,0,False,True,True,True
a1,Energean2023,phase6,20,0,GRI 403: Occupational Health and Safety 2018,403-9,Safeguarding health and safety,external_verification,no page pack: external_document_reference,False,0,False,True,True,True
a1,Energean2023,phase6,21,0,GRI 403: Occupational Health and Safety 2018,403-10,Safeguarding health and safety,external_verification,no page pack: external_document_reference,False,0,False,True,True,True
a1,Energean2023,phase6,22,0,GRI 416: Customer Health and Safety 2016,416-1,Safeguarding health and safety,external_verification,no page pack: external_document_reference,False,0,False,True,True,True
a1,Energean2023,phase6,23,0,GRI 11: Oil and Gas Sector 2021,,Ensuring emergency preparedness,fail,GCI row has missing/blank disclosure_id — cannot judge,False,0,False,False,False,True
a1,Energean2023,phase6,24,0,GRI 406: Non-discrimination 2016,406-1,Safeguarding human rights at work,external_verification,no page pack: external_document_reference,False,0,False,True,True,True
a1,Energean2023,phase6,25,0,GRI 407: Freedom of Association and Collective Bargaining 2016,407-1,Safeguarding human rights at work,external_verification,no page pack: external_document_reference,False,0,False,True,True,True
a1,Energean2023,phase6,26,0,GRI 408: Child Labour 2016,408-1,Safeguarding human rights at work,external_verification,no page pack: external_document_reference,False,0,False,True,True,True
a1,Energean2023,phase6,27,0,GRI 409: Forced or Compulsory Labour 2016,409-1,Safeguarding human rights at work,external_verification,no page pack: external_document_reference,False,0,False,True,True,True
a1,Energean2023,phase6,28,0,GRI 411: Rights of Indigenous Peoples 2016,411-1,Safeguarding human rights at work,external_verification,no page pack: external_document_reference,False,0,False,True,True,True
a1,Energean2023,phase6,29,0,GRI 202: Market Presence 2016,202-1,Focusing on employment practices,external_verification,no page pack: external_document_reference,False,0,False,True,True,True
a1,Energean2023,phase6,30,0,GRI 202: Market Presence 2016,202-2,Focusing on employment practices,external_verification,no page pack: external_document_reference,False,0,False,True,True,True
a1,Energean2023,phase6,31,0,GRI 401: Employment 2016,401-1,Focusing on employment practices,external_verification,no page pack: external_document_reference,False,0,False,True,True,True
a1,Energean2023,phase6,32,0,GRI 401: Employment 2016,401-2,Focusing on employment practices,external_verification,no page pack: external_document_reference,False,0,False,True,True,True
a1,Energean2023,phase6,33,0,GRI 401: Employment 2016,401-3,Focusing on employment practices,external_verification,no page pack: external_document_reference,False,0,False,True,True,True
a1,Energean2023,phase6,34,0,GRI 402: Labour/Management Relations 2016,402-1,Focusing on employment practices,external_verification,no page pack: external_document_reference,False,0,False,True,True,True
a1,Energean2023,phase6,35,0,GRI 404: Training and Education 2016,404-1,Focusing on employment practices,external_verification,no page pack: external_document_reference,False,0,False,True,True,True
a1,Energean2023,phase6,36,0,GRI 404: Training and Education 2016,404-2,Focusing on employment practices,external_verification,no page pack: external_document_reference,False,0,False,True,True,True
a1,Energean2023,phase6,37,0,GRI 404: Training and Education 2016,404-3,Focusing on employment practices,external_verification,no page pack: external_document_reference,False,0,False,True,True,True
a1,Energean2023,phase6,38,0,GRI 410: Security Practices 2016,410-1,Focusing on employment practices,omitted,no page pack: omitted,False,0,True,False,True,True
a1,Energean2023,phase6,39,0,GRI 414: Supplier Social Assessment 2016,414-1,Focusing on employment practices,external_verification,no page pack: external_document_reference,False,0,False,True,True,True
a1,Energean2023,phase6,40,0,GRI 414: Supplier Social Assessment 2016,414-2,Focusing on employment practices,omitted,no page pack: omitted,False,0,True,False,True,True
a1,Energean2023,phase6,41,0,GRI 201: Economic Performance 2016,201-1,Generating economic value,external_verification,no page pack: external_document_reference,False,0,False,True,True,True
a1,Energean2023,phase6,42,0,GRI 201: Economic Performance 2016,201-2,Generating economic value,external_verification,no page pack: external_document_reference,False,0,False,True,True,True
a1,Energean2023,phase6,43,0,GRI 201: Economic Performance 2016,201-3,Generating economic value,external_verification,no page pack: external_document_reference,False,0,False,True,True,True
a1,Energean2023,phase6,44,0,GRI 201: Economic Performance 2016,201-4,Generating economic value,external_verification,no page pack: external_document_reference,False,0,False,True,True,True
a1,Energean2023,phase6,45,0,GRI 203: Indirect Economic Impacts 2016,203-1,Generating economic value,omitted,no page pack: omitted,False,0,True,False,True,True
a1,Energean2023,phase6,46,0,GRI 203: Indirect Economic Impacts 2016,203-2,Generating economic value,omitted,no page pack: omitted,False,0,True,False,True,True
a1,Energean2023,phase6,47,0,GRI 204: Procurement Practices 2016,204-1,Generating economic value,external_verification,no page pack: external_document_reference,False,0,False,True,True,True
a1,Energean2023,phase6,48,0,GRI 207: Tax 2019,207-1,Generating economic value,external_verification,no page pack: external_document_reference,False,0,False,True,True,True
a1,Energean2023,phase6,49,0,GRI 207: Tax 2019,207-2,Generating economic value,external_verification,no page pack: external_document_reference,False,0,False,True,True,True
a1,Energean2023,phase6,50,0,GRI 207: Tax 2019,207-3,Generating economic value,external_verification,no page pack: external_document_reference,False,0,False,True,True,True
a1,Energean2023,phase6,51,0,GRI 207: Tax 2019,207-4,Generating economic value,external_verification,no page pack: external_document_reference,False,0,False,True,True,True
a1,Energean2023,phase6,52,0,GRI 205: Anti-corruption 2016,205-1,Safeguarding business ethics and transparent relationships,external_verification,no page pack: external_document_reference,False,0,False,True,True,True
a1,Energean2023,phase6,53,0,GRI 205: Anti-corruption 2016,205-2,Safeguarding business ethics and transparent relationships,external_verification,no page pack: external_document_reference,False,0,False,True,True,True
a1,Energean2023,phase6,54,0,GRI 205: Anti-corruption 2016,205-3,Safeguarding business ethics and transparent relationships,external_verification,no page pack: external_document_reference,False,0,False,True,True,True
a1,Energean2023,phase6,55,0,GRI 415: Public Policy 2016,415-1,Safeguarding business ethics and transparent relationships,external_verification,no page pack: external_document_reference,False,0,False,True,True,True
a1,Energean2023,phase6,56,0,GRI 206: Anti-competitive Behavior 2016,206-1,Ensuring regulatory compliance,external_verification,no page pack: external_document_reference,False,0,False,True,True,True
a1,Energean2023,phase6,57,0,GRI 418: Customer Privacy 2016,418-1,Ensuring data security,external_verification,no page pack: external_document_reference,False,0,False,True,True,True
a1,Energean2023,phase6,58,0,GRI 302: Energy 2016,302-1,Reducing (non-renewable) energy consumption,external_verification,no page pack: external_document_reference,False,0,False,True,True,True
a1,Energean2023,phase6,59,0,GRI 302: Energy 2016,302-2,Reducing (non-renewable) energy consumption,omitted,no page pack: omitted,False,0,True,False,True,True
a1,Energean2023,phase6,60,0,GRI 302: Energy 2016,302-3,Reducing (non-renewable) energy consumption,external_verification,no page pack: external_document_reference,False,0,False,True,True,True
a1,Energean2023,phase6,61,0,GRI 302: Energy 2016,302-4,Reducing (non-renewable) energy consumption,external_verification,no page pack: external_document_reference,False,0,False,True,True,True
a1,Energean2023,phase6,62,0,GRI 303: Water and Effluents 2018,303-1,Increasing the implementation of water efficiency innovations,external_verification,no page pack: external_document_reference,False,0,False,True,True,True
a1,Energean2023,phase6,63,0,GRI 303: Water and Effluents 2018,303-2,Increasing the implementation of water efficiency innovations,external_verification,no page pack: external_document_reference,False,0,False,True,True,True
a1,Energean2023,phase6,64,0,GRI 303: Water and Effluents 2018,303-3,Increasing the implementation of water efficiency innovations,external_verification,no page pack: external_document_reference,False,0,False,True,True,True
a1,Energean2023,phase6,65,0,GRI 303: Water and Effluents 2018,303-4,Increasing the implementation of water efficiency innovations,external_verification,no page pack: external_document_reference,False,0,False,True,True,True
a1,Energean2023,phase6,66,0,GRI 303: Water and Effluents 2018,303-5,Increasing the implementation of water efficiency innovations,external_verification,no page pack: external_document_reference,False,0,False,True,True,True
a1,Energean2023,phase6,67,0,GRI 306: Waste 2020,306-1,Minimising waste and increasing the implementation of circular economy practices,external_verification,no page pack: external_document_reference,False,0,False,True,True,True
a1,Energean2023,phase6,68,0,GRI 306: Waste 2020,306-2,Minimising waste and increasing the implementation of circular economy practices,external_verification,no page pack: external_document_reference,False,0,False,True,True,True
a1,Energean2023,phase6,69,0,GRI 306: Waste 2020,306-3,Minimising waste and increasing the implementation of circular economy practices,external_verification,no page pack: external_document_reference,False,0,False,True,True,True
a1,Energean2023,phase6,70,0,GRI 306: Waste 2020,306-4,Minimising waste and increasing the implementation of circular economy practices,external_verification,no page pack: external_document_reference,False,0,False,True,True,True
a1,Energean2023,phase6,71,0,GRI 306: Waste 2020,306-5,Minimising waste and increasing the implementation of circular economy practices,external_verification,no page pack: external_document_reference,False,0,False,True,True,True
a1,Energean2023,phase6,72,0,GRI 405: Diversity and Equal Opportunity 2016,405-1,Fostering diversity and inclusion,external_verification,no page pack: external_document_reference,False,0,False,True,True,True
a1,Energean2023,phase6,73,0,GRI 405: Diversity and Equal Opportunity 2016,405-2,Fostering diversity and inclusion,external_verification,no page pack: external_document_reference,False,0,False,True,True,True
a1,Energean2023,phase6,74,0,GRI 413: Local Communities 2016,413-1,Building and maintaining community relations,external_verification,no page pack: external_document_reference,False,0,False,True,True,True
a1,Energean2023,phase6,75,0,GRI 413: Local Communities 2016,413-2,Building and maintaining community relations,omitted,no page pack: omitted,False,0,True,False,True,True
a1,Energean2023,phase6,76,0,GRI 11: Oil and Gas Sector 2021,,Building and maintaining community relations,fail,GCI row has missing/blank disclosure_id — cannot judge,False,0,False,False,False,True
a1,Energean2024,phase3,0,0,GRI 2,2-1,,partial,,False,4,False,False,False,False
a1,Energean2024,phase3,1,0,GRI 2,2-2,,external_verification,no page pack: external_document_reference,False,0,False,True,True,True
a1,Energean2024,phase3,2,0,GRI 2,2-3,,pass,,False,4,False,False,False,False
a1,Energean2024,phase3,3,0,GRI 2,2-4,,no_evidence,,False,2,False,False,False,False
a1,Energean2024,phase3,4,0,GRI 2,2-5,,partial,,False,4,False,False,False,False
a1,Energean2024,phase3,5,0,GRI 2,2-6,,partial,,False,6,False,False,False,False
a1,Energean2024,phase3,6,0,GRI 2,2-7,,partial,,False,10,False,False,False,False
a1,Energean2024,phase3,7,0,GRI 2,2-8,,pass,,False,5,False,False,False,False
a1,Energean2024,phase3,8,0,GRI 2,2-9,,external_verification,no page pack: external_document_reference,False,0,False,True,True,True
a1,Energean2024,phase3,9,0,GRI 2,2-10,,external_verification,no page pack: external_document_reference,False,0,False,True,True,True
a1,Energean2024,phase3,10,0,GRI 2,2-11,,no_evidence,,False,2,False,False,False,False
a1,Energean2024,phase3,11,0,GRI 2,2-12,,external_verification,no page pack: external_document_reference,False,0,False,True,True,True
a1,Energean2024,phase3,12,0,GRI 2,2-13,,no_evidence,,False,3,False,False,False,False
a1,Energean2024,phase3,13,0,GRI 2,2-14,,no_evidence,,False,2,False,False,False,False
a1,Energean2024,phase3,14,0,GRI 2,2-15,,partial,,False,5,False,False,False,False
a1,Energean2024,phase3,15,0,GRI 2,2-16,,partial,,False,2,False,False,False,False
a1,Energean2024,phase3,16,0,GRI 2,2-17,,no_evidence,,False,1,False,False,False,False
a1,Energean2024,phase3,17,0,GRI 2,2-18,,no_evidence,,False,3,False,False,False,False
a1,Energean2024,phase3,18,0,GRI 2,2-19,,partial,,False,6,False,False,False,False
a1,Energean2024,phase3,19,0,GRI 2,2-20,,partial,,False,4,False,False,False,False
a1,Energean2024,phase3,20,0,GRI 2,2-21,,partial,,False,3,False,False,False,False
a1,Energean2024,phase3,21,0,GRI 2,2-22,,pass,,False,1,False,False,False,False
a1,Energean2024,phase3,22,0,GRI 2,2-23,,partial,,False,10,False,False,False,False
a1,Energean2024,phase3,23,0,GRI 2,2-24,,partial,,False,4,False,False,False,False
a1,Energean2024,phase3,24,0,GRI 2,2-25,,no_evidence,,False,5,False,False,False,False
a1,Energean2024,phase3,25,0,GRI 2,2-26,,partial,,False,2,False,False,False,False
a1,Energean2024,phase3,26,0,GRI 2,2-27,,partial,,False,6,False,False,False,False
a1,Energean2024,phase3,27,0,GRI 2,2-28,,pass,,False,1,False,False,False,False
a1,Energean2024,phase3,28,0,GRI 2,2-29,,pass,,False,3,False,False,False,False
a1,Energean2024,phase3,29,0,GRI 2,2-30,,pass,,False,2,False,False,False,False
a1,Energean2024,phase5,0,0,GRI 3,3-1,,pass,,False,3,False,False,False,False
a1,Energean2024,phase5,1,0,GRI 3,3-2,,partial,,False,2,False,False,False,False
a1,Energean2024,phase5,2,0,GRI 3,3-3,Affected communities,partial,,False,11,False,False,False,False
a1,Energean2024,phase5,3,0,GRI 3,3-3,Business conduct,partial,,False,11,False,False,False,False
a1,Energean2024,phase5,4,0,GRI 3,3-3,Circular economy,partial,,False,11,False,False,False,False
a1,Energean2024,phase5,5,0,GRI 3,3-3,Climate Change,partial,,False,11,False,False,False,False
a1,Energean2024,phase5,6,0,GRI 3,3-3,Ensuring data security,fail,no page pack: missing_disclosure,False,0,False,False,True,True
a1,Energean2024,phase5,7,0,GRI 3,3-3,Generating economic value,fail,no page pack: missing_disclosure,False,0,False,False,True,True
a1,Energean2024,phase5,8,0,GRI 3,3-3,Growing the share of natural gas in the product portfolio,fail,no page pack: missing_disclosure,False,0,False,False,True,True
a1,Energean2024,phase5,9,0,GRI 3,3-3,Own workforce,partial,,False,11,False,False,False,False
a1,Energean2024,phase5,10,0,GRI 3,3-3,Pollution,partial,,False,11,False,False,False,False
a1,Energean2024,phase5,11,0,GRI 3,3-3,Reducing (non-renewable) energy consumption,fail,no page pack: missing_disclosure,False,0,False,False,True,True
a1,Energean2024,phase5,12,0,GRI 3,3-3,Water and marine resources,partial,,False,11,False,False,False,False
a1,Energean2024,phase6,0,0,GRI 305: Emissions 2016,305-6,Climate Change,omitted,no page pack: omitted,False,0,True,False,True,True
a1,Energean2024,phase6,1,0,GRI 410: Security Practices 2016,410-1,Own workforce,omitted,no page pack: omitted,False,0,True,False,True,True
a1,Energean2024,phase6,2,0,GRI 11: Oil and Gas Sector,,Own workforce,fail,GCI row has missing/blank disclosure_id — cannot judge,False,0,False,False,False,True
a1,Energean2024,phase6,3,0,GRI 413: Local Communities 2016,413-2,Affected communities,omitted,no page pack: omitted,False,0,True,False,True,True
a1,Energean2024,phase6,4,0,GRI 11: Oil and Gas Sector,,Affected communities,fail,GCI row has missing/blank disclosure_id — cannot judge,False,0,False,False,False,True
a1,Energean2024,phase6,5,0,GRI 414: Supplier Social Assessment 2016,414-2,Business conduct,omitted,no page pack: omitted,False,0,True,False,True,True
a1,Energean2024,phase6,6,0,Internal KPI,,Growing the share of natural gas in the product portfolio,fail,GCI row has missing/blank disclosure_id — cannot judge,False,0,False,False,False,True
a1,Energean2024,phase6,7,0,GRI 201: Economic Performance 2016,201-2,Generating economic value,external_verification,no page pack: external_document_reference,False,0,False,True,True,True
a1,Energean2024,phase6,8,0,GRI 203: Indirect Economic Impacts 2016,203-1,Generating economic value,omitted,no page pack: omitted,False,0,True,False,True,True
a1,Energean2024,phase6,9,0,GRI 203: Indirect Economic Impacts 2016,203-2,Generating economic value,omitted,no page pack: omitted,False,0,True,False,True,True
a1,Energean2024,phase6,10,0,GRI 207: Tax 2019,207-1,Generating economic value,external_verification,no page pack: external_document_reference,False,0,False,True,True,True
a1,Energean2024,phase6,11,0,GRI 207: Tax 2019,207-2,Generating economic value,external_verification,no page pack: external_document_reference,False,0,False,True,True,True
a1,Energean2024,phase6,12,0,GRI 207: Tax 2019,207-3,Generating economic value,external_verification,no page pack: external_document_reference,False,0,False,True,True,True
a1,Energean2024,phase6,13,0,GRI 207: Tax 2019,207-4,Generating economic value,external_verification,no page pack: external_document_reference,False,0,False,True,True,True
a1,Energean2024,phase6,14,0,GRI 302: Energy 2016,302-2,Reducing (non-renewable) energy consumption,omitted,no page pack: omitted,False,0,True,False,True,True
a1,Energean2024,phase6,15,0,GRI 304: Biodiversity 2016,304-1,Climate Change,no_evidence,,False,7,False,False,False,False
a1,Energean2024,phase6,16,0,GRI 305: Emissions 2016,305-1,Climate Change,pass,,False,9,False,False,False,False
a1,Energean2024,phase6,17,0,GRI 305: Emissions 2016,305-2,Climate Change,partial,,False,9,False,False,False,False
a1,Energean2024,phase6,18,0,GRI 305: Emissions 2016,305-3,Climate Change,partial,,False,9,False,False,False,False
a1,Energean2024,phase6,19,0,GRI 305: Emissions 2016,305-4,Climate Change,partial,,False,4,False,False,False,False
a1,Energean2024,phase6,20,0,GRI 305: Emissions 2016,305-5,Climate Change,partial,,False,5,False,False,False,False
a1,Energean2024,phase6,21,0,GRI 304: Biodiversity 2016,304-2,Climate Change,fail,"exception: LLMOutputUnparseableError(""LLM output unparseable for DisclosureBatchVerdict after re-prompt (JSONDecodeError: Expecting value: line 1 column 1 (char 0)); content_preview=''"")",False,0,False,False,False,True
a1,Energean2024,phase6,22,0,GRI 304: Biodiversity 2016,304-3,Climate Change,partial,,False,4,False,False,False,False
a1,Energean2024,phase6,23,0,GRI 304: Biodiversity 2016,304-4,Climate Change,pass,,False,5,False,False,False,False
a1,Energean2024,phase6,24,0,GRI 305: Emissions 2016,305-7,Pollution,partial,,False,7,False,False,False,False
a1,Energean2024,phase6,25,0,GRI 303: Water and Effluents 2018,303-1,Water and marine resources,partial,,False,4,False,False,False,False
a1,Energean2024,phase6,26,0,GRI 303: Water and Effluents 2018,303-2,Water and marine resources,partial,,False,4,False,False,False,False
a1,Energean2024,phase6,27,0,GRI 303: Water and Effluents 2018,303-3,Water and marine resources,partial,,False,13,False,False,False,False
a1,Energean2024,phase6,28,0,GRI 303: Water and Effluents 2018,303-4,Water and marine resources,partial,,False,12,False,False,False,False
a1,Energean2024,phase6,29,0,GRI 303: Water and Effluents 2018,303-5,Water and marine resources,partial,,False,4,False,False,False,False
a1,Energean2024,phase6,30,0,GRI 306: Waste 2020,306-1,Circular economy,no_evidence,,False,6,False,False,False,False
a1,Energean2024,phase6,31,0,GRI 306: Waste 2020,306-2,Circular economy,partial,,False,24,False,False,False,False
a1,Energean2024,phase6,32,0,GRI 306: Waste 2020,306-3,Circular economy,no_evidence,,False,7,False,False,False,False
a1,Energean2024,phase6,33,0,GRI 306: Waste 2020,306-4,Circular economy,partial,,False,16,False,False,False,False
a1,Energean2024,phase6,34,0,GRI 306: Waste 2020,306-5,Circular economy,partial,,False,15,False,False,False,False
a1,Energean2024,phase6,35,0,GRI 202: Market Presence 2016,202-1,Own workforce,no_evidence,,False,4,False,False,False,False
a1,Energean2024,phase6,36,0,GRI 401: Employment 2016,401-1,Own workforce,no_evidence,,False,2,False,False,False,False
a1,Energean2024,phase6,37,0,GRI 401: Employment 2016,401-2,Own workforce,no_evidence,,False,8,False,False,False,False
a1,Energean2024,phase6,38,0,GRI 401: Employment 2016,401-3,Own workforce,no_evidence,,False,5,False,False,False,False
a1,Energean2024,phase6,39,0,GRI 402: Labour/Management Relations 2016,402-1,Own workforce,partial,,False,2,False,False,False,False
a1,Energean2024,phase6,40,0,GRI 403: Occupational Health and Safety 2018,403-1,Own workforce,partial,,False,3,False,False,False,False
a1,Energean2024,phase6,41,0,GRI 403: Occupational Health and Safety 2018,403-2,Own workforce,partial,,False,5,False,False,False,False
a1,Energean2024,phase6,42,0,GRI 403: Occupational Health and Safety 2018,403-3,Own workforce,pass,,False,1,False,False,False,False
a1,Energean2024,phase6,43,0,GRI 403: Occupational Health and Safety 2018,403-4,Own workforce,partial,,False,2,False,False,False,False
a1,Energean2024,phase6,44,0,GRI 403: Occupational Health and Safety 2018,403-5,Own workforce,pass,,False,1,False,False,False,False
a1,Energean2024,phase6,45,0,GRI 403: Occupational Health and Safety 2018,403-6,Own workforce,pass,,False,2,False,False,False,False
a1,Energean2024,phase6,46,0,GRI 403: Occupational Health and Safety 2018,403-7,Own workforce,pass,,False,1,False,False,False,False
a1,Energean2024,phase6,47,0,GRI 403: Occupational Health and Safety 2018,403-8,Own workforce,no_evidence,,False,4,False,False,False,False
a1,Energean2024,phase6,48,0,GRI 403: Occupational Health and Safety 2018,403-9,Own workforce,partial,,False,16,False,False,False,False
a1,Energean2024,phase6,49,0,GRI 403: Occupational Health and Safety 2018,403-10,Own workforce,partial,,False,10,False,False,False,False
a1,Energean2024,phase6,50,0,GRI 404: Training and Education 2016,404-1,Own workforce,no_evidence,,False,2,False,False,False,False
a1,Energean2024,phase6,51,0,GRI 404: Training and Education 2016,404-2,Own workforce,no_evidence,,False,2,False,False,False,False
a1,Energean2024,phase6,52,0,GRI 404: Training and Education 2016,404-3,Own workforce,no_evidence,,False,1,False,False,False,False
a1,Energean2024,phase6,53,0,GRI 405: Diversity and Equal Opportunity 2016,405-1,Own workforce,no_evidence,,False,6,False,False,False,False
a1,Energean2024,phase6,54,0,GRI 405: Diversity and Equal Opportunity 2016,405-2,Own workforce,no_evidence,,False,2,False,False,False,False
a1,Energean2024,phase6,55,0,GRI 406: Non-discrimination 2016,406-1,Own workforce,no_evidence,,False,5,False,False,False,False
a1,Energean2024,phase6,56,0,GRI 407: Freedom of Association and Collective Bargaining 2016,407-1,Own workforce,no_evidence,,False,3,False,False,False,False
a1,Energean2024,phase6,57,0,GRI 408: Child Labour 2016,408-1,Own workforce,partial,,False,5,False,False,False,False
a1,Energean2024,phase6,58,0,GRI 409: Forced or Compulsory Labour 2016,409-1,Own workforce,no_evidence,,False,3,False,False,False,False
a1,Energean2024,phase6,59,0,GRI 204: Procurement Practices 2016,204-1,Affected communities,partial,,False,3,False,False,False,False
a1,Energean2024,phase6,60,0,GRI 202: Market Presence 2016,202-2,Affected communities,no_evidence,,False,4,False,False,False,False
a1,Energean2024,phase6,61,0,GRI 411: Rights of Indigenous Peoples 2016,411-1,Affected communities,pass,,False,5,False,False,False,False
a1,Energean2024,phase6,62,0,GRI 413: Local Communities 2016,413-1,Affected communities,no_evidence,,False,8,False,False,False,False
a1,Energean2024,phase6,63,0,GRI 205: Anti-corruption 2016,205-1,Business conduct,no_evidence,,False,2,False,False,False,False
a1,Energean2024,phase6,64,0,GRI 205: Anti-corruption 2016,205-2,Business conduct,no_evidence,,False,5,False,False,False,False
a1,Energean2024,phase6,65,0,GRI 205: Anti-corruption 2016,205-3,Business conduct,no_evidence,,False,4,False,False,False,False
a1,Energean2024,phase6,66,0,GRI 206: Anti-competitive Behavior 2016,206-1,Business conduct,no_evidence,,False,2,False,False,False,False
a1,Energean2024,phase6,67,0,GRI 414: Supplier Social Assessment 2016,414-1,Business conduct,no_evidence,,False,1,False,False,False,False
a1,Energean2024,phase6,68,0,GRI 415: Public Policy 2016,415-1,Business conduct,no_evidence,,False,2,False,False,False,False
a1,Energean2024,phase6,69,0,GRI 201: Economic Performance 2016,201-1,Generating economic value,no_evidence,,False,4,False,False,False,False
a1,Energean2024,phase6,70,0,GRI 201: Economic Performance 2016,201-3,Generating economic value,partial,,False,7,False,False,False,False
a1,Energean2024,phase6,71,0,GRI 201: Economic Performance 2016,201-4,Generating economic value,no_evidence,,False,10,False,False,False,False
a1,Energean2024,phase6,72,0,GRI 418: Customer Privacy 2016,418-1,Ensuring data security,pass,,False,4,False,False,False,False
a1,Energean2024,phase6,73,0,GRI 302: Energy 2016,302-1,Reducing (non-renewable) energy consumption,partial,,False,13,False,False,False,False
a1,Energean2024,phase6,74,0,GRI 302: Energy 2016,302-3,Reducing (non-renewable) energy consumption,no_evidence,,False,4,False,False,False,False
a1,Energean2024,phase6,75,0,GRI 302: Energy 2016,302-4,Reducing (non-renewable) energy consumption,no_evidence,,False,4,False,False,False,False
a1,HPCL2023,phase3,0,0,GRI 2,2-1,,partial,,False,4,False,False,False,False
a1,HPCL2023,phase3,1,0,GRI 2,2-2,,fail,,False,5,False,False,False,False
a1,HPCL2023,phase3,2,0,GRI 2,2-3,,partial,,False,4,False,False,False,False
a1,HPCL2023,phase3,3,0,GRI 2,2-4,,pass,,False,2,False,False,False,False
a1,HPCL2023,phase3,4,0,GRI 2,2-5,,partial,,False,4,False,False,False,False
a1,HPCL2023,phase3,5,0,GRI 2,2-6,,partial,,False,6,False,False,False,False
a1,HPCL2023,phase3,6,0,GRI 2,2-7,,partial,,False,10,False,False,False,False
a1,HPCL2023,phase3,7,0,GRI 2,2-8,,partial,,False,5,False,False,False,False
a1,HPCL2023,phase3,8,0,GRI 2,2-9,,partial,,False,10,False,False,False,False
a1,HPCL2023,phase3,9,0,GRI 2,2-10,,partial,,False,5,False,False,False,False
a1,HPCL2023,phase3,10,0,GRI 2,2-11,,no_evidence,,False,2,False,False,False,False
a1,HPCL2023,phase3,11,0,GRI 2,2-12,,no_evidence,,False,4,False,False,False,False
a1,HPCL2023,phase3,12,0,GRI 2,2-13,,no_evidence,,False,3,False,False,False,False
a1,HPCL2023,phase3,13,0,GRI 2,2-14,,pass,,False,2,False,False,False,False
a1,HPCL2023,phase3,14,0,GRI 2,2-15,,partial,,False,5,False,False,False,False
a1,HPCL2023,phase3,15,0,GRI 2,2-16,,no_evidence,,False,2,False,False,False,False
a1,HPCL2023,phase3,16,0,GRI 2,2-17,,no_evidence,,False,1,False,False,False,False
a1,HPCL2023,phase3,17,0,GRI 2,2-18,,partial,,False,3,False,False,False,False
a1,HPCL2023,phase3,18,0,GRI 2,2-19,,partial,,False,6,False,False,False,False
a1,HPCL2023,phase3,19,0,GRI 2,2-20,,partial,,False,4,False,False,False,False
a1,HPCL2023,phase3,20,0,GRI 2,2-21,,pass,,False,3,False,False,False,False
a1,HPCL2023,phase3,21,0,GRI 2,2-22,,no_evidence,,False,1,False,False,False,False
a1,HPCL2023,phase3,22,0,GRI 2,2-23,,partial,,False,10,False,False,False,False
a1,HPCL2023,phase3,23,0,GRI 2,2-24,,partial,,False,4,False,False,False,False
a1,HPCL2023,phase3,24,0,GRI 2,2-25,,pass,,False,5,False,False,False,False
a1,HPCL2023,phase3,25,0,GRI 2,2-26,,pass,,False,2,False,False,False,False
a1,HPCL2023,phase3,26,0,GRI 2,2-27,,partial,,False,6,False,False,False,False
a1,HPCL2023,phase3,27,0,GRI 2,2-28,,pass,,False,1,False,False,False,False
a1,HPCL2023,phase3,28,0,GRI 2,2-29,,pass,,False,3,False,False,False,False
a1,HPCL2023,phase3,29,0,GRI 2,2-30,,no_evidence,,False,2,False,False,False,False
a1,HPCL2023,phase5,0,0,GRI 3,3-1,,partial,,False,3,False,False,False,False
a1,HPCL2023,phase5,1,0,GRI 3,3-2,,no_evidence,no page pack: page_list_no_matching_chunks; system limitation - human review required,True,0,False,False,True,True
a1,HPCL2023,phase5,2,0,GRI 3,3-3,Air Quality (GRI OGSS Topic: Air Emissions),partial,,False,11,False,False,False,False
a1,HPCL2023,phase5,3,0,GRI 3,3-3,Biodiversity (GRI OGSS Topic: Biodiversity),partial,,False,11,False,False,False,False
a1,HPCL2023,phase5,4,0,GRI 3,3-3,"Business Ethics, Transparency & Regulatory Compliance (GRI OGSS Topic: Anti-competitive Behaviour)",partial,,False,11,False,False,False,False
a1,HPCL2023,phase5,5,0,GRI 3,3-3,"Business Ethics, Transparency & Regulatory Compliance (GRI OGSS Topic: Anti-corruption)",partial,,False,11,False,False,False,False
a1,HPCL2023,phase5,6,0,GRI 3,3-3,"Business Ethics, Transparency & Regulatory Compliance (GRI OGSS Topic: Economic Impacts)",no_evidence,,False,11,False,False,False,False
a1,HPCL2023,phase5,7,0,GRI 3,3-3,"Business Ethics, Transparency & Regulatory Compliance (GRI OGSS Topic: Payments to Governments)",partial,,False,11,False,False,False,False
a1,HPCL2023,phase5,8,0,GRI 3,3-3,"Business Ethics, Transparency & Regulatory Compliance (GRI OGSS Topic: Public Policy)",partial,,False,11,False,False,False,False
a1,HPCL2023,phase5,9,0,GRI 3,3-3,"Business Ethics, Transparency & Regulatory Compliance (GRI: Market Presence 2016)",partial,,False,11,False,False,False,False
a1,HPCL2023,phase5,10,0,GRI 3,3-3,Customer Satisfaction (Additional Disclosure),partial,,False,11,False,False,False,False
a1,HPCL2023,phase5,11,0,GRI 3,3-3,Diversity & Inclusion (GRI OGSS Topic: Local Communities),partial,,False,11,False,False,False,False
a1,HPCL2023,phase5,12,0,GRI 3,3-3,Energy Efficiency (GRI OGSS Topic : GHG Emissions),partial,,False,11,False,False,False,False
a1,HPCL2023,phase5,13,0,GRI 3,3-3,"GHG Emissions (GRI OGSS Topic : GHG Emissions; Climate Adaptation, Resilience, and Transition)",no_evidence,no page pack: page_list_no_matching_chunks; system limitation - human review required,True,0,False,False,True,True
a1,HPCL2023,phase5,14,0,GRI 3,3-3,Human Rights (GRI OGSS Topic: Conflict and Security),partial,,False,11,False,False,False,False
a1,HPCL2023,phase5,15,0,GRI 3,3-3,Human Rights (GRI OGSS Topic: Economic Impacts),no_evidence,,False,11,False,False,False,False
a1,HPCL2023,phase5,16,0,GRI 3,3-3,Human Rights (GRI OGSS Topic: Forced Labour and Modern Slavery),partial,,False,11,False,False,False,False
a1,HPCL2023,phase5,17,0,GRI 3,3-3,Human Rights (GRI OGSS Topic: Freedom of Association and Collective Bargaining),partial,,False,11,False,False,False,False
a1,HPCL2023,phase5,18,0,GRI 3,3-3,Human Rights (GRI OGSS Topic: Non-discrimination and Equal Opportunity),no_evidence,,False,11,False,False,False,False
a1,HPCL2023,phase5,19,1,GRI 3,3-3,Human Rights (GRI OGSS Topic: Non-discrimination and Equal Opportunity),no_evidence,,False,11,False,False,False,False
a1,HPCL2023,phase5,20,0,GRI 3,3-3,Human Rights (GRI OGSS Topic: Rights of Indigenous People),fail,no page pack: missing_disclosure,False,0,False,False,True,True
a1,HPCL2023,phase5,21,0,GRI 3,3-3,Manpower Management (GRI OGSS Topic: Economic Impacts),no_evidence,,False,11,False,False,False,False
a1,HPCL2023,phase5,22,0,GRI 3,3-3,Manpower Management (GRI OGSS Topic: Employment Practices),partial,,False,11,False,False,False,False
a1,HPCL2023,phase5,23,0,GRI 3,3-3,Manpower Management (GRI: Labour/Management Relations 2016),partial,,False,11,False,False,False,False
a1,HPCL2023,phase5,24,0,GRI 3,3-3,Manpower Management (GRI: Supplier Social Assessment 2016),partial,,False,11,False,False,False,False
a1,HPCL2023,phase5,25,0,GRI 3,3-3,Manpower Management (GRI: Training and Education 2016),partial,,False,11,False,False,False,False
a1,HPCL2023,phase5,26,0,GRI 3,3-3,Occupational health and safety (GRI OGSS Topic: Occupational Health and Safety),partial,,False,11,False,False,False,False
a1,HPCL2023,phase5,27,0,GRI 3,3-3,Product Safety and Quality (GRI: Customer Health and Safety 2016),partial,,False,11,False,False,False,False
a1,HPCL2023,phase5,28,0,GRI 3,3-3,Product Safety and Quality (GRI: Customer Privacy 2016),partial,,False,11,False,False,False,False
a1,HPCL2023,phase5,29,0,GRI 3,3-3,Product Safety and Quality (GRI: Marketing and Labelling 2016),partial,,False,11,False,False,False,False
a1,HPCL2023,phase5,30,0,GRI 3,3-3,Research & Development (Additional Disclosure),partial,,False,11,False,False,False,False
a1,HPCL2023,phase5,31,0,GRI 3,3-3,Safety and security of critical assets (GRI OGSS Topic: Asset Integrity and Critical Incident Management),partial,,False,11,False,False,False,False
a1,HPCL2023,phase5,32,0,GRI 3,3-3,Supplier Environmental Assessment (GRI: Supplier Environmental Assessment 2016),partial,,False,11,False,False,False,False
a1,HPCL2023,phase5,33,0,GRI 3,3-3,Transport Safety (Additional Disclosure),partial,,False,11,False,False,False,False
a1,HPCL2023,phase5,34,0,GRI 3,3-3,Waste (GRI: Waste 2020),partial,,False,11,False,False,False,False
a1,HPCL2023,phase5,35,0,GRI 3,3-3,Water and Wastewater Management (GRI OGSS Topic: Water and Effluents),partial,,False,11,False,False,False,False
a1,HPCL2023,phase6,0,0,GRI 305: Emissions 2016,305-6,"GHG Emissions (GRI OGSS Topic : GHG Emissions; Climate Adaptation, Resilience, and Transition)",omitted,no page pack: omitted,False,0,True,False,True,True
a1,HPCL2023,phase6,1,0,GRI 302: Energy 2016,302-5,Energy Efficiency (GRI OGSS Topic : GHG Emissions),omitted,no page pack: omitted,False,0,True,False,True,True
a1,HPCL2023,phase6,2,0,GRI 306: Waste 2020,306-3,Waste (GRI: Waste 2020),no_evidence,no page pack: page_list_no_matching_chunks; system limitation — human review required,True,0,False,False,True,True
a1,HPCL2023,phase6,3,0,GRI 306: Waste 2020,306-4,Waste (GRI: Waste 2020),no_evidence,no page pack: page_list_no_matching_chunks; system limitation — human review required,True,0,False,False,True,True
a1,HPCL2023,phase6,4,0,GRI 306: Waste 2020,306-5,Waste (GRI: Waste 2020),no_evidence,no page pack: page_list_no_matching_chunks; system limitation — human review required,True,0,False,False,True,True
a1,HPCL2023,phase6,5,0,GRI 403: Occupational Health and Safety 2018,403-3,Occupational health and safety (GRI OGSS Topic: Occupational Health and Safety),no_evidence,no page pack: page_list_no_matching_chunks; system limitation — human review required,True,0,False,False,True,True
a1,HPCL2023,phase6,6,0,GRI 403: Occupational Health and Safety 2018,403-6,Occupational health and safety (GRI OGSS Topic: Occupational Health and Safety),no_evidence,no page pack: page_list_no_matching_chunks; system limitation — human review required,True,0,False,False,True,True
a1,HPCL2023,phase6,7,0,GRI 404: Training and Education 2016,404-2,Manpower Management (GRI: Training and Education 2016),no_evidence,no page pack: page_list_no_matching_chunks; system limitation — human review required,True,0,False,False,True,True
a1,HPCL2023,phase6,8,0,GRI 3: Material Topics 2021,,Human Rights (GRI OGSS Topic: Rights of Indigenous People),fail,GCI row has missing/blank disclosure_id — cannot judge,False,0,False,False,False,True
a1,HPCL2023,phase6,9,0,GRI 201: Economic Performance 2016,201-3,"Business Ethics, Transparency & Regulatory Compliance (GRI OGSS Topic: Economic Impacts)",omitted,no page pack: omitted,False,0,True,False,True,True
a1,HPCL2023,phase6,10,0,GRI 207: Tax 2019,207-1,"Business Ethics, Transparency & Regulatory Compliance (GRI OGSS Topic: Payments to Governments)",omitted,no page pack: omitted,False,0,True,False,True,True
a1,HPCL2023,phase6,11,0,GRI 207: Tax 2019,207-2,"Business Ethics, Transparency & Regulatory Compliance (GRI OGSS Topic: Payments to Governments)",omitted,no page pack: omitted,False,0,True,False,True,True
a1,HPCL2023,phase6,12,0,GRI 207: Tax 2019,207-3,"Business Ethics, Transparency & Regulatory Compliance (GRI OGSS Topic: Payments to Governments)",omitted,no page pack: omitted,False,0,True,False,True,True
a1,HPCL2023,phase6,13,0,GRI 207: Tax 2019,207-4,"Business Ethics, Transparency & Regulatory Compliance (GRI OGSS Topic: Payments to Governments)",omitted,no page pack: omitted,False,0,True,False,True,True
a1,HPCL2023,phase6,14,0,GRI 305: Emissions 2016,305-1,"GHG Emissions (GRI OGSS Topic : GHG Emissions; Climate Adaptation, Resilience, and Transition)",partial,,False,9,False,False,False,False
a1,HPCL2023,phase6,15,0,GRI 305: Emissions 2016,305-2,"GHG Emissions (GRI OGSS Topic : GHG Emissions; Climate Adaptation, Resilience, and Transition)",no_evidence,,False,9,False,False,False,False
a1,HPCL2023,phase6,16,0,GRI 305: Emissions 2016,305-3,"GHG Emissions (GRI OGSS Topic : GHG Emissions; Climate Adaptation, Resilience, and Transition)",partial,,False,9,False,False,False,False
a1,HPCL2023,phase6,17,0,GRI 305: Emissions 2016,305-4,"GHG Emissions (GRI OGSS Topic : GHG Emissions; Climate Adaptation, Resilience, and Transition)",partial,,False,4,False,False,False,False
a1,HPCL2023,phase6,18,0,GRI 305: Emissions 2016,305-5,"GHG Emissions (GRI OGSS Topic : GHG Emissions; Climate Adaptation, Resilience, and Transition)",no_evidence,,False,5,False,False,False,False
a1,HPCL2023,phase6,19,0,GRI 302: Energy 2016,302-1,Energy Efficiency (GRI OGSS Topic : GHG Emissions),partial,,False,13,False,False,False,False
a1,HPCL2023,phase6,20,0,GRI 302: Energy 2016,302-2,Energy Efficiency (GRI OGSS Topic : GHG Emissions),partial,,False,3,False,False,False,False
a1,HPCL2023,phase6,21,0,GRI 302: Energy 2016,302-3,Energy Efficiency (GRI OGSS Topic : GHG Emissions),partial,,False,4,False,False,False,False
a1,HPCL2023,phase6,22,0,GRI 302: Energy 2016,302-4,Energy Efficiency (GRI OGSS Topic : GHG Emissions),partial,,False,4,False,False,False,False
a1,HPCL2023,phase6,23,0,GRI 303: Water and Effluents 2018,303-1,Water and Wastewater Management (GRI OGSS Topic: Water and Effluents),partial,,False,4,False,False,False,False
a1,HPCL2023,phase6,24,0,GRI 303: Water and Effluents 2018,303-2,Water and Wastewater Management (GRI OGSS Topic: Water and Effluents),no_evidence,,False,4,False,False,False,False
a1,HPCL2023,phase6,25,0,GRI 303: Water and Effluents 2018,303-3,Water and Wastewater Management (GRI OGSS Topic: Water and Effluents),partial,,False,13,False,False,False,False
a1,HPCL2023,phase6,26,0,GRI 303: Water and Effluents 2018,303-4,Water and Wastewater Management (GRI OGSS Topic: Water and Effluents),no_evidence,,False,12,False,False,False,False
a1,HPCL2023,phase6,27,0,GRI 303: Water and Effluents 2018,303-5,Water and Wastewater Management (GRI OGSS Topic: Water and Effluents),partial,,False,4,False,False,False,False
a1,HPCL2023,phase6,28,0,GRI 416: Customer Health and Safety 2016,416-1,Product Safety and Quality (GRI: Customer Health and Safety 2016),no_evidence,,False,1,False,False,False,False
a1,HPCL2023,phase6,29,0,GRI 416: Customer Health and Safety 2016,416-2,Product Safety and Quality (GRI: Customer Health and Safety 2016),partial,,False,4,False,False,False,False
a1,HPCL2023,phase6,30,0,GRI 417: Marketing and Labelling 2016,417-1,Product Safety and Quality (GRI: Marketing and Labelling 2016),partial,,False,6,False,False,False,False
a1,HPCL2023,phase6,31,0,GRI 417: Marketing and Labelling 2016,417-2,Product Safety and Quality (GRI: Marketing and Labelling 2016),pass,,False,4,False,False,False,False
a1,HPCL2023,phase6,32,0,GRI 417: Marketing and Labelling 2016,417-3,Product Safety and Quality (GRI: Marketing and Labelling 2016),partial,,False,4,False,False,False,False
a1,HPCL2023,phase6,33,0,GRI 418: Customer Privacy 2016,418-1,Product Safety and Quality (GRI: Customer Privacy 2016),no_evidence,,False,4,False,False,False,False
a1,HPCL2023,phase6,34,0,GRI 308: Supplier Environmental Assessment 2016,308-1,Supplier Environmental Assessment (GRI: Supplier Environmental Assessment 2016),no_evidence,,False,1,False,False,False,False
a1,HPCL2023,phase6,35,0,GRI 308: Supplier Environmental Assessment 2016,308-2,Supplier Environmental Assessment (GRI: Supplier Environmental Assessment 2016),no_evidence,,False,5,False,False,False,False
a1,HPCL2023,phase6,36,0,GRI 305: Emissions 2016,305-7,Air Quality (GRI OGSS Topic: Air Emissions),no_evidence,,False,7,False,False,False,False
a1,HPCL2023,phase6,37,0,GRI 416: Customer Health and Safety 2016,416-1,Air Quality (GRI OGSS Topic: Air Emissions),no_evidence,,False,1,False,False,False,False
a1,HPCL2023,phase6,38,0,GRI 304: Biodiversity 2016,304-1,Biodiversity (GRI OGSS Topic: Biodiversity),no_evidence,,False,7,False,False,False,False
a1,HPCL2023,phase6,39,0,GRI 304: Biodiversity 2016,304-2,Biodiversity (GRI OGSS Topic: Biodiversity),no_evidence,,False,10,False,False,False,False
a1,HPCL2023,phase6,40,0,GRI 304: Biodiversity 2016,304-3,Biodiversity (GRI OGSS Topic: Biodiversity),partial,,False,4,False,False,False,False
a1,HPCL2023,phase6,41,0,GRI 304: Biodiversity 2016,304-4,Biodiversity (GRI OGSS Topic: Biodiversity),no_evidence,,False,5,False,False,False,False
a1,HPCL2023,phase6,42,0,GRI 306: Waste 2020,306-1,Waste (GRI: Waste 2020),no_evidence,,False,6,False,False,False,False
a1,HPCL2023,phase6,43,0,GRI 306: Waste 2020,306-2,Waste (GRI: Waste 2020),partial,,False,24,False,False,False,False
a1,HPCL2023,phase6,44,0,GRI 403: Occupational Health and Safety 2018,403-1,Occupational health and safety (GRI OGSS Topic: Occupational Health and Safety),pass,,False,3,False,False,False,False
a1,HPCL2023,phase6,45,0,GRI 403: Occupational Health and Safety 2018,403-2,Occupational health and safety (GRI OGSS Topic: Occupational Health and Safety),partial,,False,5,False,False,False,False
a1,HPCL2023,phase6,46,0,GRI 403: Occupational Health and Safety 2018,403-4,Occupational health and safety (GRI OGSS Topic: Occupational Health and Safety),partial,,False,2,False,False,False,False
a1,HPCL2023,phase6,47,0,GRI 403: Occupational Health and Safety 2018,403-5,Occupational health and safety (GRI OGSS Topic: Occupational Health and Safety),pass,,False,1,False,False,False,False
a1,HPCL2023,phase6,48,0,GRI 403: Occupational Health and Safety 2018,403-7,Occupational health and safety (GRI OGSS Topic: Occupational Health and Safety),pass,,False,1,False,False,False,False
a1,HPCL2023,phase6,49,0,GRI 403: Occupational Health and Safety 2018,403-8,Occupational health and safety (GRI OGSS Topic: Occupational Health and Safety),no_evidence,,False,4,False,False,False,False
a1,HPCL2023,phase6,50,0,GRI 403: Occupational Health and Safety 2018,403-9,Occupational health and safety (GRI OGSS Topic: Occupational Health and Safety),partial,,False,16,False,False,False,False
a1,HPCL2023,phase6,51,0,GRI 403: Occupational Health and Safety 2018,403-10,Occupational health and safety (GRI OGSS Topic: Occupational Health and Safety),partial,,False,10,False,False,False,False
a1,HPCL2023,phase6,52,0,GRI 401: Employment 2016,401-1,Manpower Management (GRI OGSS Topic: Employment Practices),no_evidence,,False,2,False,False,False,False
a1,HPCL2023,phase6,53,0,GRI 401: Employment 2016,401-2,Manpower Management (GRI OGSS Topic: Employment Practices),no_evidence,,False,8,False,False,False,False
a1,HPCL2023,phase6,54,0,GRI 401: Employment 2016,401-3,Manpower Management (GRI OGSS Topic: Employment Practices),partial,,False,5,False,False,False,False
a1,HPCL2023,phase6,55,0,GRI 204: Procurement Practices 2016,204-1,Manpower Management (GRI OGSS Topic: Economic Impacts),no_evidence,,False,3,False,False,False,False
a1,HPCL2023,phase6,56,0,GRI 402: Labour/Management Relations 2016,402-1,Manpower Management (GRI: Labour/Management Relations 2016),partial,,False,2,False,False,False,False
a1,HPCL2023,phase6,57,0,GRI 404: Training and Education 2016,404-1,Manpower Management (GRI: Training and Education 2016),pass,,False,2,False,False,False,False
a1,HPCL2023,phase6,58,0,GRI 404: Training and Education 2016,404-3,Manpower Management (GRI: Training and Education 2016),partial,,False,1,False,False,False,False
a1,HPCL2023,phase6,59,0,GRI 414: Supplier Social Assessment 2016,414-1,Manpower Management (GRI: Supplier Social Assessment 2016),no_evidence,,False,1,False,False,False,False
a1,HPCL2023,phase6,60,0,GRI 414: Supplier Social Assessment 2016,414-2,Manpower Management (GRI: Supplier Social Assessment 2016),no_evidence,,False,5,False,False,False,False
a1,HPCL2023,phase6,61,0,GRI 406: Non-discrimination 2016,406-1,Human Rights (GRI OGSS Topic: Non-discrimination and Equal Opportunity),no_evidence,,False,5,False,False,False,False
a1,HPCL2023,phase6,62,0,GRI 405: Diversity and Equal Opportunity 2016,405-1,Human Rights (GRI OGSS Topic: Non-discrimination and Equal Opportunity),partial,,False,6,False,False,False,False
a1,HPCL2023,phase6,63,0,GRI 405: Diversity and Equal Opportunity 2016,405-2,Human Rights (GRI OGSS Topic: Non-discrimination and Equal Opportunity),partial,,False,2,False,False,False,False
a1,HPCL2023,phase6,64,0,GRI 409: Forced or Compulsory Labour 2016,409-1,Human Rights (GRI OGSS Topic: Forced Labour and Modern Slavery),no_evidence,,False,3,False,False,False,False
a1,HPCL2023,phase6,65,0,GRI 407: Freedom of Association and Collective Bargaining 2016,407-1,Human Rights (GRI OGSS Topic: Freedom of Association and Collective Bargaining),no_evidence,,False,3,False,False,False,False
a1,HPCL2023,phase6,66,0,GRI 203: Indirect Economic Impacts 2016,203-1,Human Rights (GRI OGSS Topic: Economic Impacts),partial,,False,3,False,False,False,False
a1,HPCL2023,phase6,67,0,GRI 203: Indirect Economic Impacts 2016,203-2,Human Rights (GRI OGSS Topic: Economic Impacts),partial,,False,2,False,False,False,False
a1,HPCL2023,phase6,68,0,GRI 411: Rights of Indigenous Peoples 2016,411-1,Human Rights (GRI OGSS Topic: Rights of Indigenous People),no_evidence,,False,5,False,False,False,False
a1,HPCL2023,phase6,69,0,GRI 410: Security Practices 2016,410-1,Human Rights (GRI OGSS Topic: Conflict and Security),no_evidence,,False,2,False,False,False,False
a1,HPCL2023,phase6,70,0,GRI 413: Local Communities 2016,413-1,Diversity & Inclusion (GRI OGSS Topic: Local Communities),partial,,False,8,False,False,False,False
a1,HPCL2023,phase6,71,0,GRI 413: Local Communities 2016,413-2,Diversity & Inclusion (GRI OGSS Topic: Local Communities),no_evidence,,False,2,False,False,False,False
a1,HPCL2023,phase6,72,0,GRI 206: Anti-competitive Behaviour 2016,206-1,"Business Ethics, Transparency & Regulatory Compliance (GRI OGSS Topic: Anti-competitive Behaviour)",pass,,False,2,False,False,False,False
a1,HPCL2023,phase6,73,0,GRI 205: Anticorruption 2016,205-1,"Business Ethics, Transparency & Regulatory Compliance (GRI OGSS Topic: Anti-corruption)",partial,,False,2,False,False,False,False
a1,HPCL2023,phase6,74,0,GRI 205: Anticorruption 2016,205-2,"Business Ethics, Transparency & Regulatory Compliance (GRI OGSS Topic: Anti-corruption)",no_evidence,,False,5,False,False,False,False
a1,HPCL2023,phase6,75,0,GRI 205: Anticorruption 2016,205-3,"Business Ethics, Transparency & Regulatory Compliance (GRI OGSS Topic: Anti-corruption)",partial,,False,4,False,False,False,False
a1,HPCL2023,phase6,76,0,GRI 201: Economic Performance 2016,201-1,"Business Ethics, Transparency & Regulatory Compliance (GRI OGSS Topic: Economic Impacts)",no_evidence,,False,4,False,False,False,False
a1,HPCL2023,phase6,77,0,GRI 201: Economic Performance 2016,201-2,"Business Ethics, Transparency & Regulatory Compliance (GRI OGSS Topic: Economic Impacts)",partial,,False,5,False,False,False,False
a1,HPCL2023,phase6,78,0,GRI 201: Economic Performance 2016,201-4,"Business Ethics, Transparency & Regulatory Compliance (GRI OGSS Topic: Economic Impacts)",no_evidence,,False,10,False,False,False,False
a1,HPCL2023,phase6,79,0,GRI 415: Public Policy 2016,415-1,"Business Ethics, Transparency & Regulatory Compliance (GRI OGSS Topic: Public Policy)",pass,,False,2,False,False,False,False
a1,HPCL2023,phase6,80,0,GRI 202: Market Presence 2016,202-2,"Business Ethics, Transparency & Regulatory Compliance (GRI: Market Presence 2016)",partial,,False,4,False,False,False,False
a1,HPCL2023,phase6,81,0,GRI 306: Effluents and Waste 2016,306-3,Safety and security of critical assets (GRI OGSS Topic: Asset Integrity and Critical Incident Management),partial,,False,7,False,False,False,False
a1,HPCL2024,phase3,0,0,GRI 2,2-1,,partial,,False,4,False,False,False,False
a1,HPCL2024,phase3,1,0,GRI 2,2-2,,partial,,False,5,False,False,False,False
a1,HPCL2024,phase3,2,0,GRI 2,2-3,,partial,,False,4,False,False,False,False
a1,HPCL2024,phase3,3,0,GRI 2,2-4,,pass,,False,2,False,False,False,False
a1,HPCL2024,phase3,4,0,GRI 2,2-5,,no_evidence,,False,4,False,False,False,False
a1,HPCL2024,phase3,5,0,GRI 2,2-6,,partial,,False,6,False,False,False,False
a1,HPCL2024,phase3,6,0,GRI 2,2-7,,partial,,False,10,False,False,False,False
a1,HPCL2024,phase3,7,0,GRI 2,2-8,,partial,,False,5,False,False,False,False
a1,HPCL2024,phase3,8,0,GRI 2,2-9,,partial,,False,10,False,False,False,False
a1,HPCL2024,phase3,9,0,GRI 2,2-10,,partial,,False,5,False,False,False,False
a1,HPCL2024,phase3,10,0,GRI 2,2-11,,no_evidence,,False,2,False,False,False,False
a1,HPCL2024,phase3,11,0,GRI 2,2-12,,partial,,False,4,False,False,False,False
a1,HPCL2024,phase3,12,0,GRI 2,2-13,,partial,,False,3,False,False,False,False
a1,HPCL2024,phase3,13,0,GRI 2,2-14,,pass,,False,2,False,False,False,False
a1,HPCL2024,phase3,14,0,GRI 2,2-15,,partial,,False,5,False,False,False,False
a1,HPCL2024,phase3,15,0,GRI 2,2-16,,partial,,False,2,False,False,False,False
a1,HPCL2024,phase3,16,0,GRI 2,2-17,,no_evidence,,False,1,False,False,False,False
a1,HPCL2024,phase3,17,0,GRI 2,2-18,,partial,,False,3,False,False,False,False
a1,HPCL2024,phase3,18,0,GRI 2,2-19,,partial,,False,6,False,False,False,False
a1,HPCL2024,phase3,19,0,GRI 2,2-20,,partial,,False,4,False,False,False,False
a1,HPCL2024,phase3,20,0,GRI 2,2-21,,partial,,False,3,False,False,False,False
a1,HPCL2024,phase3,21,0,GRI 2,2-22,,pass,,False,1,False,False,False,False
a1,HPCL2024,phase3,22,0,GRI 2,2-23,,partial,,False,10,False,False,False,False
a1,HPCL2024,phase3,23,0,GRI 2,2-24,,partial,,False,4,False,False,False,False
a1,HPCL2024,phase3,24,0,GRI 2,2-25,,partial,,False,5,False,False,False,False
a1,HPCL2024,phase3,25,0,GRI 2,2-26,,no_evidence,,False,2,False,False,False,False
a1,HPCL2024,phase3,26,0,GRI 2,2-27,,partial,,False,6,False,False,False,False
a1,HPCL2024,phase3,27,0,GRI 2,2-28,,pass,,False,1,False,False,False,False
a1,HPCL2024,phase3,28,0,GRI 2,2-29,,pass,,False,3,False,False,False,False
a1,HPCL2024,phase3,29,0,GRI 2,2-30,,partial,,False,2,False,False,False,False
a1,HPCL2024,phase5,0,0,GRI 3,3-1,,pass,,False,3,False,False,False,False
a1,HPCL2024,phase5,1,0,GRI 3,3-2,,no_evidence,,False,2,False,False,False,False
a1,HPCL2024,phase5,2,0,GRI 3,3-3,Air Quality (GRI OGSS Topic: Air Emissions),no_evidence,no page pack: page_list_no_matching_chunks; system limitation - human review required,True,0,False,False,True,True
a1,HPCL2024,phase5,3,0,GRI 3,3-3,Biodiversity (GRI OGSS Topic: Biodiversity),no_evidence,no page pack: page_list_no_matching_chunks; system limitation - human review required,True,0,False,False,True,True
a1,HPCL2024,phase5,4,0,GRI 3,3-3,"Business Ethics, Transparency & Regulatory Compliance (GRI OGSS Topic: Anti-competitive Behaviour)",partial,,False,11,False,False,False,False
a1,HPCL2024,phase5,5,0,GRI 3,3-3,"Business Ethics, Transparency & Regulatory Compliance (GRI OGSS Topic: Anti-corruption)",partial,,False,11,False,False,False,False
a1,HPCL2024,phase5,6,0,GRI 3,3-3,"Business Ethics, Transparency & Regulatory Compliance (GRI OGSS Topic: Economic Impacts)",no_evidence,no page pack: page_list_no_matching_chunks; system limitation - human review required,True,0,False,False,True,True
a1,HPCL2024,phase5,7,0,GRI 3,3-3,"Business Ethics, Transparency & Regulatory Compliance (GRI OGSS Topic: Payments to Governments)",no_evidence,,False,11,False,False,False,False
a1,HPCL2024,phase5,8,0,GRI 3,3-3,"Business Ethics, Transparency & Regulatory Compliance (GRI OGSS Topic: Public Policy)",partial,,False,11,False,False,False,False
a1,HPCL2024,phase5,9,0,GRI 3,3-3,"Business Ethics, Transparency & Regulatory Compliance (GRI: Market Presence 2016)",partial,,False,11,False,False,False,False
a1,HPCL2024,phase5,10,0,GRI 3,3-3,Customer Satisfaction (Additional Disclosure),partial,,False,11,False,False,False,False
a1,HPCL2024,phase5,11,0,GRI 3,3-3,Diversity & Inclusion (GRI OGSS Topic: Local Communities),partial,,False,11,False,False,False,False
a1,HPCL2024,phase5,12,0,GRI 3,3-3,Energy Efficiency (GRI OGSS Topic : GHG Emissions),partial,,False,11,False,False,False,False
a1,HPCL2024,phase5,13,0,GRI 3,3-3,"GHG Emissions (GRI OGSS Topic : GHG Emissions; Climate Adaptation, Resilience, and Transition)",no_evidence,no page pack: page_list_no_matching_chunks; system limitation - human review required,True,0,False,False,True,True
a1,HPCL2024,phase5,14,0,GRI 3,3-3,Human Rights (GRI OGSS Topic: Conflict and Security),partial,,False,11,False,False,False,False
a1,HPCL2024,phase5,15,0,GRI 3,3-3,Human Rights (GRI OGSS Topic: Economic Impacts),no_evidence,,False,11,False,False,False,False
a1,HPCL2024,phase5,16,0,GRI 3,3-3,Human Rights (GRI OGSS Topic: Forced Labour and Modern Slavery),no_evidence,no page pack: page_list_no_matching_chunks; system limitation - human review required,True,0,False,False,True,True
a1,HPCL2024,phase5,17,0,GRI 3,3-3,Human Rights (GRI OGSS Topic: Freedom of Association and Collective Bargaining),no_evidence,no page pack: page_list_no_matching_chunks; system limitation - human review required,True,0,False,False,True,True
a1,HPCL2024,phase5,18,0,GRI 3,3-3,Human Rights (GRI OGSS Topic: Non-discrimination and Equal Opportunity),no_evidence,no page pack: page_list_no_matching_chunks; system limitation - human review required,True,0,False,False,True,True
a1,HPCL2024,phase5,19,1,GRI 3,3-3,Human Rights (GRI OGSS Topic: Non-discrimination and Equal Opportunity),no_evidence,,False,11,False,False,False,False
a1,HPCL2024,phase5,20,0,GRI 3,3-3,Human Rights (GRI OGSS Topic: Rights of Indigenous People),no_evidence,no page pack: page_list_no_matching_chunks; system limitation - human review required,True,0,False,False,True,True
a1,HPCL2024,phase5,21,0,GRI 3,3-3,Manpower Management (GRI OGSS Topic: Economic Impacts),no_evidence,no page pack: page_list_no_matching_chunks; system limitation - human review required,True,0,False,False,True,True
a1,HPCL2024,phase5,22,0,GRI 3,3-3,Manpower Management (GRI OGSS Topic: Employment Practices),no_evidence,no page pack: page_list_no_matching_chunks; system limitation - human review required,True,0,False,False,True,True
a1,HPCL2024,phase5,23,0,GRI 3,3-3,Manpower Management (GRI: Labour/Management Relations 2016),no_evidence,no page pack: page_list_no_matching_chunks; system limitation - human review required,True,0,False,False,True,True
a1,HPCL2024,phase5,24,0,GRI 3,3-3,Manpower Management (GRI: Supplier Social Assessment 2016),no_evidence,no page pack: page_list_no_matching_chunks; system limitation - human review required,True,0,False,False,True,True
a1,HPCL2024,phase5,25,0,GRI 3,3-3,Manpower Management (GRI: Training and Education 2016),no_evidence,no page pack: page_list_no_matching_chunks; system limitation - human review required,True,0,False,False,True,True
a1,HPCL2024,phase5,26,0,GRI 3,3-3,Occupational health and safety (GRI OGSS Topic: Occupational Health and Safety),no_evidence,no page pack: page_list_no_matching_chunks; system limitation - human review required,True,0,False,False,True,True
a1,HPCL2024,phase5,27,0,GRI 3,3-3,Product Safety and Quality (GRI: Customer Health and Safety 2016),no_evidence,no page pack: page_list_no_matching_chunks; system limitation - human review required,True,0,False,False,True,True
a1,HPCL2024,phase5,28,0,GRI 3,3-3,Product Safety and Quality (GRI: Customer Privacy 2016),no_evidence,no page pack: page_list_no_matching_chunks; system limitation - human review required,True,0,False,False,True,True
a1,HPCL2024,phase5,29,0,GRI 3,3-3,Product Safety and Quality (GRI: Marketing and Labelling 2016),no_evidence,no page pack: page_list_no_matching_chunks; system limitation - human review required,True,0,False,False,True,True
a1,HPCL2024,phase5,30,0,GRI 3,3-3,Safety and security of critical assets (GRI OGSS Topic: Asset Integrity and Critical Incident Management),no_evidence,,False,11,False,False,False,False
a1,HPCL2024,phase5,31,0,GRI 3,3-3,Supplier Environmental Assessment (GRI: Supplier Environmental Assessment 2016),no_evidence,no page pack: page_list_no_matching_chunks; system limitation - human review required,True,0,False,False,True,True
a1,HPCL2024,phase5,32,0,GRI 3,3-3,Transport Safety (Additional Disclosure),partial,,False,11,False,False,False,False
a1,HPCL2024,phase5,33,0,GRI 3,3-3,Water and Wastewater Management (GRI OGSS Topic: Water and Effluents),no_evidence,no page pack: page_list_no_matching_chunks; system limitation - human review required,True,0,False,False,True,True
a1,HPCL2024,phase6,0,0,GRI 305: Emissions 2016,305-6,"GHG Emissions (GRI OGSS Topic : GHG Emissions; Climate Adaptation, Resilience, and Transition)",omitted,no page pack: omitted,False,0,True,False,True,True
a1,HPCL2024,phase6,1,0,GRI 302: Energy 2016,302-5,Energy Efficiency (GRI OGSS Topic : GHG Emissions),omitted,no page pack: omitted,False,0,True,False,True,True
a1,HPCL2024,phase6,2,0,GRI 306: Waste 2020,306-3,Biodiversity (GRI OGSS Topic: Biodiversity),no_evidence,no page pack: page_list_no_matching_chunks; system limitation — human review required,True,0,False,False,True,True
a1,HPCL2024,phase6,3,0,GRI 306: Waste 2020,306-4,Biodiversity (GRI OGSS Topic: Biodiversity),no_evidence,no page pack: page_list_no_matching_chunks; system limitation — human review required,True,0,False,False,True,True
a1,HPCL2024,phase6,4,0,GRI 306: Waste 2020,306-5,Biodiversity (GRI OGSS Topic: Biodiversity),no_evidence,no page pack: page_list_no_matching_chunks; system limitation — human review required,True,0,False,False,True,True
a1,HPCL2024,phase6,5,0,GRI 201: Economic Performance 2016,201-3,"Business Ethics, Transparency & Regulatory Compliance (GRI OGSS Topic: Economic Impacts)",omitted,no page pack: omitted,False,0,True,False,True,True
a1,HPCL2024,phase6,6,0,GRI 207: Tax 2019,207-1,"Business Ethics, Transparency & Regulatory Compliance (GRI OGSS Topic: Payments to Governments)",omitted,no page pack: omitted,False,0,True,False,True,True
a1,HPCL2024,phase6,7,0,GRI 207: Tax 2019,207-2,"Business Ethics, Transparency & Regulatory Compliance (GRI OGSS Topic: Payments to Governments)",omitted,no page pack: omitted,False,0,True,False,True,True
a1,HPCL2024,phase6,8,0,GRI 305: Emissions 2016,305-1,"GHG Emissions (GRI OGSS Topic : GHG Emissions; Climate Adaptation, Resilience, and Transition)",no_evidence,,False,9,False,False,False,False
a1,HPCL2024,phase6,9,0,GRI 305: Emissions 2016,305-2,"GHG Emissions (GRI OGSS Topic : GHG Emissions; Climate Adaptation, Resilience, and Transition)",no_evidence,,False,9,False,False,False,False
a1,HPCL2024,phase6,10,0,GRI 305: Emissions 2016,305-3,"GHG Emissions (GRI OGSS Topic : GHG Emissions; Climate Adaptation, Resilience, and Transition)",partial,,False,9,False,False,False,False
a1,HPCL2024,phase6,11,0,GRI 305: Emissions 2016,305-4,"GHG Emissions (GRI OGSS Topic : GHG Emissions; Climate Adaptation, Resilience, and Transition)",partial,,False,4,False,False,False,False
a1,HPCL2024,phase6,12,0,GRI 305: Emissions 2016,305-5,"GHG Emissions (GRI OGSS Topic : GHG Emissions; Climate Adaptation, Resilience, and Transition)",no_evidence,,False,5,False,False,False,False
a1,HPCL2024,phase6,13,0,GRI 302: Energy 2016,302-1,Energy Efficiency (GRI OGSS Topic : GHG Emissions),partial,,False,13,False,False,False,False
a1,HPCL2024,phase6,14,0,GRI 302: Energy 2016,302-2,Energy Efficiency (GRI OGSS Topic : GHG Emissions),no_evidence,,False,3,False,False,False,False
a1,HPCL2024,phase6,15,0,GRI 302: Energy 2016,302-3,Energy Efficiency (GRI OGSS Topic : GHG Emissions),partial,,False,4,False,False,False,False
a1,HPCL2024,phase6,16,0,GRI 302: Energy 2016,302-4,Energy Efficiency (GRI OGSS Topic : GHG Emissions),partial,,False,4,False,False,False,False
a1,HPCL2024,phase6,17,0,GRI 303: Water and Effluents 2018,303-1,Water and Wastewater Management (GRI OGSS Topic: Water and Effluents),partial,,False,4,False,False,False,False
a1,HPCL2024,phase6,18,0,GRI 303: Water and Effluents 2018,303-2,Water and Wastewater Management (GRI OGSS Topic: Water and Effluents),no_evidence,,False,4,False,False,False,False
a1,HPCL2024,phase6,19,0,GRI 303: Water and Effluents 2018,303-3,Water and Wastewater Management (GRI OGSS Topic: Water and Effluents),no_evidence,,False,13,False,False,False,False
a1,HPCL2024,phase6,20,0,GRI 303: Water and Effluents 2018,303-4,Water and Wastewater Management (GRI OGSS Topic: Water and Effluents),partial,,False,12,False,False,False,False
a1,HPCL2024,phase6,21,0,GRI 303: Water and Effluents 2018,303-5,Water and Wastewater Management (GRI OGSS Topic: Water and Effluents),partial,,False,4,False,False,False,False
a1,HPCL2024,phase6,22,0,GRI 416: Customer Health and Safety 2016,416-1,Product Safety and Quality (GRI: Customer Health and Safety 2016),no_evidence,,False,1,False,False,False,False
a1,HPCL2024,phase6,23,0,GRI 416: Customer Health and Safety 2016,416-2,Product Safety and Quality (GRI: Customer Health and Safety 2016),partial,,False,4,False,False,False,False
a1,HPCL2024,phase6,24,0,GRI 417: Marketing and Labelling 2016,417-1,Product Safety and Quality (GRI: Marketing and Labelling 2016),partial,,False,6,False,False,False,False
a1,HPCL2024,phase6,25,0,GRI 417: Marketing and Labelling 2016,417-2,Product Safety and Quality (GRI: Marketing and Labelling 2016),partial,,False,4,False,False,False,False
a1,HPCL2024,phase6,26,0,GRI 417: Marketing and Labelling 2016,417-3,Product Safety and Quality (GRI: Marketing and Labelling 2016),partial,,False,4,False,False,False,False
a1,HPCL2024,phase6,27,0,GRI 418: Customer Privacy 2016,418-1,Product Safety and Quality (GRI: Customer Privacy 2016),no_evidence,,False,4,False,False,False,False
a1,HPCL2024,phase6,28,0,GRI 308: Supplier Environmental Assessment 2016,308-1,Supplier Environmental Assessment (GRI: Supplier Environmental Assessment 2016),no_evidence,,False,1,False,False,False,False
a1,HPCL2024,phase6,29,0,GRI 308: Supplier Environmental Assessment 2016,308-2,Supplier Environmental Assessment (GRI: Supplier Environmental Assessment 2016),no_evidence,,False,5,False,False,False,False
a1,HPCL2024,phase6,30,0,GRI 305: Emissions 2016,305-7,Air Quality (GRI OGSS Topic: Air Emissions),partial,,False,7,False,False,False,False
a1,HPCL2024,phase6,31,0,GRI 304: Biodiversity 2016,304-1,Biodiversity (GRI OGSS Topic: Biodiversity),no_evidence,,False,7,False,False,False,False
a1,HPCL2024,phase6,32,0,GRI 304: Biodiversity 2016,304-2,Biodiversity (GRI OGSS Topic: Biodiversity),partial,,False,10,False,False,False,False
a1,HPCL2024,phase6,33,0,GRI 304: Biodiversity 2016,304-3,Biodiversity (GRI OGSS Topic: Biodiversity),no_evidence,,False,4,False,False,False,False
a1,HPCL2024,phase6,34,0,GRI 304: Biodiversity 2016,304-4,Biodiversity (GRI OGSS Topic: Biodiversity),no_evidence,,False,5,False,False,False,False
a1,HPCL2024,phase6,35,0,GRI 306: Waste 2020,306-1,Biodiversity (GRI OGSS Topic: Biodiversity),no_evidence,,False,6,False,False,False,False
a1,HPCL2024,phase6,36,0,GRI 306: Waste 2020,306-2,Biodiversity (GRI OGSS Topic: Biodiversity),partial,,False,24,False,False,False,False
a1,HPCL2024,phase6,37,0,GRI 403: Occupational Health and Safety 2018,403-1,Occupational health and safety (GRI OGSS Topic: Occupational Health and Safety),partial,,False,3,False,False,False,False
a1,HPCL2024,phase6,38,0,GRI 403: Occupational Health and Safety 2018,403-2,Occupational health and safety (GRI OGSS Topic: Occupational Health and Safety),partial,,False,5,False,False,False,False
a1,HPCL2024,phase6,39,0,GRI 403: Occupational Health and Safety 2018,403-3,Occupational health and safety (GRI OGSS Topic: Occupational Health and Safety),pass,,False,1,False,False,False,False
a1,HPCL2024,phase6,40,0,GRI 403: Occupational Health and Safety 2018,403-4,Occupational health and safety (GRI OGSS Topic: Occupational Health and Safety),partial,,False,2,False,False,False,False
a1,HPCL2024,phase6,41,0,GRI 403: Occupational Health and Safety 2018,403-5,Occupational health and safety (GRI OGSS Topic: Occupational Health and Safety),pass,,False,1,False,False,False,False
a1,HPCL2024,phase6,42,0,GRI 403: Occupational Health and Safety 2018,403-6,Occupational health and safety (GRI OGSS Topic: Occupational Health and Safety),partial,,False,2,False,False,False,False
a1,HPCL2024,phase6,43,0,GRI 403: Occupational Health and Safety 2018,403-7,Occupational health and safety (GRI OGSS Topic: Occupational Health and Safety),pass,,False,1,False,False,False,False
a1,HPCL2024,phase6,44,0,GRI 403: Occupational Health and Safety 2018,403-8,Occupational health and safety (GRI OGSS Topic: Occupational Health and Safety),no_evidence,,False,4,False,False,False,False
a1,HPCL2024,phase6,45,0,GRI 403: Occupational Health and Safety 2018,403-9,Occupational health and safety (GRI OGSS Topic: Occupational Health and Safety),partial,,False,16,False,False,False,False
a1,HPCL2024,phase6,46,0,GRI 403: Occupational Health and Safety 2018,403-10,Occupational health and safety (GRI OGSS Topic: Occupational Health and Safety),no_evidence,,False,10,False,False,False,False
a1,HPCL2024,phase6,47,0,GRI 401: Employment 2016,401-1,Manpower Management (GRI OGSS Topic: Employment Practices),no_evidence,,False,2,False,False,False,False
a1,HPCL2024,phase6,48,0,GRI 401: Employment 2016,401-2,Manpower Management (GRI OGSS Topic: Employment Practices),no_evidence,,False,8,False,False,False,False
a1,HPCL2024,phase6,49,0,GRI 401: Employment 2016,401-3,Manpower Management (GRI OGSS Topic: Employment Practices),partial,,False,5,False,False,False,False
a1,HPCL2024,phase6,50,0,GRI 204: Procurement Practices 2016,204-1,Manpower Management (GRI OGSS Topic: Economic Impacts),no_evidence,,False,3,False,False,False,False
a1,HPCL2024,phase6,51,0,GRI 402: Labour/Management Relations 2016,402-1,Manpower Management (GRI: Labour/Management Relations 2016),no_evidence,,False,2,False,False,False,False
a1,HPCL2024,phase6,52,0,GRI 404: Training and Education 2016,404-1,Manpower Management (GRI: Training and Education 2016),partial,,False,2,False,False,False,False
a1,HPCL2024,phase6,53,0,GRI 404: Training and Education 2016,404-2,Manpower Management (GRI: Training and Education 2016),no_evidence,,False,2,False,False,False,False
a1,HPCL2024,phase6,54,0,GRI 404: Training and Education 2016,404-3,Manpower Management (GRI: Training and Education 2016),partial,,False,1,False,False,False,False
a1,HPCL2024,phase6,55,0,GRI 414: Supplier Social Assessment 2016,414-1,Manpower Management (GRI: Supplier Social Assessment 2016),no_evidence,,False,1,False,False,False,False
a1,HPCL2024,phase6,56,0,GRI 414: Supplier Social Assessment 2016,414-2,Manpower Management (GRI: Supplier Social Assessment 2016),no_evidence,,False,5,False,False,False,False
a1,HPCL2024,phase6,57,0,GRI 406: Non-discrimination 2016,406-1,Human Rights (GRI OGSS Topic: Non-discrimination and Equal Opportunity),pass,,False,5,False,False,False,False
a1,HPCL2024,phase6,58,0,GRI 405: Diversity and Equal Opportunity 2016,405-1,Human Rights (GRI OGSS Topic: Non-discrimination and Equal Opportunity),no_evidence,,False,6,False,False,False,False
a1,HPCL2024,phase6,59,0,GRI 405: Diversity and Equal Opportunity 2016,405-2,Human Rights (GRI OGSS Topic: Non-discrimination and Equal Opportunity),no_evidence,,False,2,False,False,False,False
a1,HPCL2024,phase6,60,0,GRI 409: Forced or Compulsory Labour 2016,409-1,Human Rights (GRI OGSS Topic: Forced Labour and Modern Slavery),no_evidence,,False,3,False,False,False,False
a1,HPCL2024,phase6,61,0,GRI 407: Freedom of Association and Collective Bargaining 2016,407-1,Human Rights (GRI OGSS Topic: Freedom of Association and Collective Bargaining),no_evidence,,False,3,False,False,False,False
a1,HPCL2024,phase6,62,0,GRI 203: Indirect Economic Impacts 2016,203-1,Human Rights (GRI OGSS Topic: Economic Impacts),partial,,False,3,False,False,False,False
a1,HPCL2024,phase6,63,0,GRI 203: Indirect Economic Impacts 2016,203-2,Human Rights (GRI OGSS Topic: Economic Impacts),partial,,False,2,False,False,False,False
a1,HPCL2024,phase6,64,0,GRI 411: Rights of Indigenous Peoples 2016,411-1,Human Rights (GRI OGSS Topic: Rights of Indigenous People),no_evidence,,False,5,False,False,False,False
a1,HPCL2024,phase6,65,0,GRI 410: Security Practices 2016,410-1,Human Rights (GRI OGSS Topic: Conflict and Security),no_evidence,,False,2,False,False,False,False
a1,HPCL2024,phase6,66,0,GRI 413: Local Communities 2016,413-1,Diversity & Inclusion (GRI OGSS Topic: Local Communities),no_evidence,,False,8,False,False,False,False
a1,HPCL2024,phase6,67,0,GRI 413: Local Communities 2016,413-2,Diversity & Inclusion (GRI OGSS Topic: Local Communities),no_evidence,,False,2,False,False,False,False
a1,HPCL2024,phase6,68,0,GRI 206: Anti-competitive Behaviour 2016,206-1,"Business Ethics, Transparency & Regulatory Compliance (GRI OGSS Topic: Anti-competitive Behaviour)",no_evidence,,False,2,False,False,False,False
a1,HPCL2024,phase6,69,0,GRI 205: Anti-corruption 2016,205-1,"Business Ethics, Transparency & Regulatory Compliance (GRI OGSS Topic: Anti-corruption)",no_evidence,,False,2,False,False,False,False
a1,HPCL2024,phase6,70,0,GRI 205: Anti-corruption 2016,205-2,"Business Ethics, Transparency & Regulatory Compliance (GRI OGSS Topic: Anti-corruption)",no_evidence,,False,5,False,False,False,False
a1,HPCL2024,phase6,71,0,GRI 205: Anti-corruption 2016,205-3,"Business Ethics, Transparency & Regulatory Compliance (GRI OGSS Topic: Anti-corruption)",no_evidence,,False,4,False,False,False,False
a1,HPCL2024,phase6,72,0,GRI 201: Economic Performance 2016,201-1,"Business Ethics, Transparency & Regulatory Compliance (GRI OGSS Topic: Economic Impacts)",no_evidence,,False,4,False,False,False,False
a1,HPCL2024,phase6,73,0,GRI 201: Economic Performance 2016,201-2,"Business Ethics, Transparency & Regulatory Compliance (GRI OGSS Topic: Economic Impacts)",partial,,False,5,False,False,False,False
a1,HPCL2024,phase6,74,0,GRI 201: Economic Performance 2016,201-4,"Business Ethics, Transparency & Regulatory Compliance (GRI OGSS Topic: Economic Impacts)",partial,,False,10,False,False,False,False
a1,HPCL2024,phase6,75,0,GRI 207: Tax 2019,207-3,"Business Ethics, Transparency & Regulatory Compliance (GRI OGSS Topic: Payments to Governments)",no_evidence,,False,3,False,False,False,False
a1,HPCL2024,phase6,76,0,GRI 207: Tax 2019,207-4,"Business Ethics, Transparency & Regulatory Compliance (GRI OGSS Topic: Payments to Governments)",no_evidence,,False,12,False,False,False,False
a1,HPCL2024,phase6,77,0,GRI 415: Public Policy 2016,415-1,"Business Ethics, Transparency & Regulatory Compliance (GRI OGSS Topic: Public Policy)",pass,,False,2,False,False,False,False
a1,HPCL2024,phase6,78,0,GRI 202: Market Presence 2016,202-2,"Business Ethics, Transparency & Regulatory Compliance (GRI: Market Presence 2016)",no_evidence,,False,4,False,False,False,False
a1,HPCL2024,phase6,79,0,GRI 306: Effluents and Waste 2016,306-3,Safety and security of critical assets (GRI OGSS Topic: Asset Integrity and Critical Incident Management),partial,,False,7,False,False,False,False
a1,IslandOil2024,phase3,0,0,GRI 2,2-1,,partial,,False,4,False,False,False,False
a1,IslandOil2024,phase3,1,0,GRI 2,2-2,,partial,,False,5,False,False,False,False
a1,IslandOil2024,phase3,2,0,GRI 2,2-3,,fail,,False,4,False,False,False,False
a1,IslandOil2024,phase3,3,0,GRI 2,2-4,,partial,,False,2,False,False,False,False
a1,IslandOil2024,phase3,4,0,GRI 2,2-5,,partial,,False,4,False,False,False,False
a1,IslandOil2024,phase3,5,0,GRI 2,2-6,,partial,,False,6,False,False,False,False
a1,IslandOil2024,phase3,6,0,GRI 2,2-7,,partial,,False,10,False,False,False,False
a1,IslandOil2024,phase3,7,0,GRI 2,2-8,,partial,,False,5,False,False,False,False
a1,IslandOil2024,phase3,8,0,GRI 2,2-9,,partial,,False,10,False,False,False,False
a1,IslandOil2024,phase3,9,0,GRI 2,2-10,,pass,,False,5,False,False,False,False
a1,IslandOil2024,phase3,10,0,GRI 2,2-11,,pass,,False,2,False,False,False,False
a1,IslandOil2024,phase3,11,0,GRI 2,2-12,,pass,,False,4,False,False,False,False
a1,IslandOil2024,phase3,12,0,GRI 2,2-13,,partial,,False,3,False,False,False,False
a1,IslandOil2024,phase3,13,0,GRI 2,2-14,,no_evidence,,False,2,False,False,False,False
a1,IslandOil2024,phase3,14,0,GRI 2,2-15,,no_evidence,,False,5,False,False,False,False
a1,IslandOil2024,phase3,15,0,GRI 2,2-16,,no_evidence,,False,2,False,False,False,False
a1,IslandOil2024,phase3,16,0,GRI 2,2-17,,pass,,False,1,False,False,False,False
a1,IslandOil2024,phase3,17,0,GRI 2,2-18,,partial,,False,3,False,False,False,False
a1,IslandOil2024,phase3,18,0,GRI 2,2-19,,omitted,no page pack: omitted,False,0,True,False,True,True
a1,IslandOil2024,phase3,19,0,GRI 2,2-20,,omitted,no page pack: omitted,False,0,True,False,True,True
a1,IslandOil2024,phase3,20,0,GRI 2,2-21,,partial,,False,3,False,False,False,False
a1,IslandOil2024,phase3,21,0,GRI 2,2-22,,partial,,False,1,False,False,False,False
a1,IslandOil2024,phase3,22,0,GRI 2,2-23,,partial,,False,10,False,False,False,False
a1,IslandOil2024,phase3,23,0,GRI 2,2-24,,pass,,False,4,False,False,False,False
a1,IslandOil2024,phase3,24,0,GRI 2,2-25,,partial,,False,5,False,False,False,False
a1,IslandOil2024,phase3,25,0,GRI 2,2-26,,partial,,False,2,False,False,False,False
a1,IslandOil2024,phase3,26,0,GRI 2,2-27,,partial,,False,6,False,False,False,False
a1,IslandOil2024,phase3,27,0,GRI 2,2-28,,partial,,False,1,False,False,False,False
a1,IslandOil2024,phase3,28,0,GRI 2,2-29,,partial,,False,3,False,False,False,False
a1,IslandOil2024,phase3,29,0,GRI 2,2-30,,no_evidence,,False,2,False,False,False,False
a1,IslandOil2024,phase5,0,0,GRI 3,3-1,,pass,,False,3,False,False,False,False
a1,IslandOil2024,phase5,1,0,GRI 3,3-2,,no_evidence,,False,2,False,False,False,False
a1,IslandOil2024,phase5,2,0,GRI 3,3-3,Acting Responsibly,partial,,False,11,False,False,False,False
a1,IslandOil2024,phase5,3,0,GRI 3,3-3,Caring for our people,partial,,False,11,False,False,False,False
a1,IslandOil2024,phase5,4,1,GRI 3,3-3,Caring for our people,partial,,False,11,False,False,False,False
a1,IslandOil2024,phase5,5,2,GRI 3,3-3,Caring for our people,partial,,False,11,False,False,False,False
a1,IslandOil2024,phase5,6,3,GRI 3,3-3,Caring for our people,partial,,False,11,False,False,False,False
a1,IslandOil2024,phase5,7,0,GRI 3,3-3,Economic Performance,fail,no page pack: missing_disclosure,False,0,False,False,True,True
a1,IslandOil2024,phase5,8,0,GRI 3,3-3,Engaging with Society,partial,,False,11,False,False,False,False
a1,IslandOil2024,phase5,9,0,GRI 3,3-3,Enhancing Waste Management and Promoting Circularity,no_evidence,no page pack: page_list_no_matching_chunks; system limitation - human review required,True,0,False,False,True,True
a1,IslandOil2024,phase5,10,0,GRI 3,3-3,Market Presence,fail,no page pack: missing_disclosure,False,0,False,False,True,True
a1,IslandOil2024,phase5,11,0,GRI 3,3-3,Preserving Water Quality and Marine Ecosystems,no_evidence,no page pack: page_list_no_matching_chunks; system limitation - human review required,True,0,False,False,True,True
a1,IslandOil2024,phase5,12,0,GRI 3,3-3,Protecting Biodiversity and Preserving Ecosystem,fail,no page pack: missing_disclosure,False,0,False,False,True,True
a1,IslandOil2024,phase5,13,0,GRI 3,3-3,Responding to Climate Change: Adaptation and Mitigation,no_evidence,no page pack: page_list_no_matching_chunks; system limitation - human review required,True,0,False,False,True,True
a1,IslandOil2024,phase5,14,1,GRI 3,3-3,Responding to Climate Change: Adaptation and Mitigation,no_evidence,no page pack: page_list_no_matching_chunks; system limitation - human review required,True,0,False,False,True,True
a1,IslandOil2024,phase6,0,0,GRI 201: Economic Performance 2016,201-1,Economic Performance,omitted,no page pack: omitted,False,0,True,False,True,True
a1,IslandOil2024,phase6,1,0,GRI 201: Economic Performance 2016,201-2,Economic Performance,omitted,no page pack: omitted,False,0,True,False,True,True
a1,IslandOil2024,phase6,2,0,GRI 201: Economic Performance 2016,201-3,Economic Performance,omitted,no page pack: omitted,False,0,True,False,True,True
a1,IslandOil2024,phase6,3,0,GRI 201: Economic Performance 2016,201-4,Economic Performance,omitted,no page pack: omitted,False,0,True,False,True,True
a1,IslandOil2024,phase6,4,0,GRI 202: Market Presence,202-1,Market Presence,omitted,no page pack: omitted,False,0,True,False,True,True
a1,IslandOil2024,phase6,5,0,GRI 205: Anti-corruption,205-1,Acting Responsibly,omitted,no page pack: omitted,False,0,True,False,True,True
a1,IslandOil2024,phase6,6,0,GRI 205: Anti-corruption,205-2,Acting Responsibly,omitted,no page pack: omitted,False,0,True,False,True,True
a1,IslandOil2024,phase6,7,0,GRI 302: Energy 2016,302-1,Responding to Climate Change: Adaptation and Mitigation,no_evidence,no page pack: page_list_no_matching_chunks; system limitation — human review required,True,0,False,False,True,True
a1,IslandOil2024,phase6,8,0,GRI 302: Energy 2016,302-2,Responding to Climate Change: Adaptation and Mitigation,omitted,no page pack: omitted,False,0,True,False,True,True
a1,IslandOil2024,phase6,9,0,GRI 302: Energy 2016,302-5,Responding to Climate Change: Adaptation and Mitigation,omitted,no page pack: omitted,False,0,True,False,True,True
a1,IslandOil2024,phase6,10,0,GRI 305: Emissions 2016,305-5,Responding to Climate Change: Adaptation and Mitigation,omitted,no page pack: omitted,False,0,True,False,True,True
a1,IslandOil2024,phase6,11,0,GRI 305: Emissions 2016,305-6,Responding to Climate Change: Adaptation and Mitigation,omitted,no page pack: omitted,False,0,True,False,True,True
a1,IslandOil2024,phase6,12,0,GRI 305: Emissions 2016,305-7,Responding to Climate Change: Adaptation and Mitigation,omitted,no page pack: omitted,False,0,True,False,True,True
a1,IslandOil2024,phase6,13,0,GRI 303: Water and Effluents 2018,303-3,Preserving Water Quality and Marine Ecosystems,omitted,no page pack: omitted,False,0,True,False,True,True
a1,IslandOil2024,phase6,14,0,GRI 303: Water and Effluents 2018,303-4,Preserving Water Quality and Marine Ecosystems,omitted,no page pack: omitted,False,0,True,False,True,True
a1,IslandOil2024,phase6,15,0,GRI 303: Water and Effluents 2018,303-5,Preserving Water Quality and Marine Ecosystems,omitted,no page pack: omitted,False,0,True,False,True,True
a1,IslandOil2024,phase6,16,0,GRI 304: Biodiversity 2016,304-1,Protecting Biodiversity and Preserving Ecosystem,omitted,no page pack: omitted,False,0,True,False,True,True
a1,IslandOil2024,phase6,17,0,GRI 304: Biodiversity 2016,304-2,Protecting Biodiversity and Preserving Ecosystem,omitted,no page pack: omitted,False,0,True,False,True,True
a1,IslandOil2024,phase6,18,0,GRI 304: Biodiversity 2016,304-3,Protecting Biodiversity and Preserving Ecosystem,omitted,no page pack: omitted,False,0,True,False,True,True
a1,IslandOil2024,phase6,19,0,GRI 304: Biodiversity 2016,304-4,Protecting Biodiversity and Preserving Ecosystem,omitted,no page pack: omitted,False,0,True,False,True,True
a1,IslandOil2024,phase6,20,0,GRI 401: Employment 2016,401-3,Caring for our people,omitted,no page pack: omitted,False,0,True,False,True,True
a1,IslandOil2024,phase6,21,0,GRI 403: Occupational Health and Safety 2018,403-6,Caring for our people,omitted,no page pack: omitted,False,0,True,False,True,True
a1,IslandOil2024,phase6,22,0,GRI 202: Market Presence,202-2,Market Presence,no_evidence,,False,4,False,False,False,False
a1,IslandOil2024,phase6,23,0,GRI 205: Anti-corruption,205-3,Acting Responsibly,partial,,False,4,False,False,False,False
a1,IslandOil2024,phase6,24,0,GRI 206: Anti-competitive Behavior 2016,206-1,Acting Responsibly,no_evidence,,False,2,False,False,False,False
a1,IslandOil2024,phase6,25,0,GRI 302: Energy 2016,302-3,Responding to Climate Change: Adaptation and Mitigation,pass,,False,4,False,False,False,False
a1,IslandOil2024,phase6,26,0,GRI 302: Energy 2016,302-4,Responding to Climate Change: Adaptation and Mitigation,partial,,False,4,False,False,False,False
a1,IslandOil2024,phase6,27,0,GRI 305: Emissions 2016,305-1,Responding to Climate Change: Adaptation and Mitigation,partial,,False,9,False,False,False,False
a1,IslandOil2024,phase6,28,0,GRI 305: Emissions 2016,305-2,Responding to Climate Change: Adaptation and Mitigation,partial,,False,9,False,False,False,False
a1,IslandOil2024,phase6,29,0,GRI 305: Emissions 2016,305-3,Responding to Climate Change: Adaptation and Mitigation,partial,,False,9,False,False,False,False
a1,IslandOil2024,phase6,30,0,GRI 305: Emissions 2016,305-4,Responding to Climate Change: Adaptation and Mitigation,partial,,False,4,False,False,False,False
a1,IslandOil2024,phase6,31,0,GRI 303: Water and Effluents 2018,303-1,Preserving Water Quality and Marine Ecosystems,partial,,False,4,False,False,False,False
a1,IslandOil2024,phase6,32,0,GRI 303: Water and Effluents 2018,303-2,Preserving Water Quality and Marine Ecosystems,partial,,False,4,False,False,False,False
a1,IslandOil2024,phase6,33,0,GRI 306: Waste 2020,306-1,Enhancing Waste Management and Promoting Circularity,partial,,False,6,False,False,False,False
a1,IslandOil2024,phase6,34,0,GRI 306: Waste 2020,306-2,Enhancing Waste Management and Promoting Circularity,partial,,False,24,False,False,False,False
a1,IslandOil2024,phase6,35,0,GRI 306: Waste 2020,306-3,Enhancing Waste Management and Promoting Circularity,partial,,False,7,False,False,False,False
a1,IslandOil2024,phase6,36,0,GRI 306: Waste 2020,306-4,Enhancing Waste Management and Promoting Circularity,no_evidence,,False,16,False,False,False,False
a1,IslandOil2024,phase6,37,0,GRI 306: Waste 2020,306-5,Enhancing Waste Management and Promoting Circularity,no_evidence,,False,15,False,False,False,False
a1,IslandOil2024,phase6,38,0,GRI 401: Employment 2016,401-1,Caring for our people,no_evidence,,False,2,False,False,False,False
a1,IslandOil2024,phase6,39,0,GRI 401: Employment 2016,401-2,Caring for our people,no_evidence,,False,8,False,False,False,False
a1,IslandOil2024,phase6,40,0,GRI 403: Occupational Health and Safety 2018,403-1,Caring for our people,pass,,False,3,False,False,False,False
a1,IslandOil2024,phase6,41,0,GRI 403: Occupational Health and Safety 2018,403-2,Caring for our people,partial,,False,5,False,False,False,False
a1,IslandOil2024,phase6,42,0,GRI 403: Occupational Health and Safety 2018,403-3,Caring for our people,partial,,False,1,False,False,False,False
a1,IslandOil2024,phase6,43,0,GRI 403: Occupational Health and Safety 2018,403-4,Caring for our people,partial,,False,2,False,False,False,False
a1,IslandOil2024,phase6,44,0,GRI 403: Occupational Health and Safety 2018,403-5,Caring for our people,pass,,False,1,False,False,False,False
a1,IslandOil2024,phase6,45,0,GRI 403: Occupational Health and Safety 2018,403-7,Caring for our people,pass,,False,1,False,False,False,False
a1,IslandOil2024,phase6,46,0,GRI 403: Occupational Health and Safety 2018,403-8,Caring for our people,no_evidence,,False,4,False,False,False,False
a1,IslandOil2024,phase6,47,0,GRI 403: Occupational Health and Safety 2018,403-9,Caring for our people,partial,,False,16,False,False,False,False
a1,IslandOil2024,phase6,48,0,GRI 403: Occupational Health and Safety 2018,403-10,Caring for our people,partial,,False,10,False,False,False,False
a1,IslandOil2024,phase6,49,0,GRI 404: Training and Education 2016,404-1,Caring for our people,no_evidence,,False,2,False,False,False,False
a1,IslandOil2024,phase6,50,0,GRI 404: Training and Education 2016,404-2,Caring for our people,partial,,False,2,False,False,False,False
a1,IslandOil2024,phase6,51,0,GRI 404: Training and Education 2016,404-3,Caring for our people,no_evidence,,False,1,False,False,False,False
a1,IslandOil2024,phase6,52,0,GRI 405: Diversity and Equal Opportunity 2016,405-1,Caring for our people,no_evidence,,False,6,False,False,False,False
a1,IslandOil2024,phase6,53,0,GRI 405: Diversity and Equal Opportunity 2016,405-2,Caring for our people,no_evidence,,False,2,False,False,False,False
a1,IslandOil2024,phase6,54,0,GRI 406: Non-discrimination 2016,406-1,Caring for our people,pass,,False,5,False,False,False,False
a1,IslandOil2024,phase6,55,0,GRI 407: Freedom of Association and Collective Bargaining 2016,407-1,Caring for our people,no_evidence,,False,3,False,False,False,False
a1,IslandOil2024,phase6,56,0,GRI 408: Child Labor 2016,408-1,Caring for our people,partial,,False,5,False,False,False,False
a1,IslandOil2024,phase6,57,0,GRI 409: Forced or Compulsory Labor 2016,409-1,Caring for our people,partial,,False,3,False,False,False,False
a1,IslandOil2024,phase6,58,0,GRI 416: Customer Health and Safety 2016,416-1,Caring for our people,pass,,False,1,False,False,False,False
a1,IslandOil2024,phase6,59,0,GRI 416: Customer Health and Safety 2016,416-2,Caring for our people,pass,,False,4,False,False,False,False
a1,IslandOil2024,phase6,60,0,GRI 413: Local Communities 2016,413-1,Engaging with Society,no_evidence,,False,8,False,False,False,False
a1,IslandOil2024,phase6,61,0,GRI 413: Local Communities 2016,413-2,Engaging with Society,partial,,False,2,False,False,False,False
a1,Mubadala2023,phase3,0,0,GRI 2,2-1,,partial,,False,4,False,False,False,False
a1,Mubadala2023,phase3,1,0,GRI 2,2-2,,partial,,False,5,False,False,False,False
a1,Mubadala2023,phase3,2,0,GRI 2,2-3,,partial,,False,4,False,False,False,False
a1,Mubadala2023,phase3,3,0,GRI 2,2-4,,external_verification,no page pack: external_document_reference,False,0,False,True,True,True
a1,Mubadala2023,phase3,4,0,GRI 2,2-5,,partial,,False,4,False,False,False,False
a1,Mubadala2023,phase3,5,0,GRI 2,2-6,,partial,,False,6,False,False,False,False
a1,Mubadala2023,phase3,6,0,GRI 2,2-7,,no_evidence,,False,10,False,False,False,False
a1,Mubadala2023,phase3,7,0,GRI 2,2-8,,omitted,no page pack: omitted,False,0,True,False,True,True
a1,Mubadala2023,phase3,8,0,GRI 2,2-9,,partial,,False,10,False,False,False,False
a1,Mubadala2023,phase3,9,0,GRI 2,2-10,,no_evidence,,False,5,False,False,False,False
a1,Mubadala2023,phase3,10,0,GRI 2,2-11,,no_evidence,,False,2,False,False,False,False
a1,Mubadala2023,phase3,11,0,GRI 2,2-12,,partial,,False,4,False,False,False,False
a1,Mubadala2023,phase3,12,0,GRI 2,2-13,,partial,,False,3,False,False,False,False
a1,Mubadala2023,phase3,13,0,GRI 2,2-14,,no_evidence,,False,2,False,False,False,False
a1,Mubadala2023,phase3,14,0,GRI 2,2-15,,no_evidence,,False,5,False,False,False,False
a1,Mubadala2023,phase3,15,0,GRI 2,2-16,,no_evidence,,False,2,False,False,False,False
a1,Mubadala2023,phase3,16,0,GRI 2,2-17,,no_evidence,,False,1,False,False,False,False
a1,Mubadala2023,phase3,17,0,GRI 2,2-18,,no_evidence,,False,3,False,False,False,False
a1,Mubadala2023,phase3,18,0,GRI 2,2-19,,omitted,no page pack: omitted,False,0,True,False,True,True
a1,Mubadala2023,phase3,19,0,GRI 2,2-20,,omitted,no page pack: omitted,False,0,True,False,True,True
a1,Mubadala2023,phase3,20,0,GRI 2,2-21,,omitted,no page pack: omitted,False,0,True,False,True,True
a1,Mubadala2023,phase3,21,0,GRI 2,2-22,,no_evidence,,False,1,False,False,False,False
a1,Mubadala2023,phase3,22,0,GRI 2,2-23,,partial,,False,10,False,False,False,False
a1,Mubadala2023,phase3,23,0,GRI 2,2-24,,partial,,False,4,False,False,False,False
a1,Mubadala2023,phase3,24,0,GRI 2,2-25,,partial,,False,5,False,False,False,False
a1,Mubadala2023,phase3,25,0,GRI 2,2-26,,partial,,False,2,False,False,False,False
a1,Mubadala2023,phase3,26,0,GRI 2,2-27,,pass,,False,6,False,False,False,False
a1,Mubadala2023,phase3,27,0,GRI 2,2-28,,omitted,no page pack: omitted,False,0,True,False,True,True
a1,Mubadala2023,phase3,28,0,GRI 2,2-29,,partial,,False,3,False,False,False,False
a1,Mubadala2023,phase3,29,0,GRI 2,2-30,,omitted,no page pack: omitted,False,0,True,False,True,True
a1,Mubadala2023,phase5,0,0,GRI 3,3-1,,pass,,False,3,False,False,False,False
a1,Mubadala2023,phase5,1,0,GRI 3,3-2,,partial,,False,2,False,False,False,False
a1,Mubadala2023,phase5,2,0,GRI 3,3-3,Biodiversity & Ecosystem,partial,,False,11,False,False,False,False
a1,Mubadala2023,phase5,3,0,GRI 3,3-3,Climate Change & Energy Transition,partial,,False,11,False,False,False,False
a1,Mubadala2023,phase5,4,0,GRI 3,3-3,Contributing to Communities & Societies,partial,,False,11,False,False,False,False
a1,Mubadala2023,phase5,5,0,GRI 3,3-3,Cyber Security,partial,,False,11,False,False,False,False
a1,Mubadala2023,phase5,6,0,GRI 3,3-3,Diversity & Inclusion,partial,,False,11,False,False,False,False
a1,Mubadala2023,phase5,7,0,GRI 3,3-3,Energy Consumption & Efficiency,partial,,False,11,False,False,False,False
a1,Mubadala2023,phase5,8,0,GRI 3,3-3,GHG & Other Air Emissions,partial,,False,11,False,False,False,False
a1,Mubadala2023,phase5,9,0,GRI 3,3-3,Governance & Business Ethics,partial,,False,11,False,False,False,False
a1,Mubadala2023,phase5,10,0,GRI 3,3-3,"Health, Safety & Security of People",partial,,False,11,False,False,False,False
a1,Mubadala2023,phase5,11,0,GRI 3,3-3,Innovation & Digital Transformation,partial,,False,11,False,False,False,False
a1,Mubadala2023,phase5,12,0,GRI 3,3-3,Leading Employment Practices,partial,,False,11,False,False,False,False
a1,Mubadala2023,phase5,13,0,GRI 3,3-3,Low Carbon Energy Solutions,partial,,False,11,False,False,False,False
a1,Mubadala2023,phase5,14,0,GRI 3,3-3,National Talent Enhancement,partial,,False,11,False,False,False,False
a1,Mubadala2023,phase5,15,0,GRI 3,3-3,Reliable & Efficient Operations,partial,,False,11,False,False,False,False
a1,Mubadala2023,phase5,16,0,GRI 3,3-3,Responsible Procurement,partial,,False,11,False,False,False,False
a1,Mubadala2023,phase5,17,0,GRI 3,3-3,Spills & Waste Management,partial,,False,11,False,False,False,False
a1,Mubadala2023,phase5,18,0,GRI 3,3-3,Stakeholder Relations & Partnerships,no_evidence,no page pack: page_list_no_matching_chunks; system limitation - human review required,True,0,False,False,True,True
a1,Mubadala2023,phase5,19,0,GRI 3,3-3,"Strategy, Purpose, & Financial Resilience",no_evidence,,False,11,False,False,False,False
a1,Mubadala2023,phase5,20,0,GRI 3,3-3,Talent Building & Retention,partial,,False,11,False,False,False,False
a1,Mubadala2023,phase5,21,0,GRI 3,3-3,Upholding Human Rights,partial,,False,11,False,False,False,False
a1,Mubadala2023,phase5,22,0,GRI 3,3-3,Water Resource Management,partial,,False,11,False,False,False,False
a1,Mubadala2023,phase6,0,0,GRI 305: Emissions 2016,305-6,GHG & Other Air Emissions,omitted,no page pack: omitted,False,0,True,False,True,True
a1,Mubadala2023,phase6,1,0,GRI 302: Energy 2016,302-5,Energy Consumption & Efficiency,omitted,no page pack: omitted,False,0,True,False,True,True
a1,Mubadala2023,phase6,2,0,GRI 402: Labor/Management Relations 2016,402-1,Talent Building & Retention,omitted,no page pack: omitted,False,0,True,False,True,True
a1,Mubadala2023,phase6,3,0,GRI 405: Diversity and Equal Opportunity 2016,405-2,Diversity & Inclusion,omitted,no page pack: omitted,False,0,True,False,True,True
a1,Mubadala2023,phase6,4,0,GRI 305: Emissions 2016,305-1,GHG & Other Air Emissions,partial,,False,9,False,False,False,False
a1,Mubadala2023,phase6,5,0,GRI 305: Emissions 2016,305-2,GHG & Other Air Emissions,partial,,False,9,False,False,False,False
a1,Mubadala2023,phase6,6,0,GRI 305: Emissions 2016,305-3,GHG & Other Air Emissions,partial,,False,9,False,False,False,False
a1,Mubadala2023,phase6,7,0,GRI 305: Emissions 2016,305-4,GHG & Other Air Emissions,partial,,False,4,False,False,False,False
a1,Mubadala2023,phase6,8,0,GRI 305: Emissions 2016,305-5,GHG & Other Air Emissions,partial,,False,5,False,False,False,False
a1,Mubadala2023,phase6,9,0,GRI 305: Emissions 2016,305-7,GHG & Other Air Emissions,partial,,False,7,False,False,False,False
a1,Mubadala2023,phase6,10,0,GRI 306: Waste 2020,306-1,Spills & Waste Management,no_evidence,,False,6,False,False,False,False
a1,Mubadala2023,phase6,11,0,GRI 306: Waste 2020,306-2,Spills & Waste Management,partial,,False,24,False,False,False,False
a1,Mubadala2023,phase6,12,0,GRI 306: Waste 2020,306-3,Spills & Waste Management,partial,,False,7,False,False,False,False
a1,Mubadala2023,phase6,13,0,GRI 306: Waste 2020,306-4,Spills & Waste Management,partial,,False,16,False,False,False,False
a1,Mubadala2023,phase6,14,0,GRI 306: Waste 2020,306-5,Spills & Waste Management,no_evidence,,False,15,False,False,False,False
a1,Mubadala2023,phase6,15,1,GRI 306: Effluents and Waste 2016,306-3,Spills & Waste Management,partial,,False,7,False,False,False,False
a1,Mubadala2023,phase6,16,0,GRI 303: Water and Effluents 2018,303-1,Water Resource Management,partial,,False,4,False,False,False,False
a1,Mubadala2023,phase6,17,0,GRI 303: Water and Effluents 2018,303-2,Water Resource Management,no_evidence,,False,4,False,False,False,False
a1,Mubadala2023,phase6,18,0,GRI 303: Water and Effluents 2018,303-3,Water Resource Management,partial,,False,13,False,False,False,False
a1,Mubadala2023,phase6,19,0,GRI 303: Water and Effluents 2018,303-4,Water Resource Management,no_evidence,,False,12,False,False,False,False
a1,Mubadala2023,phase6,20,0,GRI 303: Water and Effluents 2018,303-5,Water Resource Management,no_evidence,,False,4,False,False,False,False
a1,Mubadala2023,phase6,21,0,GRI 302: Energy 2016,302-1,Energy Consumption & Efficiency,partial,,False,13,False,False,False,False
a1,Mubadala2023,phase6,22,0,GRI 302: Energy 2016,302-2,Energy Consumption & Efficiency,partial,,False,3,False,False,False,False
a1,Mubadala2023,phase6,23,0,GRI 302: Energy 2016,302-3,Energy Consumption & Efficiency,partial,,False,4,False,False,False,False
a1,Mubadala2023,phase6,24,0,GRI 302: Energy 2016,302-4,Energy Consumption & Efficiency,partial,,False,4,False,False,False,False
a1,Mubadala2023,phase6,25,0,GRI 304: Biodiversity 2016,304-1,Biodiversity & Ecosystem,no_evidence,,False,7,False,False,False,False
a1,Mubadala2023,phase6,26,0,GRI 304: Biodiversity 2016,304-2,Biodiversity & Ecosystem,partial,,False,10,False,False,False,False
a1,Mubadala2023,phase6,27,0,GRI 304: Biodiversity 2016,304-3,Biodiversity & Ecosystem,partial,,False,4,False,False,False,False
a1,Mubadala2023,phase6,28,0,GRI 304: Biodiversity 2016,304-4,Biodiversity & Ecosystem,no_evidence,,False,5,False,False,False,False
a1,Mubadala2023,phase6,29,0,GRI 403: Occupational Health and Safety 2018,403-1,"Health, Safety & Security of People",partial,,False,3,False,False,False,False
a1,Mubadala2023,phase6,30,0,GRI 403: Occupational Health and Safety 2018,403-2,"Health, Safety & Security of People",partial,,False,5,False,False,False,False
a1,Mubadala2023,phase6,31,0,GRI 403: Occupational Health and Safety 2018,403-3,"Health, Safety & Security of People",partial,,False,1,False,False,False,False
a1,Mubadala2023,phase6,32,0,GRI 403: Occupational Health and Safety 2018,403-4,"Health, Safety & Security of People",partial,,False,2,False,False,False,False
a1,Mubadala2023,phase6,33,0,GRI 403: Occupational Health and Safety 2018,403-5,"Health, Safety & Security of People",pass,,False,1,False,False,False,False
a1,Mubadala2023,phase6,34,0,GRI 403: Occupational Health and Safety 2018,403-6,"Health, Safety & Security of People",partial,,False,2,False,False,False,False
a1,Mubadala2023,phase6,35,0,GRI 403: Occupational Health and Safety 2018,403-7,"Health, Safety & Security of People",pass,,False,1,False,False,False,False
a1,Mubadala2023,phase6,36,0,GRI 403: Occupational Health and Safety 2018,403-8,"Health, Safety & Security of People",no_evidence,,False,4,False,False,False,False
a1,Mubadala2023,phase6,37,0,GRI 403: Occupational Health and Safety 2018,403-9,"Health, Safety & Security of People",partial,,False,16,False,False,False,False
a1,Mubadala2023,phase6,38,0,GRI 403: Occupational Health and Safety 2018,403-10,"Health, Safety & Security of People",partial,,False,10,False,False,False,False
a1,Mubadala2023,phase6,39,0,GRI 404: Training and Education 2016,404-1,Talent Building & Retention,no_evidence,,False,2,False,False,False,False
a1,Mubadala2023,phase6,40,0,GRI 404: Training and Education 2016,404-2,Talent Building & Retention,partial,,False,2,False,False,False,False
a1,Mubadala2023,phase6,41,0,GRI 404: Training and Education 2016,404-3,Talent Building & Retention,no_evidence,,False,1,False,False,False,False
a1,Mubadala2023,phase6,42,0,GRI 408: Child Labor 2016,408-1,Upholding Human Rights,partial,,False,5,False,False,False,False
a1,Mubadala2023,phase6,43,0,GRI 405: Diversity and Equal Opportunity 2016,405-1,Diversity & Inclusion,partial,,False,6,False,False,False,False
a1,Mubadala2023,phase6,44,0,GRI 406: Non-discrimination 2016,406-1,Diversity & Inclusion,no_evidence,,False,5,False,False,False,False
a1,Mubadala2023,phase6,45,0,GRI 413: Local Communities 2016,413-1,Contributing to Communities & Societies,partial,,False,8,False,False,False,False
a1,Mubadala2023,phase6,46,0,GRI 413: Local Communities 2016,413-2,Contributing to Communities & Societies,no_evidence,,False,2,False,False,False,False
a1,Mubadala2023,phase6,47,0,GRI 401: Employment 2016,401-2,Leading Employment Practices,no_evidence,,False,8,False,False,False,False
a1,Mubadala2023,phase6,48,0,GRI 401: Employment 2016,401-3,Leading Employment Practices,no_evidence,,False,5,False,False,False,False
a1,Mubadala2023,phase6,49,0,GRI 205: Anti-corruption 2016,205-1,Governance & Business Ethics,partial,,False,2,False,False,False,False
a1,Mubadala2023,phase6,50,0,GRI 205: Anti-corruption 2016,205-2,Governance & Business Ethics,partial,,False,5,False,False,False,False
a1,Mubadala2023,phase6,51,0,GRI 205: Anti-corruption 2016,205-3,Governance & Business Ethics,partial,,False,4,False,False,False,False
a1,Mubadala2023,phase6,52,0,GRI 418: Customer Privacy 2016,418-1,Cyber Security,no_evidence,,False,4,False,False,False,False
a1,Mubadala2023,phase6,53,0,GRI 414: Supplier Social Assessment 2016,414-1,Responsible Procurement,no_evidence,,False,1,False,False,False,False
a1,Mubadala2023,phase6,54,0,GRI 414: Supplier Social Assessment 2016,414-2,Responsible Procurement,no_evidence,,False,5,False,False,False,False
a1,Mubadala2023,phase6,55,0,GRI 204: Procurement Practices 2016,204-1,Responsible Procurement,no_evidence,,False,3,False,False,False,False
a1,Mubadala2024,phase3,0,0,GRI 2,2-1,,partial,,False,4,False,False,False,False
a1,Mubadala2024,phase3,1,0,GRI 2,2-2,,partial,,False,5,False,False,False,False
a1,Mubadala2024,phase3,2,0,GRI 2,2-3,,partial,,False,4,False,False,False,False
a1,Mubadala2024,phase3,3,0,GRI 2,2-4,,no_evidence,no page pack: page_list_no_matching_chunks; system limitation — human review required,True,0,False,False,True,True
a1,Mubadala2024,phase3,4,0,GRI 2,2-5,,partial,,False,4,False,False,False,False
a1,Mubadala2024,phase3,5,0,GRI 2,2-6,,partial,,False,6,False,False,False,False
a1,Mubadala2024,phase3,6,0,GRI 2,2-7,,partial,,False,10,False,False,False,False
a1,Mubadala2024,phase3,7,0,GRI 2,2-8,,omitted,no page pack: omitted,False,0,True,False,True,True
a1,Mubadala2024,phase3,8,0,GRI 2,2-9,,partial,,False,10,False,False,False,False
a1,Mubadala2024,phase3,9,0,GRI 2,2-10,,no_evidence,,False,5,False,False,False,False
a1,Mubadala2024,phase3,10,0,GRI 2,2-11,,no_evidence,,False,2,False,False,False,False
a1,Mubadala2024,phase3,11,0,GRI 2,2-12,,no_evidence,,False,4,False,False,False,False
a1,Mubadala2024,phase3,12,0,GRI 2,2-13,,no_evidence,,False,3,False,False,False,False
a1,Mubadala2024,phase3,13,0,GRI 2,2-14,,no_evidence,,False,2,False,False,False,False
a1,Mubadala2024,phase3,14,0,GRI 2,2-15,,no_evidence,,False,5,False,False,False,False
a1,Mubadala2024,phase3,15,0,GRI 2,2-16,,no_evidence,,False,2,False,False,False,False
a1,Mubadala2024,phase3,16,0,GRI 2,2-17,,no_evidence,,False,1,False,False,False,False
a1,Mubadala2024,phase3,17,0,GRI 2,2-18,,no_evidence,,False,3,False,False,False,False
a1,Mubadala2024,phase3,18,0,GRI 2,2-19,,omitted,no page pack: omitted,False,0,True,False,True,True
a1,Mubadala2024,phase3,19,0,GRI 2,2-20,,omitted,no page pack: omitted,False,0,True,False,True,True
a1,Mubadala2024,phase3,20,0,GRI 2,2-21,,omitted,no page pack: omitted,False,0,True,False,True,True
a1,Mubadala2024,phase3,21,0,GRI 2,2-22,,no_evidence,,False,1,False,False,False,False
a1,Mubadala2024,phase3,22,0,GRI 2,2-23,,partial,,False,10,False,False,False,False
a1,Mubadala2024,phase3,23,0,GRI 2,2-24,,pass,,False,4,False,False,False,False
a1,Mubadala2024,phase3,24,0,GRI 2,2-25,,partial,,False,5,False,False,False,False
a1,Mubadala2024,phase3,25,0,GRI 2,2-26,,partial,,False,2,False,False,False,False
a1,Mubadala2024,phase3,26,0,GRI 2,2-27,,partial,,False,6,False,False,False,False
a1,Mubadala2024,phase3,27,0,GRI 2,2-28,,omitted,no page pack: omitted,False,0,True,False,True,True
a1,Mubadala2024,phase3,28,0,GRI 2,2-29,,partial,,False,3,False,False,False,False
a1,Mubadala2024,phase3,29,0,GRI 2,2-30,,omitted,no page pack: omitted,False,0,True,False,True,True
a1,Mubadala2024,phase5,0,0,GRI 3,3-1,,pass,,False,3,False,False,False,False
a1,Mubadala2024,phase5,1,0,GRI 3,3-2,,partial,,False,2,False,False,False,False
a1,Mubadala2024,phase5,2,0,GRI 3,3-3,"Climate Adaptation, Resilience & Transition",partial,,False,11,False,False,False,False
a1,Mubadala2024,phase5,3,0,GRI 3,3-3,Communities & Societies,partial,,False,11,False,False,False,False
a1,Mubadala2024,phase5,4,0,GRI 3,3-3,Data Governance & AI Use,partial,,False,11,False,False,False,False
a1,Mubadala2024,phase5,5,0,GRI 3,3-3,Diversity & Inclusion,partial,,False,11,False,False,False,False
a1,Mubadala2024,phase5,6,0,GRI 3,3-3,Employment Practices,partial,,False,11,False,False,False,False
a1,Mubadala2024,phase5,7,0,GRI 3,3-3,Energy Consumption,partial,,False,11,False,False,False,False
a1,Mubadala2024,phase5,8,0,GRI 3,3-3,GHG & Other Air Emissions,partial,,False,11,False,False,False,False
a1,Mubadala2024,phase5,9,0,GRI 3,3-3,Governance & Business Ethics,partial,,False,11,False,False,False,False
a1,Mubadala2024,phase5,10,0,GRI 3,3-3,"Health, Safety & Security of People",partial,,False,11,False,False,False,False
a1,Mubadala2024,phase5,11,0,GRI 3,3-3,Human Rights,partial,,False,11,False,False,False,False
a1,Mubadala2024,phase5,12,0,GRI 3,3-3,Innovation and Digital Transformation,partial,,False,11,False,False,False,False
a1,Mubadala2024,phase5,13,0,GRI 3,3-3,Nature & Biodiversity,partial,,False,11,False,False,False,False
a1,Mubadala2024,phase5,14,0,GRI 3,3-3,Responsible Procurement,partial,,False,11,False,False,False,False
a1,Mubadala2024,phase5,15,0,GRI 3,3-3,Risk Management,partial,,False,11,False,False,False,False
a1,Mubadala2024,phase5,16,0,GRI 3,3-3,"Talent Attraction, Retention, & Development",partial,,False,11,False,False,False,False
a1,Mubadala2024,phase5,17,0,GRI 3,3-3,Waste Management,partial,,False,11,False,False,False,False
a1,Mubadala2024,phase5,18,0,GRI 3,3-3,Water Resource Management,partial,,False,11,False,False,False,False
a1,Mubadala2024,phase6,0,0,GRI 305: Emissions 2016,305-6,GHG & Other Air Emissions,omitted,no page pack: omitted,False,0,True,False,True,True
a1,Mubadala2024,phase6,1,0,GRI 302: Energy 2016,302-5,Energy Consumption,omitted,no page pack: omitted,False,0,True,False,True,True
a1,Mubadala2024,phase6,2,0,GRI 304: Biodiversity 2016,304-1,Nature & Biodiversity,omitted,no page pack: omitted,False,0,True,False,True,True
a1,Mubadala2024,phase6,3,0,GRI 304: Biodiversity 2016,304-4,Nature & Biodiversity,omitted,no page pack: omitted,False,0,True,False,True,True
a1,Mubadala2024,phase6,4,0,GRI 402: Labor/Management Relations 2016,402-1,"Talent Attraction, Retention, & Development",omitted,no page pack: omitted,False,0,True,False,True,True
a1,Mubadala2024,phase6,5,0,GRI 405: Diversity and Equal Opportunity 2016,405-2,Diversity & Inclusion,omitted,no page pack: omitted,False,0,True,False,True,True
a1,Mubadala2024,phase6,6,0,GRI 401: Employment 2016,401-3,Employment Practices,no_evidence,no page pack: page_list_no_matching_chunks; system limitation — human review required,True,0,False,False,True,True
a1,Mubadala2024,phase6,7,0,GRI 305: Emissions 2016,305-1,GHG & Other Air Emissions,partial,,False,9,False,False,False,False
a1,Mubadala2024,phase6,8,0,GRI 305: Emissions 2016,305-2,GHG & Other Air Emissions,partial,,False,9,False,False,False,False
a1,Mubadala2024,phase6,9,0,GRI 305: Emissions 2016,305-3,GHG & Other Air Emissions,partial,,False,9,False,False,False,False
a1,Mubadala2024,phase6,10,0,GRI 305: Emissions 2016,305-4,GHG & Other Air Emissions,partial,,False,4,False,False,False,False
a1,Mubadala2024,phase6,11,0,GRI 305: Emissions 2016,305-5,GHG & Other Air Emissions,partial,,False,5,False,False,False,False
a1,Mubadala2024,phase6,12,0,GRI 305: Emissions 2016,305-7,GHG & Other Air Emissions,partial,,False,7,False,False,False,False
a1,Mubadala2024,phase6,13,0,GRI 306: Waste 2020,306-1,Waste Management,no_evidence,,False,6,False,False,False,False
a1,Mubadala2024,phase6,14,0,GRI 306: Waste 2020,306-2,Waste Management,partial,,False,24,False,False,False,False
a1,Mubadala2024,phase6,15,0,GRI 306: Waste 2020,306-3,Waste Management,partial,,False,7,False,False,False,False
a1,Mubadala2024,phase6,16,0,GRI 306: Waste 2020,306-4,Waste Management,fail,,False,16,False,False,False,False
a1,Mubadala2024,phase6,17,0,GRI 306: Waste 2020,306-5,Waste Management,no_evidence,,False,15,False,False,False,False
a1,Mubadala2024,phase6,18,1,GRI 306: Effluents and Waste 2016,306-3,Waste Management,partial,,False,7,False,False,False,False
a1,Mubadala2024,phase6,19,0,GRI 303: Water and Effluents 2018,303-1,Water Resource Management,partial,,False,4,False,False,False,False
a1,Mubadala2024,phase6,20,0,GRI 303: Water and Effluents 2018,303-2,Water Resource Management,no_evidence,,False,4,False,False,False,False
a1,Mubadala2024,phase6,21,0,GRI 303: Water and Effluents 2018,303-3,Water Resource Management,partial,,False,13,False,False,False,False
a1,Mubadala2024,phase6,22,0,GRI 303: Water and Effluents 2018,303-4,Water Resource Management,partial,,False,12,False,False,False,False
a1,Mubadala2024,phase6,23,0,GRI 303: Water and Effluents 2018,303-5,Water Resource Management,fail,,False,4,False,False,False,False
a1,Mubadala2024,phase6,24,0,GRI 302: Energy 2016,302-1,Energy Consumption,partial,,False,13,False,False,False,False
a1,Mubadala2024,phase6,25,0,GRI 302: Energy 2016,302-2,Energy Consumption,partial,,False,3,False,False,False,False
a1,Mubadala2024,phase6,26,0,GRI 302: Energy 2016,302-3,Energy Consumption,partial,,False,4,False,False,False,False
a1,Mubadala2024,phase6,27,0,GRI 302: Energy 2016,302-4,Energy Consumption,partial,,False,4,False,False,False,False
a1,Mubadala2024,phase6,28,0,GRI 304: Biodiversity 2016,304-2,Nature & Biodiversity,no_evidence,,False,10,False,False,False,False
a1,Mubadala2024,phase6,29,0,GRI 304: Biodiversity 2016,304-3,Nature & Biodiversity,partial,,False,4,False,False,False,False
a1,Mubadala2024,phase6,30,0,GRI 403: Occupational Health and Safety 2018,403-1,"Health, Safety & Security of People",pass,,False,3,False,False,False,False
a1,Mubadala2024,phase6,31,0,GRI 403: Occupational Health and Safety 2018,403-2,"Health, Safety & Security of People",partial,,False,5,False,False,False,False
a1,Mubadala2024,phase6,32,0,GRI 403: Occupational Health and Safety 2018,403-3,"Health, Safety & Security of People",pass,,False,1,False,False,False,False
a1,Mubadala2024,phase6,33,0,GRI 403: Occupational Health and Safety 2018,403-4,"Health, Safety & Security of People",partial,,False,2,False,False,False,False
a1,Mubadala2024,phase6,34,0,GRI 403: Occupational Health and Safety 2018,403-5,"Health, Safety & Security of People",pass,,False,1,False,False,False,False
a1,Mubadala2024,phase6,35,0,GRI 403: Occupational Health and Safety 2018,403-6,"Health, Safety & Security of People",partial,,False,2,False,False,False,False
a1,Mubadala2024,phase6,36,0,GRI 403: Occupational Health and Safety 2018,403-7,"Health, Safety & Security of People",pass,,False,1,False,False,False,False
a1,Mubadala2024,phase6,37,0,GRI 403: Occupational Health and Safety 2018,403-8,"Health, Safety & Security of People",partial,,False,4,False,False,False,False
a1,Mubadala2024,phase6,38,0,GRI 403: Occupational Health and Safety 2018,403-9,"Health, Safety & Security of People",partial,,False,16,False,False,False,False
a1,Mubadala2024,phase6,39,0,GRI 403: Occupational Health and Safety 2018,403-10,"Health, Safety & Security of People",partial,,False,10,False,False,False,False
a1,Mubadala2024,phase6,40,0,GRI 404: Training and Education 2016,404-1,"Talent Attraction, Retention, & Development",no_evidence,,False,2,False,False,False,False
a1,Mubadala2024,phase6,41,0,GRI 404: Training and Education 2016,404-2,"Talent Attraction, Retention, & Development",partial,,False,2,False,False,False,False
a1,Mubadala2024,phase6,42,0,GRI 404: Training and Education 2016,404-3,"Talent Attraction, Retention, & Development",partial,,False,1,False,False,False,False
a1,Mubadala2024,phase6,43,0,GRI 405: Diversity and Equal Opportunity 2016,405-1,Diversity & Inclusion,partial,,False,6,False,False,False,False
a1,Mubadala2024,phase6,44,0,GRI 406: Non-discrimination 2016,406-1,Diversity & Inclusion,no_evidence,,False,5,False,False,False,False
a1,Mubadala2024,phase6,45,0,GRI 413: Local Communities 2016,413-1,Communities & Societies,no_evidence,,False,8,False,False,False,False
a1,Mubadala2024,phase6,46,0,GRI 413: Local Communities 2016,413-2,Communities & Societies,no_evidence,,False,2,False,False,False,False
a1,Mubadala2024,phase6,47,0,GRI 401: Employment 2016,401-2,Employment Practices,partial,,False,8,False,False,False,False
a1,Mubadala2024,phase6,48,0,GRI 408: Child Labor 2016,408-1,Human Rights,partial,,False,5,False,False,False,False
a1,Mubadala2024,phase6,49,0,GRI 205: Anti-corruption 2016,205-1,Governance & Business Ethics,partial,,False,2,False,False,False,False
a1,Mubadala2024,phase6,50,0,GRI 205: Anti-corruption 2016,205-2,Governance & Business Ethics,no_evidence,,False,5,False,False,False,False
a1,Mubadala2024,phase6,51,0,GRI 205: Anti-corruption 2016,205-3,Governance & Business Ethics,partial,,False,4,False,False,False,False
a1,Mubadala2024,phase6,52,0,GRI 418: Customer Privacy 2016,418-1,Data Governance & AI Use,partial,,False,4,False,False,False,False
a1,Mubadala2024,phase6,53,0,GRI 414: Supplier Social Assessment 2016,414-1,Responsible Procurement,no_evidence,,False,1,False,False,False,False
a1,Mubadala2024,phase6,54,0,GRI 414: Supplier Social Assessment 2016,414-2,Responsible Procurement,no_evidence,,False,5,False,False,False,False
a1,Mubadala2024,phase6,55,0,GRI 204: Procurement Practices 2016,204-1,Responsible Procurement,partial,,False,3,False,False,False,False
a1,OKQ82023,phase3,0,0,GRI 2,2-1,,partial,,False,4,False,False,False,False
a1,OKQ82023,phase3,1,0,GRI 2,2-2,,partial,,False,5,False,False,False,False
a1,OKQ82023,phase3,2,0,GRI 2,2-3,,partial,,False,4,False,False,False,False
a1,OKQ82023,phase3,3,0,GRI 2,2-4,,partial,,False,2,False,False,False,False
a1,OKQ82023,phase3,4,0,GRI 2,2-5,,partial,,False,4,False,False,False,False
a1,OKQ82023,phase3,5,0,GRI 2,2-6,,partial,,False,6,False,False,False,False
a1,OKQ82023,phase3,6,0,GRI 2,2-7,,partial,,False,10,False,False,False,False
a1,OKQ82023,phase3,7,0,GRI 2,2-8,,omitted,no page pack: omitted,False,0,True,False,True,True
a1,OKQ82023,phase3,8,0,GRI 2,2-9,,omitted,no page pack: omitted,False,0,True,False,True,True
a1,OKQ82023,phase3,9,0,GRI 2,2-10,,omitted,no page pack: omitted,False,0,True,False,True,True
a1,OKQ82023,phase3,10,0,GRI 2,2-11,,partial,,False,2,False,False,False,False
a1,OKQ82023,phase3,11,0,GRI 2,2-12,,partial,,False,4,False,False,False,False
a1,OKQ82023,phase3,12,0,GRI 2,2-13,,partial,,False,3,False,False,False,False
a1,OKQ82023,phase3,13,0,GRI 2,2-14,,pass,,False,2,False,False,False,False
a1,OKQ82023,phase3,14,0,GRI 2,2-15,,omitted,no page pack: omitted,False,0,True,False,True,True
a1,OKQ82023,phase3,15,0,GRI 2,2-16,,partial,,False,2,False,False,False,False
a1,OKQ82023,phase3,16,0,GRI 2,2-17,,pass,,False,1,False,False,False,False
a1,OKQ82023,phase3,17,0,GRI 2,2-18,,partial,,False,3,False,False,False,False
a1,OKQ82023,phase3,18,0,GRI 2,2-19,,omitted,no page pack: omitted,False,0,True,False,True,True
a1,OKQ82023,phase3,19,0,GRI 2,2-20,,omitted,no page pack: omitted,False,0,True,False,True,True
a1,OKQ82023,phase3,20,0,GRI 2,2-21,,omitted,no page pack: omitted,False,0,True,False,True,True
a1,OKQ82023,phase3,21,0,GRI 2,2-22,,pass,,False,1,False,False,False,False
a1,OKQ82023,phase3,22,0,GRI 2,2-23,,partial,,False,10,False,False,False,False
a1,OKQ82023,phase3,23,0,GRI 2,2-24,,pass,,False,4,False,False,False,False
a1,OKQ82023,phase3,24,0,GRI 2,2-25,,partial,,False,5,False,False,False,False
a1,OKQ82023,phase3,25,0,GRI 2,2-26,,partial,,False,2,False,False,False,False
a1,OKQ82023,phase3,26,0,GRI 2,2-27,,no_evidence,,False,6,False,False,False,False
a1,OKQ82023,phase3,27,0,GRI 2,2-28,,partial,,False,1,False,False,False,False
a1,OKQ82023,phase3,28,0,GRI 2,2-29,,partial,,False,3,False,False,False,False
a1,OKQ82023,phase3,29,0,GRI 2,2-30,,partial,,False,2,False,False,False,False
a1,OKQ82023,phase5,0,0,GRI 3,3-1,,pass,,False,3,False,False,False,False
a1,OKQ82023,phase5,1,0,GRI 3,3-2,,partial,,False,2,False,False,False,False
a1,OKQ82023,phase5,2,0,GRI 3,3-3,Anti-competitive behavior,partial,,False,11,False,False,False,False
a1,OKQ82023,phase5,3,0,GRI 3,3-3,Anti-corruption,partial,,False,11,False,False,False,False
a1,OKQ82023,phase5,4,0,GRI 3,3-3,Biodiversity,partial,,False,11,False,False,False,False
a1,OKQ82023,phase5,5,0,GRI 3,3-3,Diversity and equal opportunity,partial,,False,11,False,False,False,False
a1,OKQ82023,phase5,6,0,GRI 3,3-3,Emissions,partial,,False,11,False,False,False,False
a1,OKQ82023,phase5,7,0,GRI 3,3-3,Employment,partial,,False,11,False,False,False,False
a1,OKQ82023,phase5,8,0,GRI 3,3-3,Energy,partial,,False,11,False,False,False,False
a1,OKQ82023,phase5,9,0,GRI 3,3-3,Forced or compulsory labour,partial,,False,11,False,False,False,False
a1,OKQ82023,phase5,10,0,GRI 3,3-3,Freedom of association and collective bargaining,partial,,False,11,False,False,False,False
a1,OKQ82023,phase5,11,0,GRI 3,3-3,Labour/management relations,no_evidence,,False,11,False,False,False,False
a1,OKQ82023,phase5,12,0,GRI 3,3-3,Non-discrimination,partial,,False,11,False,False,False,False
a1,OKQ82023,phase5,13,0,GRI 3,3-3,Occupational health and safety,partial,,False,11,False,False,False,False
a1,OKQ82023,phase5,14,0,GRI 3,3-3,Supplier environmental assessment,partial,,False,11,False,False,False,False
a1,OKQ82023,phase5,15,0,GRI 3,3-3,Supplier social assessment,partial,,False,11,False,False,False,False
a1,OKQ82023,phase5,16,0,GRI 3,3-3,Training and education,partial,,False,11,False,False,False,False
a1,OKQ82023,phase5,17,0,GRI 3,3-3,Waste,partial,,False,11,False,False,False,False
a1,OKQ82023,phase5,18,0,GRI 3,3-3,Water and effluents,partial,,False,11,False,False,False,False
a1,OKQ82023,phase6,0,0,GRI 302: Energy 2016,302-2,Energy,omitted,no page pack: omitted,False,0,True,False,True,True
a1,OKQ82023,phase6,1,0,GRI 303: Water and Effluents 2018,303-1,Water and effluents,omitted,no page pack: omitted,False,0,True,False,True,True
a1,OKQ82023,phase6,2,0,GRI 303: Water and Effluents 2018,303-2,Water and effluents,omitted,no page pack: omitted,False,0,True,False,True,True
a1,OKQ82023,phase6,3,0,GRI 303: Water and Effluents 2018,303-3,Water and effluents,omitted,no page pack: omitted,False,0,True,False,True,True
a1,OKQ82023,phase6,4,0,GRI 303: Water and Effluents 2018,303-4,Water and effluents,omitted,no page pack: omitted,False,0,True,False,True,True
a1,OKQ82023,phase6,5,0,GRI 303: Water and Effluents 2018,303-5,Water and effluents,omitted,no page pack: omitted,False,0,True,False,True,True
a1,OKQ82023,phase6,6,0,GRI 304: Biodiversity 2016,304-1,Biodiversity,omitted,no page pack: omitted,False,0,True,False,True,True
a1,OKQ82023,phase6,7,0,GRI 304: Biodiversity 2016,304-4,Biodiversity,omitted,no page pack: omitted,False,0,True,False,True,True
a1,OKQ82023,phase6,8,0,GRI 401: Employment 2016,401-3,Employment,omitted,no page pack: omitted,False,0,True,False,True,True
a1,OKQ82023,phase6,9,0,GRI 404: Training and Education 2016,404-1,Training and education,omitted,no page pack: omitted,False,0,True,False,True,True
a1,OKQ82023,phase6,10,0,GRI 405: Diversity and Equal Opportunity 2016,405-2,Diversity and equal opportunity,omitted,no page pack: omitted,False,0,True,False,True,True
a1,OKQ82023,phase6,11,0,GRI 407: Freedom of Association and Collective Bargaining 2016,407-1,Freedom of association and collective bargaining,omitted,no page pack: omitted,False,0,True,False,True,True
a1,OKQ82023,phase6,12,0,GRI 409: Forced or Compulsory Labour 2016,409-1,Forced or compulsory labour,omitted,no page pack: omitted,False,0,True,False,True,True
a1,OKQ82023,phase6,13,0,GRI 414: Supplier Social Assessment 2016,414-1,Supplier social assessment,omitted,no page pack: omitted,False,0,True,False,True,True
a1,OKQ82023,phase6,14,0,GRI 205: Anti-corruption 2016,205-1,Anti-corruption,no_evidence,,False,2,False,False,False,False
a1,OKQ82023,phase6,15,0,GRI 205: Anti-corruption 2016,205-2,Anti-corruption,no_evidence,,False,5,False,False,False,False
a1,OKQ82023,phase6,16,0,GRI 205: Anti-corruption 2016,205-3,Anti-corruption,no_evidence,,False,4,False,False,False,False
a1,OKQ82023,phase6,17,0,GRI 206: Anti-competitive Behavior 2016,206-1,Anti-competitive behavior,no_evidence,,False,2,False,False,False,False
a1,OKQ82023,phase6,18,0,GRI 302: Energy 2016,302-1,Energy,partial,,False,13,False,False,False,False
a1,OKQ82023,phase6,19,0,GRI 302: Energy 2016,302-3,Energy,partial,,False,4,False,False,False,False
a1,OKQ82023,phase6,20,0,GRI 302: Energy 2016,302-4,Energy,partial,,False,4,False,False,False,False
a1,OKQ82023,phase6,21,0,GRI 304: Biodiversity 2016,304-2,Biodiversity,partial,,False,10,False,False,False,False
a1,OKQ82023,phase6,22,0,GRI 304: Biodiversity 2016,304-3,Biodiversity,no_evidence,,False,4,False,False,False,False
a1,OKQ82023,phase6,23,0,GRI 305: Emissions 2016,305-1,Emissions,no_evidence,,False,9,False,False,False,False
a1,OKQ82023,phase6,24,0,GRI 305: Emissions 2016,305-2,Emissions,partial,,False,9,False,False,False,False
a1,OKQ82023,phase6,25,0,GRI 305: Emissions 2016,305-3,Emissions,partial,,False,9,False,False,False,False
a1,OKQ82023,phase6,26,0,GRI 305: Emissions 2016,305-4,Emissions,partial,,False,4,False,False,False,False
a1,OKQ82023,phase6,27,0,GRI 305: Emissions 2016,305-5,Emissions,partial,,False,5,False,False,False,False
a1,OKQ82023,phase6,28,0,GRI 305: Emissions 2016,305-7,Emissions,partial,,False,7,False,False,False,False
a1,OKQ82023,phase6,29,0,GRI 306: Effluents and Waste 2016,306-3,Waste,partial,,False,7,False,False,False,False
a1,OKQ82023,phase6,30,0,GRI 306: Waste 2020,306-1,Waste,no_evidence,,False,6,False,False,False,False
a1,OKQ82023,phase6,31,0,GRI 306: Waste 2020,306-2,Waste,partial,,False,24,False,False,False,False
a1,OKQ82023,phase6,32,1,GRI 306: Waste 2020,306-3,Waste,partial,,False,7,False,False,False,False
a1,OKQ82023,phase6,33,0,GRI 306: Waste 2020,306-4,Waste,no_evidence,,False,16,False,False,False,False
a1,OKQ82023,phase6,34,0,GRI 306: Waste 2020,306-5,Waste,no_evidence,,False,15,False,False,False,False
a1,OKQ82023,phase6,35,0,GRI 308: Supplier Environmental Assessment 2016,308-2,Supplier environmental assessment,no_evidence,,False,5,False,False,False,False
a1,OKQ82023,phase6,36,0,GRI 401: Employment 2016,401-1,Employment,no_evidence,,False,2,False,False,False,False
a1,OKQ82023,phase6,37,0,GRI 401: Employment 2016,401-2,Employment,no_evidence,,False,8,False,False,False,False
a1,OKQ82023,phase6,38,0,GRI 402: Labour/Management Relations 2016,402-1,Labour/management relations,no_evidence,,False,2,False,False,False,False
a1,OKQ82023,phase6,39,0,GRI 403: Occupational Health and Safety 2018,403-1,Occupational health and safety,partial,,False,3,False,False,False,False
a1,OKQ82023,phase6,40,0,GRI 403: Occupational Health and Safety 2018,403-2,Occupational health and safety,partial,,False,5,False,False,False,False
a1,OKQ82023,phase6,41,0,GRI 403: Occupational Health and Safety 2018,403-3,Occupational health and safety,pass,,False,1,False,False,False,False
a1,OKQ82023,phase6,42,0,GRI 403: Occupational Health and Safety 2018,403-4,Occupational health and safety,partial,,False,2,False,False,False,False
a1,OKQ82023,phase6,43,0,GRI 403: Occupational Health and Safety 2018,403-5,Occupational health and safety,pass,,False,1,False,False,False,False
a1,OKQ82023,phase6,44,0,GRI 403: Occupational Health and Safety 2018,403-6,Occupational health and safety,partial,,False,2,False,False,False,False
a1,OKQ82023,phase6,45,0,GRI 403: Occupational Health and Safety 2018,403-7,Occupational health and safety,pass,,False,1,False,False,False,False
a1,OKQ82023,phase6,46,0,GRI 403: Occupational Health and Safety 2018,403-8,Occupational health and safety,no_evidence,,False,4,False,False,False,False
a1,OKQ82023,phase6,47,0,GRI 403: Occupational Health and Safety 2018,403-9,Occupational health and safety,partial,,False,16,False,False,False,False
a1,OKQ82023,phase6,48,0,GRI 403: Occupational Health and Safety 2018,403-10,Occupational health and safety,partial,,False,10,False,False,False,False
a1,OKQ82023,phase6,49,0,GRI 404: Training and Education 2016,404-2,Training and education,partial,,False,2,False,False,False,False
a1,OKQ82023,phase6,50,0,GRI 404: Training and Education 2016,404-3,Training and education,no_evidence,,False,1,False,False,False,False
a1,OKQ82023,phase6,51,0,GRI 405: Diversity and Equal Opportunity 2016,405-1,Diversity and equal opportunity,no_evidence,,False,6,False,False,False,False
a1,OKQ82023,phase6,52,0,GRI 406: Non-discrimination 2016,406-1,Non-discrimination,no_evidence,,False,5,False,False,False,False
a1,OKQ82023,phase6,53,0,GRI 414: Supplier Social Assessment 2016,414-2,Supplier social assessment,no_evidence,,False,5,False,False,False,False
a1,OKQ82024,phase3,0,0,GRI 2,2-1,,partial,,False,4,False,False,False,False
a1,OKQ82024,phase3,1,0,GRI 2,2-2,,partial,,False,5,False,False,False,False
a1,OKQ82024,phase3,2,0,GRI 2,2-3,,partial,,False,4,False,False,False,False
a1,OKQ82024,phase3,3,0,GRI 2,2-4,,pass,,False,2,False,False,False,False
a1,OKQ82024,phase3,4,0,GRI 2,2-5,,partial,,False,4,False,False,False,False
a1,OKQ82024,phase3,5,0,GRI 2,2-6,,partial,,False,6,False,False,False,False
a1,OKQ82024,phase3,6,0,GRI 2,2-7,,no_evidence,,False,10,False,False,False,False
a1,OKQ82024,phase3,7,0,GRI 2,2-8,,omitted,no page pack: omitted,False,0,True,False,True,True
a1,OKQ82024,phase3,8,0,GRI 2,2-9,,omitted,no page pack: omitted,False,0,True,False,True,True
a1,OKQ82024,phase3,9,0,GRI 2,2-10,,omitted,no page pack: omitted,False,0,True,False,True,True
a1,OKQ82024,phase3,10,0,GRI 2,2-11,,partial,,False,2,False,False,False,False
a1,OKQ82024,phase3,11,0,GRI 2,2-12,,partial,,False,4,False,False,False,False
a1,OKQ82024,phase3,12,0,GRI 2,2-13,,pass,,False,3,False,False,False,False
a1,OKQ82024,phase3,13,0,GRI 2,2-14,,pass,,False,2,False,False,False,False
a1,OKQ82024,phase3,14,0,GRI 2,2-15,,omitted,no page pack: omitted,False,0,True,False,True,True
a1,OKQ82024,phase3,15,0,GRI 2,2-16,,partial,,False,2,False,False,False,False
a1,OKQ82024,phase3,16,0,GRI 2,2-17,,no_evidence,,False,1,False,False,False,False
a1,OKQ82024,phase3,17,0,GRI 2,2-18,,partial,,False,3,False,False,False,False
a1,OKQ82024,phase3,18,0,GRI 2,2-19,,omitted,no page pack: omitted,False,0,True,False,True,True
a1,OKQ82024,phase3,19,0,GRI 2,2-20,,omitted,no page pack: omitted,False,0,True,False,True,True
a1,OKQ82024,phase3,20,0,GRI 2,2-21,,omitted,no page pack: omitted,False,0,True,False,True,True
a1,OKQ82024,phase3,21,0,GRI 2,2-22,,pass,,False,1,False,False,False,False
a1,OKQ82024,phase3,22,0,GRI 2,2-23,,partial,,False,10,False,False,False,False
a1,OKQ82024,phase3,23,0,GRI 2,2-24,,pass,,False,4,False,False,False,False
a1,OKQ82024,phase3,24,0,GRI 2,2-25,,partial,,False,5,False,False,False,False
a1,OKQ82024,phase3,25,0,GRI 2,2-26,,partial,,False,2,False,False,False,False
a1,OKQ82024,phase3,26,0,GRI 2,2-27,,no_evidence,,False,6,False,False,False,False
a1,OKQ82024,phase3,27,0,GRI 2,2-28,,pass,,False,1,False,False,False,False
a1,OKQ82024,phase3,28,0,GRI 2,2-29,,partial,,False,3,False,False,False,False
a1,OKQ82024,phase3,29,0,GRI 2,2-30,,no_evidence,,False,2,False,False,False,False
a1,OKQ82024,phase5,0,0,GRI 3,3-1,,pass,,False,3,False,False,False,False
a1,OKQ82024,phase5,1,0,GRI 3,3-2,,partial,,False,2,False,False,False,False
a1,OKQ82024,phase5,2,0,GRI 3,3-3,Anti-competitive behavior,partial,,False,11,False,False,False,False
a1,OKQ82024,phase5,3,0,GRI 3,3-3,Anti-corruption,partial,,False,11,False,False,False,False
a1,OKQ82024,phase5,4,0,GRI 3,3-3,Biodiversity,partial,,False,11,False,False,False,False
a1,OKQ82024,phase5,5,0,GRI 3,3-3,Diversity and equal opportunity,partial,,False,11,False,False,False,False
a1,OKQ82024,phase5,6,0,GRI 3,3-3,Emissions,partial,,False,11,False,False,False,False
a1,OKQ82024,phase5,7,0,GRI 3,3-3,Employment,partial,,False,11,False,False,False,False
a1,OKQ82024,phase5,8,0,GRI 3,3-3,Energy,partial,,False,11,False,False,False,False
a1,OKQ82024,phase5,9,0,GRI 3,3-3,Forced or compulsory labour,no_evidence,,False,11,False,False,False,False
a1,OKQ82024,phase5,10,0,GRI 3,3-3,Freedom of association and collective bargaining,no_evidence,,False,11,False,False,False,False
a1,OKQ82024,phase5,11,0,GRI 3,3-3,Labour/management relations,no_evidence,,False,11,False,False,False,False
a1,OKQ82024,phase5,12,0,GRI 3,3-3,Non-discrimination,partial,,False,11,False,False,False,False
a1,OKQ82024,phase5,13,0,GRI 3,3-3,Occupational health and safety,partial,,False,11,False,False,False,False
a1,OKQ82024,phase5,14,0,GRI 3,3-3,Supplier environmental assessment,partial,,False,11,False,False,False,False
a1,OKQ82024,phase5,15,0,GRI 3,3-3,Supplier social assessment,partial,,False,11,False,False,False,False
a1,OKQ82024,phase5,16,0,GRI 3,3-3,Training and education,partial,,False,11,False,False,False,False
a1,OKQ82024,phase5,17,0,GRI 3,3-3,Waste,partial,,False,11,False,False,False,False
a1,OKQ82024,phase5,18,0,GRI 3,3-3,Water and effluents,partial,,False,11,False,False,False,False
a1,OKQ82024,phase6,0,0,GRI 302: Energy 2016,302-2,Energy,omitted,no page pack: omitted,False,0,True,False,True,True
a1,OKQ82024,phase6,1,0,GRI 303: Water and Effluents 2018,303-1,Water and effluents,omitted,no page pack: omitted,False,0,True,False,True,True
a1,OKQ82024,phase6,2,0,GRI 303: Water and Effluents 2018,303-2,Water and effluents,omitted,no page pack: omitted,False,0,True,False,True,True
a1,OKQ82024,phase6,3,0,GRI 303: Water and Effluents 2018,303-3,Water and effluents,omitted,no page pack: omitted,False,0,True,False,True,True
a1,OKQ82024,phase6,4,0,GRI 303: Water and Effluents 2018,303-4,Water and effluents,omitted,no page pack: omitted,False,0,True,False,True,True
a1,OKQ82024,phase6,5,0,GRI 303: Water and Effluents 2018,303-5,Water and effluents,omitted,no page pack: omitted,False,0,True,False,True,True
a1,OKQ82024,phase6,6,0,GRI 304: Biodiversity 2016,304-1,Biodiversity,omitted,no page pack: omitted,False,0,True,False,True,True
a1,OKQ82024,phase6,7,0,GRI 304: Biodiversity 2016,304-4,Biodiversity,omitted,no page pack: omitted,False,0,True,False,True,True
a1,OKQ82024,phase6,8,0,GRI 305: Emissions 2016,305-7,Emissions,no_evidence,no page pack: page_list_no_matching_chunks; system limitation — human review required,True,0,False,False,True,True
a1,OKQ82024,phase6,9,0,GRI 401: Employment 2016,401-3,Employment,omitted,no page pack: omitted,False,0,True,False,True,True
a1,OKQ82024,phase6,10,0,GRI 404: Training and Education 2016,404-1,Training and education,omitted,no page pack: omitted,False,0,True,False,True,True
a1,OKQ82024,phase6,11,0,GRI 405: Diversity and Equal Opportunity 2016,405-2,Diversity and equal opportunity,omitted,no page pack: omitted,False,0,True,False,True,True
a1,OKQ82024,phase6,12,0,GRI 407: Freedom of Association and Collective Bargaining 2016,407-1,Freedom of association and collective bargaining,omitted,no page pack: omitted,False,0,True,False,True,True
a1,OKQ82024,phase6,13,0,GRI 409: Forced or Compulsory Labour 2016,409-1,Forced or compulsory labour,omitted,no page pack: omitted,False,0,True,False,True,True
a1,OKQ82024,phase6,14,0,GRI 414: Supplier Social Assessment 2016,414-1,Supplier social assessment,omitted,no page pack: omitted,False,0,True,False,True,True
a1,OKQ82024,phase6,15,0,GRI 205: Anti-corruption 2016,205-1,Anti-corruption,no_evidence,,False,2,False,False,False,False
a1,OKQ82024,phase6,16,0,GRI 205: Anti-corruption 2016,205-2,Anti-corruption,no_evidence,,False,5,False,False,False,False
a1,OKQ82024,phase6,17,0,GRI 205: Anti-corruption 2016,205-3,Anti-corruption,no_evidence,,False,4,False,False,False,False
a1,OKQ82024,phase6,18,0,GRI 206: Anti-competitive Behavior 2016,206-1,Anti-competitive behavior,no_evidence,,False,2,False,False,False,False
a1,OKQ82024,phase6,19,0,GRI 302: Energy 2016,302-1,Energy,partial,,False,13,False,False,False,False
a1,OKQ82024,phase6,20,0,GRI 302: Energy 2016,302-3,Energy,partial,,False,4,False,False,False,False
a1,OKQ82024,phase6,21,0,GRI 302: Energy 2016,302-4,Energy,no_evidence,,False,4,False,False,False,False
a1,OKQ82024,phase6,22,0,GRI 304: Biodiversity 2016,304-2,Biodiversity,no_evidence,,False,10,False,False,False,False
a1,OKQ82024,phase6,23,0,GRI 304: Biodiversity 2016,304-3,Biodiversity,no_evidence,,False,4,False,False,False,False
a1,OKQ82024,phase6,24,0,GRI 305: Emissions 2016,305-1,Emissions,partial,,False,9,False,False,False,False
a1,OKQ82024,phase6,25,0,GRI 305: Emissions 2016,305-2,Emissions,partial,,False,9,False,False,False,False
a1,OKQ82024,phase6,26,0,GRI 305: Emissions 2016,305-3,Emissions,partial,,False,9,False,False,False,False
a1,OKQ82024,phase6,27,0,GRI 305: Emissions 2016,305-4,Emissions,partial,,False,4,False,False,False,False
a1,OKQ82024,phase6,28,0,GRI 305: Emissions 2016,305-5,Emissions,partial,,False,5,False,False,False,False
a1,OKQ82024,phase6,29,0,GRI 306: Effluents and Waste 2016,306-3,Waste,partial,,False,7,False,False,False,False
a1,OKQ82024,phase6,30,0,GRI 306: Waste 2020,306-1,Waste,no_evidence,,False,6,False,False,False,False
a1,OKQ82024,phase6,31,0,GRI 306: Waste 2020,306-2,Waste,partial,,False,24,False,False,False,False
a1,OKQ82024,phase6,32,1,GRI 306: Waste 2020,306-3,Waste,partial,,False,7,False,False,False,False
a1,OKQ82024,phase6,33,0,GRI 306: Waste 2020,306-4,Waste,partial,,False,16,False,False,False,False
a1,OKQ82024,phase6,34,0,GRI 306: Waste 2020,306-5,Waste,no_evidence,,False,15,False,False,False,False
a1,OKQ82024,phase6,35,0,GRI 308: Supplier Environmental Assessment 2016,308-2,Supplier environmental assessment,no_evidence,,False,5,False,False,False,False
a1,OKQ82024,phase6,36,0,GRI 401: Employment 2016,401-1,Employment,no_evidence,,False,2,False,False,False,False
a1,OKQ82024,phase6,37,0,GRI 401: Employment 2016,401-2,Employment,no_evidence,,False,8,False,False,False,False
a1,OKQ82024,phase6,38,0,GRI 402: Labour/Management Relations 2016,402-1,Labour/management relations,partial,,False,2,False,False,False,False
a1,OKQ82024,phase6,39,0,GRI 403: Occupational Health and Safety 2018,403-1,Occupational health and safety,partial,,False,3,False,False,False,False
a1,OKQ82024,phase6,40,0,GRI 403: Occupational Health and Safety 2018,403-2,Occupational health and safety,partial,,False,5,False,False,False,False
a1,OKQ82024,phase6,41,0,GRI 403: Occupational Health and Safety 2018,403-3,Occupational health and safety,pass,,False,1,False,False,False,False
a1,OKQ82024,phase6,42,0,GRI 403: Occupational Health and Safety 2018,403-4,Occupational health and safety,partial,,False,2,False,False,False,False
a1,OKQ82024,phase6,43,0,GRI 403: Occupational Health and Safety 2018,403-5,Occupational health and safety,pass,,False,1,False,False,False,False
a1,OKQ82024,phase6,44,0,GRI 403: Occupational Health and Safety 2018,403-6,Occupational health and safety,partial,,False,2,False,False,False,False
a1,OKQ82024,phase6,45,0,GRI 403: Occupational Health and Safety 2018,403-7,Occupational health and safety,pass,,False,1,False,False,False,False
a1,OKQ82024,phase6,46,0,GRI 403: Occupational Health and Safety 2018,403-8,Occupational health and safety,no_evidence,,False,4,False,False,False,False
a1,OKQ82024,phase6,47,0,GRI 403: Occupational Health and Safety 2018,403-9,Occupational health and safety,partial,,False,16,False,False,False,False
a1,OKQ82024,phase6,48,0,GRI 403: Occupational Health and Safety 2018,403-10,Occupational health and safety,partial,,False,10,False,False,False,False
a1,OKQ82024,phase6,49,0,GRI 404: Training and Education 2016,404-2,Training and education,partial,,False,2,False,False,False,False
a1,OKQ82024,phase6,50,0,GRI 404: Training and Education 2016,404-3,Training and education,no_evidence,,False,1,False,False,False,False
a1,OKQ82024,phase6,51,0,GRI 405: Diversity and Equal Opportunity 2016,405-1,Diversity and equal opportunity,no_evidence,,False,6,False,False,False,False
a1,OKQ82024,phase6,52,0,GRI 406: Non-discrimination 2016,406-1,Non-discrimination,fail,,False,5,False,False,False,False
a1,OKQ82024,phase6,53,0,GRI 414: Supplier Social Assessment 2016,414-2,Supplier social assessment,no_evidence,,False,5,False,False,False,False
a1,OQ2023,phase3,0,0,GRI 2,2-1,,partial,,False,4,False,False,False,False
a1,OQ2023,phase3,1,0,GRI 2,2-2,,partial,,False,5,False,False,False,False
a1,OQ2023,phase3,2,0,GRI 2,2-3,,partial,,False,4,False,False,False,False
a1,OQ2023,phase3,3,0,GRI 2,2-4,,no_evidence,,False,2,False,False,False,False
a1,OQ2023,phase3,4,0,GRI 2,2-5,,partial,,False,4,False,False,False,False
a1,OQ2023,phase3,5,0,GRI 2,2-6,,partial,,False,6,False,False,False,False
a1,OQ2023,phase3,6,0,GRI 2,2-7,,partial,,False,10,False,False,False,False
a1,OQ2023,phase3,7,0,GRI 2,2-8,,no_evidence,,False,5,False,False,False,False
a1,OQ2023,phase3,8,0,GRI 2,2-9,,partial,,False,10,False,False,False,False
a1,OQ2023,phase3,9,0,GRI 2,2-10,,no_evidence,,False,5,False,False,False,False
a1,OQ2023,phase3,10,0,GRI 2,2-11,,partial,,False,2,False,False,False,False
a1,OQ2023,phase3,11,0,GRI 2,2-12,,partial,,False,4,False,False,False,False
a1,OQ2023,phase3,12,0,GRI 2,2-13,,partial,,False,3,False,False,False,False
a1,OQ2023,phase3,13,0,GRI 2,2-14,,pass,,False,2,False,False,False,False
a1,OQ2023,phase3,14,0,GRI 2,2-15,,no_evidence,,False,5,False,False,False,False
a1,OQ2023,phase3,15,0,GRI 2,2-16,,no_evidence,,False,2,False,False,False,False
a1,OQ2023,phase3,16,0,GRI 2,2-17,,no_evidence,,False,1,False,False,False,False
a1,OQ2023,phase3,17,0,GRI 2,2-18,,no_evidence,,False,3,False,False,False,False
a1,OQ2023,phase3,18,0,GRI 2,2-19,,no_evidence,,False,6,False,False,False,False
a1,OQ2023,phase3,19,0,GRI 2,2-20,,partial,,False,4,False,False,False,False
a1,OQ2023,phase3,20,0,GRI 2,2-21,,omitted,no page pack: omitted,False,0,True,False,True,True
a1,OQ2023,phase3,21,0,GRI 2,2-22,,no_evidence,,False,1,False,False,False,False
a1,OQ2023,phase3,22,0,GRI 2,2-23,,partial,,False,10,False,False,False,False
a1,OQ2023,phase3,23,0,GRI 2,2-24,,no_evidence,,False,4,False,False,False,False
a1,OQ2023,phase3,24,0,GRI 2,2-25,,partial,,False,5,False,False,False,False
a1,OQ2023,phase3,25,0,GRI 2,2-26,,partial,,False,2,False,False,False,False
a1,OQ2023,phase3,26,0,GRI 2,2-27,,no_evidence,,False,6,False,False,False,False
a1,OQ2023,phase3,27,0,GRI 2,2-28,,no_evidence,,False,1,False,False,False,False
a1,OQ2023,phase3,28,0,GRI 2,2-29,,partial,,False,3,False,False,False,False
a1,OQ2023,phase3,29,0,GRI 2,2-30,,omitted,no page pack: omitted,False,0,True,False,True,True
a1,OQ2023,phase5,0,0,GRI 3,3-1,,partial,,False,3,False,False,False,False
a1,OQ2023,phase5,1,0,GRI 3,3-2,,partial,,False,2,False,False,False,False
a1,OQ2023,phase5,2,0,GRI 3,3-3,"Agility, Innovation, & Digital Transformation",partial,,False,11,False,False,False,False
a1,OQ2023,phase5,3,0,GRI 3,3-3,Asset Integrity & Critical Incident Management,partial,,False,11,False,False,False,False
a1,OQ2023,phase5,4,0,GRI 3,3-3,Biodiversity,partial,,False,11,False,False,False,False
a1,OQ2023,phase5,5,0,GRI 3,3-3,Business Ethics & Anti-corruption,partial,,False,11,False,False,False,False
a1,OQ2023,phase5,6,1,GRI 3,3-3,Business Ethics & Anti-corruption,partial,,False,11,False,False,False,False
a1,OQ2023,phase5,7,0,GRI 3,3-3,Climate Change & Energy Transition,partial,,False,11,False,False,False,False
a1,OQ2023,phase5,8,1,GRI 3,3-3,Climate Change & Energy Transition,partial,,False,11,False,False,False,False
a1,OQ2023,phase5,9,0,GRI 3,3-3,Cybersecurity and Data Privacy,partial,,False,11,False,False,False,False
a1,OQ2023,phase5,10,0,GRI 3,3-3,"Diversity, Equity, and Inclusion",partial,,False,11,False,False,False,False
a1,OQ2023,phase5,11,0,GRI 3,3-3,Economic Impact,partial,,False,11,False,False,False,False
a1,OQ2023,phase5,12,1,GRI 3,3-3,Economic Impact,partial,,False,11,False,False,False,False
a1,OQ2023,phase5,13,2,GRI 3,3-3,Economic Impact,no_evidence,,False,11,False,False,False,False
a1,OQ2023,phase5,14,3,GRI 3,3-3,Economic Impact,no_evidence,,False,11,False,False,False,False
a1,OQ2023,phase5,15,0,GRI 3,3-3,Employment Practices & Development,partial,,False,11,False,False,False,False
a1,OQ2023,phase5,16,0,GRI 3,3-3,Government Relations & Tax,no_evidence,,False,11,False,False,False,False
a1,OQ2023,phase5,17,0,GRI 3,3-3,Human Right Protection & Labour Management,partial,,False,11,False,False,False,False
a1,OQ2023,phase5,18,0,GRI 3,3-3,Local Community & Social Investments,partial,,False,11,False,False,False,False
a1,OQ2023,phase5,19,0,GRI 3,3-3,Occupational Health and Safety,partial,,False,11,False,False,False,False
a1,OQ2023,phase5,20,0,GRI 3,3-3,Supply Chain Management & ICV,partial,,False,11,False,False,False,False
a1,OQ2023,phase5,21,0,GRI 3,3-3,Sustainable Finance,partial,,False,11,False,False,False,False
a1,OQ2023,phase5,22,0,GRI 3,3-3,Waste Management,partial,,False,11,False,False,False,False
a1,OQ2023,phase5,23,0,GRI 3,3-3,Water Management,partial,,False,11,False,False,False,False
a1,OQ2023,phase6,0,0,GRI 202: Market Presence 2016,202-1,Economic Impact,external_verification,no page pack: external_document_reference,False,0,False,True,True,True
a1,OQ2023,phase6,1,0,GRI 201: Economic Performance 2016,201-1,Economic Impact,no_evidence,,False,4,False,False,False,False
a1,OQ2023,phase6,2,0,GRI 201: Economic Performance 2016,201-2,Economic Impact,no_evidence,,False,5,False,False,False,False
a1,OQ2023,phase6,3,0,GRI 201: Economic Performance 2016,201-3,Economic Impact,no_evidence,,False,7,False,False,False,False
a1,OQ2023,phase6,4,0,GRI 201: Economic Performance 2016,201-4,Economic Impact,no_evidence,,False,10,False,False,False,False
a1,OQ2023,phase6,5,0,GRI 202: Market Presence 2016,202-2,Economic Impact,no_evidence,,False,4,False,False,False,False
a1,OQ2023,phase6,6,0,GRI 203: Indirect Economic Impacts 2016,203-1,Economic Impact,partial,,False,3,False,False,False,False
a1,OQ2023,phase6,7,0,GRI 203: Indirect Economic Impacts 2016,203-2,Economic Impact,no_evidence,,False,2,False,False,False,False
a1,OQ2023,phase6,8,0,GRI 204: Procurement Practices 2016,204-1,Economic Impact,no_evidence,,False,3,False,False,False,False
a1,OQ2023,phase6,9,0,GRI 205: Anti-corruption 2016,205-1,Business Ethics & Anti-corruption,no_evidence,,False,2,False,False,False,False
a1,OQ2023,phase6,10,0,GRI 205: Anti-corruption 2016,205-2,Business Ethics & Anti-corruption,no_evidence,,False,5,False,False,False,False
a1,OQ2023,phase6,11,0,GRI 205: Anti-corruption 2016,205-3,Business Ethics & Anti-corruption,pass,,False,4,False,False,False,False
a1,OQ2023,phase6,12,0,GRI 207: Tax 2019,207-1,Government Relations & Tax,no_evidence,,False,4,False,False,False,False
a1,OQ2023,phase6,13,0,GRI 207: Tax 2019,207-2,Government Relations & Tax,no_evidence,,False,6,False,False,False,False
a1,OQ2023,phase6,14,0,GRI 207: Tax 2019,207-3,Government Relations & Tax,no_evidence,,False,3,False,False,False,False
a1,OQ2023,phase6,15,0,GRI 302: Energy 2016,302-1,Climate Change & Energy Transition,partial,,False,13,False,False,False,False
a1,OQ2023,phase6,16,0,GRI 302: Energy 2016,302-2,Climate Change & Energy Transition,no_evidence,,False,3,False,False,False,False
a1,OQ2023,phase6,17,0,GRI 302: Energy 2016,302-3,Climate Change & Energy Transition,partial,,False,4,False,False,False,False
a1,OQ2023,phase6,18,0,GRI 305: Emissions 2016,305-1,Climate Change & Energy Transition,partial,,False,9,False,False,False,False
a1,OQ2023,phase6,19,0,GRI 305: Emissions 2016,305-2,Climate Change & Energy Transition,partial,,False,9,False,False,False,False
a1,OQ2023,phase6,20,0,GRI 303: Water and Effluents 2018,303-1,Water Management,partial,,False,4,False,False,False,False
a1,OQ2023,phase6,21,0,GRI 303: Water and Effluents 2018,303-2,Water Management,no_evidence,,False,4,False,False,False,False
a1,OQ2023,phase6,22,0,GRI 303: Water and Effluents 2018,303-3,Water Management,no_evidence,,False,13,False,False,False,False
a1,OQ2023,phase6,23,0,GRI 303: Water and Effluents 2018,303-4,Water Management,partial,,False,12,False,False,False,False
a1,OQ2023,phase6,24,0,GRI 303: Water and Effluents 2018,303-5,Water Management,partial,,False,4,False,False,False,False
a1,OQ2023,phase6,25,0,GRI 304: Biodiversity 2016,304-1,Biodiversity,no_evidence,,False,7,False,False,False,False
a1,OQ2023,phase6,26,0,GRI 304: Biodiversity 2016,304-2,Biodiversity,no_evidence,,False,10,False,False,False,False
a1,OQ2023,phase6,27,0,GRI 304: Biodiversity 2016,304-3,Biodiversity,no_evidence,,False,4,False,False,False,False
a1,OQ2023,phase6,28,0,GRI 306: Waste 2020,306-1,Waste Management,no_evidence,,False,6,False,False,False,False
a1,OQ2023,phase6,29,0,GRI 306: Waste 2020,306-2,Waste Management,no_evidence,,False,24,False,False,False,False
a1,OQ2023,phase6,30,0,GRI 306: Waste 2020,306-3,Waste Management,no_evidence,,False,7,False,False,False,False
a1,OQ2023,phase6,31,0,GRI 403: Occupational Health and Safety 2018,403-1,Occupational Health and Safety,partial,,False,3,False,False,False,False
a1,OQ2023,phase6,32,0,GRI 403: Occupational Health and Safety 2018,403-2,Occupational Health and Safety,partial,,False,5,False,False,False,False
a1,OQ2023,phase6,33,0,GRI 403: Occupational Health and Safety 2018,403-3,Occupational Health and Safety,no_evidence,,False,1,False,False,False,False
a1,OQ2023,phase6,34,0,GRI 403: Occupational Health and Safety 2018,403-4,Occupational Health and Safety,partial,,False,2,False,False,False,False
a1,OQ2023,phase6,35,0,GRI 403: Occupational Health and Safety 2018,403-5,Occupational Health and Safety,pass,,False,1,False,False,False,False
a1,OQ2023,phase6,36,0,GRI 403: Occupational Health and Safety 2018,403-6,Occupational Health and Safety,no_evidence,,False,2,False,False,False,False
a1,OQ2023,phase6,37,0,GRI 403: Occupational Health and Safety 2018,403-7,Occupational Health and Safety,pass,,False,1,False,False,False,False
a1,OQ2023,phase6,38,0,GRI 403: Occupational Health and Safety 2018,403-8,Occupational Health and Safety,no_evidence,,False,4,False,False,False,False
a1,OQ2023,phase6,39,0,GRI 403: Occupational Health and Safety 2018,403-9,Occupational Health and Safety,partial,,False,16,False,False,False,False
a1,OQ2023,phase6,40,0,GRI 403: Occupational Health and Safety 2018,403-10,Occupational Health and Safety,partial,,False,10,False,False,False,False
a1,OQ2023,phase6,41,0,GRI 405: Diversity and Equal Opportunity 2016,405-1,"Diversity, Equity, and Inclusion",no_evidence,,False,6,False,False,False,False
a1,OQ2023,phase6,42,0,GRI 405: Diversity and Equal Opportunity 2016,405-2,"Diversity, Equity, and Inclusion",no_evidence,,False,2,False,False,False,False
a1,OQ2023,phase6,43,0,GRI 404: Training and Education 2016,404-1,Employment Practices & Development,no_evidence,,False,2,False,False,False,False
a1,OQ2023,phase6,44,0,GRI 404: Training and Education 2016,404-2,Employment Practices & Development,partial,,False,2,False,False,False,False
a1,OQ2023,phase6,45,0,GRI 404: Training and Education 2016,404-3,Employment Practices & Development,no_evidence,,False,1,False,False,False,False
a1,OQ2023,phase6,46,0,GRI 413: Local Communities 2016,413-1,Local Community & Social Investments,no_evidence,,False,8,False,False,False,False
a1,OQ2023,phase6,47,0,GRI 413: Local Communities 2016,413-2,Local Community & Social Investments,no_evidence,,False,2,False,False,False,False
a2,Bangchak2024,phase3,0,0,GRI 2,2-1,,partial,,False,4,False,False,False,False
a2,Bangchak2024,phase3,1,0,GRI 2,2-2,,partial,,False,5,False,False,False,False
a2,Bangchak2024,phase3,2,0,GRI 2,2-3,,partial,,False,4,False,False,False,False
a2,Bangchak2024,phase3,3,0,GRI 2,2-4,,pass,,False,2,False,False,False,False
a2,Bangchak2024,phase3,4,0,GRI 2,2-5,,no_evidence,no page pack: page_list_no_matching_chunks; system limitation — human review required,True,0,False,False,True,True
a2,Bangchak2024,phase3,5,0,GRI 2,2-6,,external_verification,no page pack: external_document_reference,False,0,False,True,True,True
a2,Bangchak2024,phase3,6,0,GRI 2,2-7,,no_evidence,no page pack: page_list_no_matching_chunks; system limitation — human review required,True,0,False,False,True,True
a2,Bangchak2024,phase3,7,0,GRI 2,2-8,,no_evidence,no page pack: page_list_no_matching_chunks; system limitation — human review required,True,0,False,False,True,True
a2,Bangchak2024,phase3,8,0,GRI 2,2-9,,external_verification,no page pack: external_document_reference,False,0,False,True,True,True
a2,Bangchak2024,phase3,9,0,GRI 2,2-10,,external_verification,no page pack: external_document_reference,False,0,False,True,True,True
a2,Bangchak2024,phase3,10,0,GRI 2,2-11,,external_verification,no page pack: external_document_reference,False,0,False,True,True,True
a2,Bangchak2024,phase3,11,0,GRI 2,2-12,,partial,,False,4,False,False,False,False
a2,Bangchak2024,phase3,12,0,GRI 2,2-13,,pass,,False,3,False,False,False,False
a2,Bangchak2024,phase3,13,0,GRI 2,2-14,,no_evidence,,False,2,False,False,False,False
a2,Bangchak2024,phase3,14,0,GRI 2,2-15,,external_verification,no page pack: external_document_reference,False,0,False,True,True,True
a2,Bangchak2024,phase3,15,0,GRI 2,2-16,,partial,,False,2,False,False,False,False
a2,Bangchak2024,phase3,16,0,GRI 2,2-17,,external_verification,no page pack: external_document_reference,False,0,False,True,True,True
a2,Bangchak2024,phase3,17,0,GRI 2,2-18,,external_verification,no page pack: external_document_reference,False,0,False,True,True,True
a2,Bangchak2024,phase3,18,0,GRI 2,2-19,,external_verification,no page pack: external_document_reference,False,0,False,True,True,True
a2,Bangchak2024,phase3,19,0,GRI 2,2-20,,external_verification,no page pack: external_document_reference,False,0,False,True,True,True
a2,Bangchak2024,phase3,20,0,GRI 2,2-21,,omitted,no page pack: omitted,False,0,True,False,True,True
a2,Bangchak2024,phase3,21,0,GRI 2,2-22,,pass,,False,1,False,False,False,False
a2,Bangchak2024,phase3,22,0,GRI 2,2-23,,partial,,False,10,False,False,False,False
a2,Bangchak2024,phase3,23,0,GRI 2,2-24,,partial,,False,4,False,False,False,False
a2,Bangchak2024,phase3,24,0,GRI 2,2-25,,no_evidence,no page pack: page_list_no_matching_chunks; system limitation — human review required,True,0,False,False,True,True
a2,Bangchak2024,phase3,25,0,GRI 2,2-26,,no_evidence,,False,2,False,False,False,False
a2,Bangchak2024,phase3,26,0,GRI 2,2-27,,no_evidence,,False,6,False,False,False,False
a2,Bangchak2024,phase3,27,0,GRI 2,2-28,,no_evidence,,False,1,False,False,False,False
a2,Bangchak2024,phase3,28,0,GRI 2,2-29,,pass,,False,3,False,False,False,False
a2,Bangchak2024,phase3,29,0,GRI 2,2-30,,no_evidence,,False,2,False,False,False,False
a2,Bangchak2024,phase5,0,0,GRI 3,3-1,,partial,,False,3,False,False,False,False
a2,Bangchak2024,phase5,1,0,GRI 3,3-2,,pass,,False,2,False,False,False,False
a2,Bangchak2024,phase5,2,0,GRI 3,3-3,Air emissions,partial,,False,11,False,False,False,False
a2,Bangchak2024,phase5,3,0,GRI 3,3-3,Anti-corruption & Anti-competitive behavior,partial,,False,11,False,False,False,False
a2,Bangchak2024,phase5,4,0,GRI 3,3-3,Asset integrity and critical incident management,partial,,False,11,False,False,False,False
a2,Bangchak2024,phase5,5,0,GRI 3,3-3,Biodiversity,partial,,False,11,False,False,False,False
a2,Bangchak2024,phase5,6,0,GRI 3,3-3,Conflict and security,no_evidence,,False,11,False,False,False,False
a2,Bangchak2024,phase5,7,0,GRI 3,3-3,Economic impacts,partial,,False,11,False,False,False,False
a2,Bangchak2024,phase5,8,0,GRI 3,3-3,Employment Practices,partial,,False,11,False,False,False,False
a2,Bangchak2024,phase5,9,0,GRI 3,3-3,Energy Accessibility & Security,partial,,False,11,False,False,False,False
a2,Bangchak2024,phase5,10,0,GRI 3,3-3,Forced labor and modern slavery,partial,,False,11,False,False,False,False
a2,Bangchak2024,phase5,11,0,GRI 3,3-3,Freedom of association and collective bargaining,no_evidence,,False,11,False,False,False,False
a2,Bangchak2024,phase5,12,0,GRI 3,3-3,"GHG Emissions & Climate adaptation, resilience, and transition",partial,,False,11,False,False,False,False
a2,Bangchak2024,phase5,13,0,GRI 3,3-3,Information technology and cybersecurity,partial,,False,11,False,False,False,False
a2,Bangchak2024,phase5,14,0,GRI 3,3-3,Land and Resource Rights,partial,,False,11,False,False,False,False
a2,Bangchak2024,phase5,15,0,GRI 3,3-3,Local communities,partial,,False,11,False,False,False,False
a2,Bangchak2024,phase5,16,0,GRI 3,3-3,Non-discrimination and equal opportunity,partial,,False,11,False,False,False,False
a2,Bangchak2024,phase5,17,0,GRI 3,3-3,Occupational health and safety,partial,,False,11,False,False,False,False
a2,Bangchak2024,phase5,18,0,GRI 3,3-3,Payments to governments,partial,,False,11,False,False,False,False
a2,Bangchak2024,phase5,19,0,GRI 3,3-3,Product and service quality & customer relationship,partial,,False,11,False,False,False,False
a2,Bangchak2024,phase5,20,0,GRI 3,3-3,Public policy,external_verification,no page pack: external_document_reference,False,0,False,True,True,True
a2,Bangchak2024,phase5,21,0,GRI 3,3-3,Rights of indigenous peoples,partial,,False,11,False,False,False,False
a2,Bangchak2024,phase5,22,0,GRI 3,3-3,Supplier chain management,partial,,False,11,False,False,False,False
a2,Bangchak2024,phase5,23,0,GRI 3,3-3,Waste,partial,,False,11,False,False,False,False
a2,Bangchak2024,phase5,24,0,GRI 3,3-3,Water and effluents,partial,,False,11,False,False,False,False
a2,Bangchak2024,phase6,0,0,GRI 202: Market Presence 2016,202-2,Economic impacts,no_evidence,no page pack: page_list_no_matching_chunks; system limitation — human review required,True,0,False,False,True,True
a2,Bangchak2024,phase6,1,0,GRI 206: Anti-competitive Behavior 2016,206-1,Anti-corruption & Anti-competitive behavior,external_verification,no page pack: external_document_reference,False,0,False,True,True,True
a2,Bangchak2024,phase6,2,0,GRI 205: Anti-corruption 2016,,Anti-corruption & Anti-competitive behavior,fail,GCI row has missing/blank disclosure_id — cannot judge,False,0,False,False,False,True
a2,Bangchak2024,phase6,3,1,GRI 205: Anti-corruption 2016,,Anti-corruption & Anti-competitive behavior,fail,GCI row has missing/blank disclosure_id — cannot judge,False,0,False,False,False,True
a2,Bangchak2024,phase6,4,0,GRI 201: Economic Performance 2016,201-4,Payments to governments,external_verification,no page pack: external_document_reference,False,0,False,True,True,True
a2,Bangchak2024,phase6,5,0,,,Information technology and cybersecurity,fail,GCI row has missing/blank disclosure_id — cannot judge,False,0,False,False,False,True
a2,Bangchak2024,phase6,6,0,GRI 302: Energy 2016,302-2,"GHG Emissions & Climate adaptation, resilience, and transition",omitted,no page pack: omitted,False,0,True,False,True,True
a2,Bangchak2024,phase6,7,0,,,"GHG Emissions & Climate adaptation, resilience, and transition",fail,GCI row has missing/blank disclosure_id — cannot judge,False,0,False,False,False,True
a2,Bangchak2024,phase6,8,0,,,Air emissions,fail,GCI row has missing/blank disclosure_id — cannot judge,False,0,False,False,False,True
a2,Bangchak2024,phase6,9,0,GRI 304: Biodiversity 2016,304-1,Biodiversity,omitted,no page pack: omitted,False,0,True,False,True,True
a2,Bangchak2024,phase6,10,0,GRI 306: Effluents and Waste 2016,,Asset integrity and critical incident management,fail,GCI row has missing/blank disclosure_id — cannot judge,False,0,False,False,False,True
a2,Bangchak2024,phase6,11,0,,,Occupational health and safety,fail,GCI row has missing/blank disclosure_id — cannot judge,False,0,False,False,False,True
a2,Bangchak2024,phase6,12,0,GRI 202: Market Presence 2016,202-2,Non-discrimination and equal opportunity,no_evidence,no page pack: page_list_no_matching_chunks; system limitation — human review required,True,0,False,False,True,True
a2,Bangchak2024,phase6,13,0,GRI 405: Diversity and Equal Opportunity 2016,405-2,Non-discrimination and equal opportunity,no_evidence,no page pack: page_list_no_matching_chunks; system limitation — human review required,True,0,False,False,True,True
a2,Bangchak2024,phase6,14,0,,,Local communities,fail,GCI row has missing/blank disclosure_id — cannot judge,False,0,False,False,False,True
a2,Bangchak2024,phase6,15,0,GRI 412: Human Rights Assessment 2016,,Land and Resource Rights,fail,GCI row has missing/blank disclosure_id — cannot judge,False,0,False,False,False,True
a2,Bangchak2024,phase6,16,0,GRI 411: Rights of Indigenous Peoples 2016,,Rights of indigenous peoples,fail,GCI row has missing/blank disclosure_id — cannot judge,False,0,False,False,False,True
a2,Bangchak2024,phase6,17,1,GRI 411: Rights of Indigenous Peoples 2016,,Rights of indigenous peoples,fail,GCI row has missing/blank disclosure_id — cannot judge,False,0,False,False,False,True
a2,Bangchak2024,phase6,18,0,GRI 415: Public Policy 2016,415-1,Public policy,external_verification,no page pack: external_document_reference,False,0,False,True,True,True
a2,Bangchak2024,phase6,19,0,GRI 201: Economic Performance 2016,201-1,Economic impacts,no_evidence,,False,4,False,False,False,False
a2,Bangchak2024,phase6,20,0,GRI 201: Economic Performance 2016,201-1,Payments to governments,no_evidence,,False,4,False,False,False,False
a2,Bangchak2024,phase6,21,0,GRI 203: Indirect Economic Impacts 2016,203-1,Economic impacts,partial,,False,3,False,False,False,False
a2,Bangchak2024,phase6,22,0,GRI 203: Indirect Economic Impacts 2016,203-2,Economic impacts,partial,,False,2,False,False,False,False
a2,Bangchak2024,phase6,23,0,GRI 204: Procurement Practices 2016,204-1,Economic impacts,no_evidence,,False,3,False,False,False,False
a2,Bangchak2024,phase6,24,0,GRI 205: Anti-corruption 2016,205-1,Anti-corruption & Anti-competitive behavior,partial,,False,2,False,False,False,False
a2,Bangchak2024,phase6,25,0,GRI 205: Anti-corruption 2016,205-2,Anti-corruption & Anti-competitive behavior,no_evidence,,False,5,False,False,False,False
a2,Bangchak2024,phase6,26,0,GRI 205: Anti-corruption 2016,205-3,Anti-corruption & Anti-competitive behavior,partial,,False,4,False,False,False,False
a2,Bangchak2024,phase6,27,0,GRI 207: Tax 2019,207-1,Payments to governments,partial,,False,4,False,False,False,False
a2,Bangchak2024,phase6,28,0,GRI 207: Tax 2019,207-2,Payments to governments,partial,,False,6,False,False,False,False
a2,Bangchak2024,phase6,29,0,GRI 207: Tax 2019,207-3,Payments to governments,partial,,False,3,False,False,False,False
a2,Bangchak2024,phase6,30,0,GRI 207: Tax 2019,207-4,Payments to governments,no_evidence,,False,12,False,False,False,False
a2,Bangchak2024,phase6,31,0,GRI 308: Supplier Environmental Assessment 2016,308-1,Supplier chain management,no_evidence,,False,1,False,False,False,False
a2,Bangchak2024,phase6,32,0,GRI 308: Supplier Environmental Assessment 2016,308-2,Supplier chain management,partial,,False,5,False,False,False,False
a2,Bangchak2024,phase6,33,0,GRI 414: Supplier Social Assessment 2016,414-1,Supplier chain management,no_evidence,,False,1,False,False,False,False
a2,Bangchak2024,phase6,34,0,GRI 414: Supplier Social Assessment 2016,414-2,Supplier chain management,partial,,False,5,False,False,False,False
a2,Bangchak2024,phase6,35,0,GRI 416: Customer Health and Safety 2016,416-1,Product and service quality & customer relationship,no_evidence,,False,1,False,False,False,False
a2,Bangchak2024,phase6,36,0,GRI 417: Marketing and Labeling 2016,417-3,Product and service quality & customer relationship,no_evidence,,False,4,False,False,False,False
a2,Bangchak2024,phase6,37,0,GRI 201: Economic Performance 2016,201-2,"GHG Emissions & Climate adaptation, resilience, and transition",partial,,False,5,False,False,False,False
a2,Bangchak2024,phase6,38,0,GRI 302: Energy 2016,302-1,"GHG Emissions & Climate adaptation, resilience, and transition",partial,,False,13,False,False,False,False
a2,Bangchak2024,phase6,39,0,GRI 302: Energy 2016,302-3,"GHG Emissions & Climate adaptation, resilience, and transition",no_evidence,,False,4,False,False,False,False
a2,Bangchak2024,phase6,40,0,GRI 302: Energy 2016,302-4,"GHG Emissions & Climate adaptation, resilience, and transition",partial,,False,4,False,False,False,False
a2,Bangchak2024,phase6,41,0,GRI 305: Emissions 2016,305-1,"GHG Emissions & Climate adaptation, resilience, and transition",no_evidence,,False,9,False,False,False,False
a2,Bangchak2024,phase6,42,0,GRI 305: Emissions 2016,305-2,"GHG Emissions & Climate adaptation, resilience, and transition",no_evidence,,False,9,False,False,False,False
a2,Bangchak2024,phase6,43,0,GRI 305: Emissions 2016,305-3,"GHG Emissions & Climate adaptation, resilience, and transition",partial,,False,9,False,False,False,False
a2,Bangchak2024,phase6,44,0,GRI 305: Emissions 2016,305-4,"GHG Emissions & Climate adaptation, resilience, and transition",no_evidence,,False,4,False,False,False,False
a2,Bangchak2024,phase6,45,0,GRI 305: Emissions 2016,305-5,"GHG Emissions & Climate adaptation, resilience, and transition",no_evidence,,False,5,False,False,False,False
a2,Bangchak2024,phase6,46,0,GRI 305: Emissions 2016,305-7,Air emissions,partial,,False,7,False,False,False,False
a2,Bangchak2024,phase6,47,0,GRI 304: Biodiversity 2016,304-2,Biodiversity,no_evidence,,False,10,False,False,False,False
a2,Bangchak2024,phase6,48,0,GRI 304: Biodiversity 2016,304-3,Biodiversity,no_evidence,,False,4,False,False,False,False
a2,Bangchak2024,phase6,49,0,GRI 304: Biodiversity 2016,304-4,Biodiversity,no_evidence,,False,5,False,False,False,False
a2,Bangchak2024,phase6,50,0,GRI 306: Waste 2020,306-1,Waste,no_evidence,,False,6,False,False,False,False
a2,Bangchak2024,phase6,51,0,GRI 306: Waste 2020,306-2,Waste,partial,,False,24,False,False,False,False
a2,Bangchak2024,phase6,52,0,GRI 306: Waste 2020,306-3,Waste,no_evidence,,False,7,False,False,False,False
a2,Bangchak2024,phase6,53,0,GRI 306: Waste 2020,306-4,Waste,partial,,False,16,False,False,False,False
a2,Bangchak2024,phase6,54,0,GRI 306: Waste 2020,306-5,Waste,partial,,False,15,False,False,False,False
a2,Bangchak2024,phase6,55,0,GRI 303: Water and Effluents 2018,303-1,Water and effluents,partial,,False,4,False,False,False,False
a2,Bangchak2024,phase6,56,0,GRI 303: Water and Effluents 2018,303-2,Water and effluents,no_evidence,,False,4,False,False,False,False
a2,Bangchak2024,phase6,57,0,GRI 303: Water and Effluents 2018,303-3,Water and effluents,no_evidence,,False,13,False,False,False,False
a2,Bangchak2024,phase6,58,0,GRI 303: Water and Effluents 2018,303-4,Water and effluents,no_evidence,,False,12,False,False,False,False
a2,Bangchak2024,phase6,59,0,GRI 303: Water and Effluents 2018,303-5,Water and effluents,no_evidence,,False,4,False,False,False,False
a2,Bangchak2024,phase6,60,0,GRI 306: Effluents and Waste 2016,306-3,Asset integrity and critical incident management,no_evidence,,False,7,False,False,False,False
a2,Bangchak2024,phase6,61,0,GRI 403: Occupational Health and Safety 2018,403-1,Occupational health and safety,pass,,False,3,False,False,False,False
a2,Bangchak2024,phase6,62,0,GRI 403: Occupational Health and Safety 2018,403-2,Occupational health and safety,partial,,False,5,False,False,False,False
a2,Bangchak2024,phase6,63,0,GRI 403: Occupational Health and Safety 2018,403-3,Occupational health and safety,partial,,False,1,False,False,False,False
a2,Bangchak2024,phase6,64,0,GRI 403: Occupational Health and Safety 2018,403-4,Occupational health and safety,pass,,False,2,False,False,False,False
a2,Bangchak2024,phase6,65,0,GRI 403: Occupational Health and Safety 2018,403-5,Occupational health and safety,pass,,False,1,False,False,False,False
a2,Bangchak2024,phase6,66,0,GRI 403: Occupational Health and Safety 2018,403-6,Occupational health and safety,pass,,False,2,False,False,False,False
a2,Bangchak2024,phase6,67,0,GRI 403: Occupational Health and Safety 2018,403-7,Occupational health and safety,pass,,False,1,False,False,False,False
a2,Bangchak2024,phase6,68,0,GRI 403: Occupational Health and Safety 2018,403-8,Occupational health and safety,partial,,False,4,False,False,False,False
a2,Bangchak2024,phase6,69,0,GRI 403: Occupational Health and Safety 2018,403-9,Occupational health and safety,no_evidence,,False,16,False,False,False,False
a2,Bangchak2024,phase6,70,0,GRI 403: Occupational Health and Safety 2018,403-10,Occupational health and safety,no_evidence,,False,10,False,False,False,False
a2,Bangchak2024,phase6,71,0,GRI 401: Employment 2016,401-1,Employment Practices,no_evidence,,False,2,False,False,False,False
a2,Bangchak2024,phase6,72,0,GRI 401: Employment 2016,401-2,Employment Practices,partial,,False,8,False,False,False,False
a2,Bangchak2024,phase6,73,0,GRI 401: Employment 2016,401-3,Employment Practices,no_evidence,,False,5,False,False,False,False
a2,Bangchak2024,phase6,74,0,GRI 402: Labor/Management Relations 2016,402-1,Employment Practices,partial,,False,2,False,False,False,False
a2,Bangchak2024,phase6,75,0,GRI 404: Training and Education 2016,404-1,Employment Practices,no_evidence,,False,2,False,False,False,False
a2,Bangchak2024,phase6,76,0,GRI 404: Training and Education 2016,404-2,Employment Practices,partial,,False,2,False,False,False,False
a2,Bangchak2024,phase6,77,0,GRI 404: Training and Education 2016,404-3,Employment Practices,no_evidence,,False,1,False,False,False,False
a2,Bangchak2024,phase6,78,0,GRI 405: Diversity and Equal Opportunity 2016,405-1,Non-discrimination and equal opportunity,no_evidence,,False,6,False,False,False,False
a2,Bangchak2024,phase6,79,0,GRI 406: Non-discrimination 2016,406-1,Non-discrimination and equal opportunity,partial,,False,5,False,False,False,False
a2,Bangchak2024,phase6,80,0,GRI 409: Forced or Compulsory Labor 2016,409-1,Forced labor and modern slavery,partial,,False,3,False,False,False,False
a2,Bangchak2024,phase6,81,0,GRI 407: Freedom of Association and Collective Bargaining 2016,407-1,Freedom of association and collective bargaining,partial,,False,3,False,False,False,False
a2,Bangchak2024,phase6,82,0,GRI 413: Local Communities 2016,413-1,Local communities,no_evidence,,False,8,False,False,False,False
a2,Bangchak2024,phase6,83,0,GRI 413: Local Communities 2016,413-2,Local communities,pass,,False,2,False,False,False,False
a2,Bangchak2024,phase6,84,0,GRI 411: Rights of Indigenous Peoples 2016,411-1,Rights of indigenous peoples,partial,,False,5,False,False,False,False
a2,Bangchak2024,phase6,85,0,GRI 410: Security Practices 2016,410-1,Conflict and security,partial,,False,2,False,False,False,False
a2,Bangchak2025,phase3,0,0,GRI 2,2-1,,partial,,False,4,False,False,False,False
a2,Bangchak2025,phase3,1,0,GRI 2,2-2,,partial,,False,5,False,False,False,False
a2,Bangchak2025,phase3,2,0,GRI 2,2-3,,partial,,False,4,False,False,False,False
a2,Bangchak2025,phase3,3,0,GRI 2,2-4,,pass,,False,2,False,False,False,False
a2,Bangchak2025,phase3,4,0,GRI 2,2-5,,partial,,False,4,False,False,False,False
a2,Bangchak2025,phase3,5,0,GRI 2,2-6,,external_verification,no page pack: external_document_reference,False,0,False,True,True,True
a2,Bangchak2025,phase3,6,0,GRI 2,2-7,,no_evidence,no page pack: page_list_no_matching_chunks; system limitation — human review required,True,0,False,False,True,True
a2,Bangchak2025,phase3,7,0,GRI 2,2-8,,partial,,False,5,False,False,False,False
a2,Bangchak2025,phase3,8,0,GRI 2,2-9,,external_verification,no page pack: external_document_reference,False,0,False,True,True,True
a2,Bangchak2025,phase3,9,0,GRI 2,2-10,,external_verification,no page pack: external_document_reference,False,0,False,True,True,True
a2,Bangchak2025,phase3,10,0,GRI 2,2-11,,external_verification,no page pack: external_document_reference,False,0,False,True,True,True
a2,Bangchak2025,phase3,11,0,GRI 2,2-12,,partial,,False,4,False,False,False,False
a2,Bangchak2025,phase3,12,0,GRI 2,2-13,,pass,,False,3,False,False,False,False
a2,Bangchak2025,phase3,13,0,GRI 2,2-14,,no_evidence,,False,2,False,False,False,False
a2,Bangchak2025,phase3,14,0,GRI 2,2-15,,external_verification,no page pack: external_document_reference,False,0,False,True,True,True
a2,Bangchak2025,phase3,15,0,GRI 2,2-16,,no_evidence,,False,2,False,False,False,False
a2,Bangchak2025,phase3,16,0,GRI 2,2-17,,external_verification,no page pack: external_document_reference,False,0,False,True,True,True
a2,Bangchak2025,phase3,17,0,GRI 2,2-18,,external_verification,no page pack: external_document_reference,False,0,False,True,True,True
a2,Bangchak2025,phase3,18,0,GRI 2,2-19,,external_verification,no page pack: external_document_reference,False,0,False,True,True,True
a2,Bangchak2025,phase3,19,0,GRI 2,2-20,,external_verification,no page pack: external_document_reference,False,0,False,True,True,True
a2,Bangchak2025,phase3,20,0,GRI 2,2-21,,omitted,no page pack: omitted,False,0,True,False,True,True
a2,Bangchak2025,phase3,21,0,GRI 2,2-22,,pass,,False,1,False,False,False,False
a2,Bangchak2025,phase3,22,0,GRI 2,2-23,,partial,,False,10,False,False,False,False
a2,Bangchak2025,phase3,23,0,GRI 2,2-24,,partial,,False,4,False,False,False,False
a2,Bangchak2025,phase3,24,0,GRI 2,2-25,,no_evidence,,False,5,False,False,False,False
a2,Bangchak2025,phase3,25,0,GRI 2,2-26,,no_evidence,,False,2,False,False,False,False
a2,Bangchak2025,phase3,26,0,GRI 2,2-27,,no_evidence,,False,6,False,False,False,False
a2,Bangchak2025,phase3,27,0,GRI 2,2-28,,no_evidence,,False,1,False,False,False,False
a2,Bangchak2025,phase3,28,0,GRI 2,2-29,,pass,,False,3,False,False,False,False
a2,Bangchak2025,phase3,29,0,GRI 2,2-30,,pass,,False,2,False,False,False,False
a2,Bangchak2025,phase5,0,0,GRI 3,3-1,,partial,,False,3,False,False,False,False
a2,Bangchak2025,phase5,1,0,GRI 3,3-2,,pass,,False,2,False,False,False,False
a2,Bangchak2025,phase5,2,0,GRI 3,3-3,Air emissions,partial,,False,11,False,False,False,False
a2,Bangchak2025,phase5,3,0,GRI 3,3-3,Anti-corruption & Anti-competitive behavior,partial,,False,11,False,False,False,False
a2,Bangchak2025,phase5,4,0,GRI 3,3-3,Asset integrity and critical incident management,partial,,False,11,False,False,False,False
a2,Bangchak2025,phase5,5,0,GRI 3,3-3,Biodiversity,partial,,False,11,False,False,False,False
a2,Bangchak2025,phase5,6,0,GRI 3,3-3,Conflict and security,no_evidence,,False,11,False,False,False,False
a2,Bangchak2025,phase5,7,0,GRI 3,3-3,Economic impacts,partial,,False,11,False,False,False,False
a2,Bangchak2025,phase5,8,0,GRI 3,3-3,Employment Practices,partial,,False,11,False,False,False,False
a2,Bangchak2025,phase5,9,0,GRI 3,3-3,Forced labor and modern slavery,partial,,False,11,False,False,False,False
a2,Bangchak2025,phase5,10,0,GRI 3,3-3,Freedom of association and collective bargaining,partial,,False,11,False,False,False,False
a2,Bangchak2025,phase5,11,0,GRI 3,3-3,"GHG Emissions & Climate adaptation, resilience, and transition",partial,,False,11,False,False,False,False
a2,Bangchak2025,phase5,12,0,GRI 3,3-3,Information technology and cybersecurity,partial,,False,11,False,False,False,False
a2,Bangchak2025,phase5,13,0,GRI 3,3-3,Land and Resouce Rights,partial,,False,11,False,False,False,False
a2,Bangchak2025,phase5,14,0,GRI 3,3-3,Local communities,partial,,False,11,False,False,False,False
a2,Bangchak2025,phase5,15,0,GRI 3,3-3,Non-discrimination and equal opportunity,partial,,False,11,False,False,False,False
a2,Bangchak2025,phase5,16,0,GRI 3,3-3,Occupational health and safety,partial,,False,11,False,False,False,False
a2,Bangchak2025,phase5,17,0,GRI 3,3-3,Payments to governments,partial,,False,11,False,False,False,False
a2,Bangchak2025,phase5,18,0,GRI 3,3-3,Product and service quality & customer relationship,partial,,False,11,False,False,False,False
a2,Bangchak2025,phase5,19,0,GRI 3,3-3,Public policy,external_verification,no page pack: external_document_reference,False,0,False,True,True,True
a2,Bangchak2025,phase5,20,0,GRI 3,3-3,Rights of indigenous peoples,partial,,False,11,False,False,False,False
a2,Bangchak2025,phase5,21,0,GRI 3,3-3,Supplier chain management,partial,,False,11,False,False,False,False
a2,Bangchak2025,phase5,22,0,GRI 3,3-3,Waste,partial,,False,11,False,False,False,False
a2,Bangchak2025,phase5,23,0,GRI 3,3-3,Water and effluents,partial,,False,11,False,False,False,False
a2,Bangchak2025,phase6,0,0,GRI 202: Market Presence 2016,202-2,Economic impacts,no_evidence,no page pack: page_list_no_matching_chunks; system limitation — human review required,True,0,False,False,True,True
a2,Bangchak2025,phase6,1,0,GRI 206: Anti-competitive Behavior 2016,206-1,Anti-corruption & Anti-competitive behavior,external_verification,no page pack: external_document_reference,False,0,False,True,True,True
a2,Bangchak2025,phase6,2,0,GRI 201: Economic Performance 2016,201-4,Payments to governments,external_verification,no page pack: external_document_reference,False,0,False,True,True,True
a2,Bangchak2025,phase6,3,0,GRI 302: Energy 2016,302-2,"GHG Emissions & Climate adaptation, resilience, and transition",omitted,no page pack: omitted,False,0,True,False,True,True
a2,Bangchak2025,phase6,4,0,GRI 304: Biodiversity 2016,304-1,Biodiversity,omitted,no page pack: omitted,False,0,True,False,True,True
a2,Bangchak2025,phase6,5,0,GRI 304: Biodiversity 2016,304-3,Biodiversity,external_verification,no page pack: external_document_reference,False,0,False,True,True,True
a2,Bangchak2025,phase6,6,0,GRI 304: Biodiversity 2016,304-4,Biodiversity,external_verification,no page pack: external_document_reference,False,0,False,True,True,True
a2,Bangchak2025,phase6,7,0,GRI 306: Waste 2020,306-3,Waste,no_evidence,no page pack: page_list_no_matching_chunks; system limitation — human review required,True,0,False,False,True,True
a2,Bangchak2025,phase6,8,0,GRI 303: Water and Effluents 2018,303-3,Water and effluents,no_evidence,no page pack: page_list_no_matching_chunks; system limitation — human review required,True,0,False,False,True,True
a2,Bangchak2025,phase6,9,0,GRI 303: Water and Effluents 2018,303-4,Water and effluents,no_evidence,no page pack: page_list_no_matching_chunks; system limitation — human review required,True,0,False,False,True,True
a2,Bangchak2025,phase6,10,0,GRI 401: Employment 2016,401-1,Employment Practices,no_evidence,no page pack: page_list_no_matching_chunks; system limitation — human review required,True,0,False,False,True,True
a2,Bangchak2025,phase6,11,0,GRI 401: Employment 2016,401-3,Employment Practices,no_evidence,no page pack: page_list_no_matching_chunks; system limitation — human review required,True,0,False,False,True,True
a2,Bangchak2025,phase6,12,0,GRI 404: Training and Education 2016,404-1,Employment Practices,no_evidence,no page pack: page_list_no_matching_chunks; system limitation — human review required,True,0,False,False,True,True
a2,Bangchak2025,phase6,13,0,GRI 202: Market Presence 2016,202-2,Non-discrimination and equal opportunity,no_evidence,no page pack: page_list_no_matching_chunks; system limitation — human review required,True,0,False,False,True,True
a2,Bangchak2025,phase6,14,0,GRI 405: Diversity and Equal Opportunity 2016,405-1,Non-discrimination and equal opportunity,no_evidence,no page pack: page_list_no_matching_chunks; system limitation — human review required,True,0,False,False,True,True
a2,Bangchak2025,phase6,15,0,GRI 405: Diversity and Equal Opportunity 2016,405-2,Non-discrimination and equal opportunity,no_evidence,no page pack: page_list_no_matching_chunks; system limitation — human review required,True,0,False,False,True,True
a2,Bangchak2025,phase6,16,0,GRI 415: Public Policy 2016,415-1,Public policy,external_verification,no page pack: external_document_reference,False,0,False,True,True,True
a2,Bangchak2025,phase6,17,0,GRI 201: Economic Performance 2016,201-1,Economic impacts,no_evidence,,False,4,False,False,False,False
a2,Bangchak2025,phase6,18,0,GRI 201: Economic Performance 2016,201-1,Payments to governments,no_evidence,,False,4,False,False,False,False
a2,Bangchak2025,phase6,19,0,GRI 203: Indirect Economic Impacts 2016,203-1,Economic impacts,no_evidence,,False,3,False,False,False,False
a2,Bangchak2025,phase6,20,0,GRI 203: Indirect Economic Impacts 2016,203-2,Economic impacts,partial,,False,2,False,False,False,False
a2,Bangchak2025,phase6,21,0,GRI 204: Procurement Practices 2016,204-1,Economic impacts,no_evidence,,False,3,False,False,False,False
a2,Bangchak2025,phase6,22,0,GRI 205: Anti-corruption 2016,205-1,Anti-corruption & Anti-competitive behavior,partial,,False,2,False,False,False,False
a2,Bangchak2025,phase6,23,0,GRI 205: Anti-corruption 2016,205-2,Anti-corruption & Anti-competitive behavior,no_evidence,,False,5,False,False,False,False
a2,Bangchak2025,phase6,24,0,GRI 205: Anti-corruption 2016,205-3,Anti-corruption & Anti-competitive behavior,partial,,False,4,False,False,False,False
a2,Bangchak2025,phase6,25,0,GRI 207: Tax 2019,207-1,Payments to governments,pass,,False,4,False,False,False,False
a2,Bangchak2025,phase6,26,0,GRI 207: Tax 2019,207-2,Payments to governments,partial,,False,6,False,False,False,False
a2,Bangchak2025,phase6,27,0,GRI 207: Tax 2019,207-3,Payments to governments,partial,,False,3,False,False,False,False
a2,Bangchak2025,phase6,28,0,GRI 207: Tax 2019,207-4,Payments to governments,no_evidence,,False,12,False,False,False,False
a2,Bangchak2025,phase6,29,0,GRI 308: Supplier Environmental Assessment 2016,308-1,Supplier chain management,no_evidence,,False,1,False,False,False,False
a2,Bangchak2025,phase6,30,0,GRI 308: Supplier Environmental Assessment 2016,308-2,Supplier chain management,partial,,False,5,False,False,False,False
a2,Bangchak2025,phase6,31,0,GRI 414: Supplier Social Assessment 2016,414-1,Supplier chain management,no_evidence,,False,1,False,False,False,False
a2,Bangchak2025,phase6,32,0,GRI 414: Supplier Social Assessment 2016,414-2,Supplier chain management,partial,,False,5,False,False,False,False
a2,Bangchak2025,phase6,33,0,GRI 416: Customer Health and Safety 2016,416-1,Product and service quality & customer relationship,no_evidence,,False,1,False,False,False,False
a2,Bangchak2025,phase6,34,0,GRI 417: Marketing and Labeling 2016,417-3,Product and service quality & customer relationship,no_evidence,,False,4,False,False,False,False
a2,Bangchak2025,phase6,35,0,GRI 201: Economic Performance 2016,201-2,"GHG Emissions & Climate adaptation, resilience, and transition",partial,,False,5,False,False,False,False
a2,Bangchak2025,phase6,36,0,GRI 302: Energy 2016,302-1,"GHG Emissions & Climate adaptation, resilience, and transition",partial,,False,13,False,False,False,False
a2,Bangchak2025,phase6,37,0,GRI 302: Energy 2016,302-3,"GHG Emissions & Climate adaptation, resilience, and transition",no_evidence,,False,4,False,False,False,False
a2,Bangchak2025,phase6,38,0,GRI 302: Energy 2016,302-4,"GHG Emissions & Climate adaptation, resilience, and transition",partial,,False,4,False,False,False,False
a2,Bangchak2025,phase6,39,0,GRI 305: Emissions 2016,305-1,"GHG Emissions & Climate adaptation, resilience, and transition",partial,,False,9,False,False,False,False
a2,Bangchak2025,phase6,40,0,GRI 305: Emissions 2016,305-2,"GHG Emissions & Climate adaptation, resilience, and transition",partial,,False,9,False,False,False,False
a2,Bangchak2025,phase6,41,0,GRI 305: Emissions 2016,305-3,"GHG Emissions & Climate adaptation, resilience, and transition",partial,,False,9,False,False,False,False
a2,Bangchak2025,phase6,42,0,GRI 305: Emissions 2016,305-4,"GHG Emissions & Climate adaptation, resilience, and transition",partial,,False,4,False,False,False,False
a2,Bangchak2025,phase6,43,0,GRI 305: Emissions 2016,305-5,"GHG Emissions & Climate adaptation, resilience, and transition",partial,,False,5,False,False,False,False
a2,Bangchak2025,phase6,44,0,GRI 305: Emissions 2016,305-7,Air emissions,partial,,False,7,False,False,False,False
a2,Bangchak2025,phase6,45,0,GRI 304: Biodiversity 2016,304-2,Biodiversity,partial,,False,10,False,False,False,False
a2,Bangchak2025,phase6,46,0,GRI 306: Waste 2020,306-1,Waste,no_evidence,,False,6,False,False,False,False
a2,Bangchak2025,phase6,47,0,GRI 306: Waste 2020,306-2,Waste,partial,,False,24,False,False,False,False
a2,Bangchak2025,phase6,48,0,GRI 306: Waste 2020,306-4,Waste,partial,,False,16,False,False,False,False
a2,Bangchak2025,phase6,49,0,GRI 306: Waste 2020,306-5,Waste,partial,,False,15,False,False,False,False
a2,Bangchak2025,phase6,50,0,GRI 303: Water and Effluents 2018,303-1,Water and effluents,partial,,False,4,False,False,False,False
a2,Bangchak2025,phase6,51,0,GRI 303: Water and Effluents 2018,303-2,Water and effluents,no_evidence,,False,4,False,False,False,False
a2,Bangchak2025,phase6,52,0,GRI 303: Water and Effluents 2018,303-5,Water and effluents,partial,,False,4,False,False,False,False
a2,Bangchak2025,phase6,53,0,GRI 306: Effluents and Waste 2016,306-3,Asset integrity and critical incident management,no_evidence,,False,7,False,False,False,False
a2,Bangchak2025,phase6,54,0,GRI 403: Occupational Health and Safety 2018,403-1,Occupational health and safety,pass,,False,3,False,False,False,False
a2,Bangchak2025,phase6,55,0,GRI 403: Occupational Health and Safety 2018,403-2,Occupational health and safety,partial,,False,5,False,False,False,False
a2,Bangchak2025,phase6,56,0,GRI 403: Occupational Health and Safety 2018,403-3,Occupational health and safety,pass,,False,1,False,False,False,False
a2,Bangchak2025,phase6,57,0,GRI 403: Occupational Health and Safety 2018,403-4,Occupational health and safety,partial,,False,2,False,False,False,False
a2,Bangchak2025,phase6,58,0,GRI 403: Occupational Health and Safety 2018,403-5,Occupational health and safety,pass,,False,1,False,False,False,False
a2,Bangchak2025,phase6,59,0,GRI 403: Occupational Health and Safety 2018,403-6,Occupational health and safety,pass,,False,2,False,False,False,False
a2,Bangchak2025,phase6,60,0,GRI 403: Occupational Health and Safety 2018,403-7,Occupational health and safety,pass,,False,1,False,False,False,False
a2,Bangchak2025,phase6,61,0,GRI 403: Occupational Health and Safety 2018,403-8,Occupational health and safety,partial,,False,4,False,False,False,False
a2,Bangchak2025,phase6,62,0,GRI 403: Occupational Health and Safety 2018,403-9,Occupational health and safety,no_evidence,,False,16,False,False,False,False
a2,Bangchak2025,phase6,63,0,GRI 403: Occupational Health and Safety 2018,403-10,Occupational health and safety,no_evidence,,False,10,False,False,False,False
a2,Bangchak2025,phase6,64,0,GRI 401: Employment 2016,401-2,Employment Practices,no_evidence,,False,8,False,False,False,False
a2,Bangchak2025,phase6,65,0,GRI 402: Labor/Management Relations 2016,402-1,Employment Practices,partial,,False,2,False,False,False,False
a2,Bangchak2025,phase6,66,0,GRI 404: Training and Education 2016,404-2,Employment Practices,partial,,False,2,False,False,False,False
a2,Bangchak2025,phase6,67,0,GRI 404: Training and Education 2016,404-3,Employment Practices,partial,,False,1,False,False,False,False
a2,Bangchak2025,phase6,68,0,GRI 406: Non-discrimination 2016,406-1,Non-discrimination and equal opportunity,pass,,False,5,False,False,False,False
a2,Bangchak2025,phase6,69,0,GRI 409: Forced or Compulsory Labor 2016,409-1,Forced labor and modern slavery,partial,,False,3,False,False,False,False
a2,Bangchak2025,phase6,70,0,GRI 407: Freedom of Association and Collective Bargaining 2016,407-1,Freedom of association and collective bargaining,no_evidence,,False,3,False,False,False,False
a2,Bangchak2025,phase6,71,0,GRI 413: Local Communities 2016,413-1,Local communities,no_evidence,,False,8,False,False,False,False
a2,Bangchak2025,phase6,72,0,GRI 413: Local Communities 2016,413-2,Local communities,partial,,False,2,False,False,False,False
a2,Bangchak2025,phase6,73,0,GRI 411: Rights of Indigenous Peoples 2016,411-1,Rights of indigenous peoples,no_evidence,,False,5,False,False,False,False
a2,Bangchak2025,phase6,74,0,GRI 410: Security Practices 2016,410-1,Conflict and security,no_evidence,,False,2,False,False,False,False
a2,Bapco2023,phase3,0,0,GRI 2,2-1,,partial,,False,4,False,False,False,False
a2,Bapco2023,phase3,1,0,GRI 2,2-2,,fail,,False,5,False,False,False,False
a2,Bapco2023,phase3,2,0,GRI 2,2-3,,partial,,False,4,False,False,False,False
a2,Bapco2023,phase3,3,0,GRI 2,2-4,,no_evidence,,False,2,False,False,False,False
a2,Bapco2023,phase3,4,0,GRI 2,2-5,,partial,,False,4,False,False,False,False
a2,Bapco2023,phase3,5,0,GRI 2,2-6,,no_evidence,,False,6,False,False,False,False
a2,Bapco2023,phase3,6,0,GRI 2,2-7,,no_evidence,,False,10,False,False,False,False
a2,Bapco2023,phase3,7,0,GRI 2,2-8,,no_evidence,,False,5,False,False,False,False
a2,Bapco2023,phase3,8,0,GRI 2,2-9,,partial,,False,10,False,False,False,False
a2,Bapco2023,phase3,9,0,GRI 2,2-10,,no_evidence,,False,5,False,False,False,False
a2,Bapco2023,phase3,10,0,GRI 2,2-11,,no_evidence,,False,2,False,False,False,False
a2,Bapco2023,phase3,11,0,GRI 2,2-12,,no_evidence,,False,4,False,False,False,False
a2,Bapco2023,phase3,12,0,GRI 2,2-13,,no_evidence,,False,3,False,False,False,False
a2,Bapco2023,phase3,13,0,GRI 2,2-14,,no_evidence,,False,2,False,False,False,False
a2,Bapco2023,phase3,14,0,GRI 2,2-15,,no_evidence,,False,5,False,False,False,False
a2,Bapco2023,phase3,15,0,GRI 2,2-16,,no_evidence,,False,2,False,False,False,False
a2,Bapco2023,phase3,16,0,GRI 2,2-17,,no_evidence,,False,1,False,False,False,False
a2,Bapco2023,phase3,17,0,GRI 2,2-18,,no_evidence,,False,3,False,False,False,False
a2,Bapco2023,phase3,18,0,GRI 2,2-19,,omitted,no page pack: omitted,False,0,True,False,True,True
a2,Bapco2023,phase3,19,0,GRI 2,2-20,,omitted,no page pack: omitted,False,0,True,False,True,True
a2,Bapco2023,phase3,20,0,GRI 2,2-21,,omitted,no page pack: omitted,False,0,True,False,True,True
a2,Bapco2023,phase3,21,0,GRI 2,2-22,,no_evidence,,False,1,False,False,False,False
a2,Bapco2023,phase3,22,0,GRI 2,2-23,,partial,,False,10,False,False,False,False
a2,Bapco2023,phase3,23,0,GRI 2,2-24,,partial,,False,4,False,False,False,False
a2,Bapco2023,phase3,24,0,GRI 2,2-25,,partial,,False,5,False,False,False,False
a2,Bapco2023,phase3,25,0,GRI 2,2-26,,no_evidence,,False,2,False,False,False,False
a2,Bapco2023,phase3,26,0,GRI 2,2-27,,no_evidence,,False,6,False,False,False,False
a2,Bapco2023,phase3,27,0,GRI 2,2-28,,no_evidence,,False,1,False,False,False,False
a2,Bapco2023,phase3,28,0,GRI 2,2-29,,partial,,False,3,False,False,False,False
a2,Bapco2023,phase3,29,0,GRI 2,2-30,,omitted,no page pack: omitted,False,0,True,False,True,True
a2,Bapco2023,phase5,0,0,GRI 3,3-1,,partial,,False,3,False,False,False,False
a2,Bapco2023,phase5,1,0,GRI 3,3-2,,no_evidence,,False,2,False,False,False,False
a2,Bapco2023,phase5,2,0,GRI 3,3-3,"Anti-corruption, Business Ethics & Transparency",partial,,False,11,False,False,False,False
a2,Bapco2023,phase5,3,0,GRI 3,3-3,Biodiversity and landscape,partial,,False,11,False,False,False,False
a2,Bapco2023,phase5,4,0,GRI 3,3-3,Corporate Governance & Compliance,partial,,False,11,False,False,False,False
a2,Bapco2023,phase5,5,0,GRI 3,3-3,Cybersecurity & Data Privacy,partial,,False,11,False,False,False,False
a2,Bapco2023,phase5,6,0,GRI 3,3-3,"Diversity, Inclusion & Equal Opportunity",partial,,False,11,False,False,False,False
a2,Bapco2023,phase5,7,0,GRI 3,3-3,Economic Performance,partial,,False,11,False,False,False,False
a2,Bapco2023,phase5,8,0,GRI 3,3-3,Emissions & Climate Action,partial,,False,11,False,False,False,False
a2,Bapco2023,phase5,9,0,GRI 3,3-3,Employment (Employment Attraction & Retention),partial,,False,11,False,False,False,False
a2,Bapco2023,phase5,10,0,GRI 3,3-3,Energy Management,partial,,False,11,False,False,False,False
a2,Bapco2023,phase5,11,0,GRI 3,3-3,Environmental Policy & Management,partial,,False,11,False,False,False,False
a2,Bapco2023,phase5,12,0,GRI 3,3-3,"Health, safety and well-being",partial,,False,11,False,False,False,False
a2,Bapco2023,phase5,13,0,GRI 3,3-3,Human Rights,partial,,False,11,False,False,False,False
a2,Bapco2023,phase5,14,0,GRI 3,3-3,Investments in Renewables & Clean Tech,partial,,False,11,False,False,False,False
a2,Bapco2023,phase5,15,0,GRI 3,3-3,Local Community Impact and Investment,partial,,False,11,False,False,False,False
a2,Bapco2023,phase5,16,0,GRI 3,3-3,Risk & Crisis Management,partial,,False,11,False,False,False,False
a2,Bapco2023,phase5,17,0,GRI 3,3-3,Training & Development,partial,,False,11,False,False,False,False
a2,Bapco2023,phase5,18,0,GRI 3,3-3,Water and effluents,partial,,False,11,False,False,False,False
a2,Bapco2023,phase6,0,0,GRI 414: Supplier Social Assessment 2016,414-1,Employment (Employment Attraction & Retention),omitted,no page pack: omitted,False,0,True,False,True,True
a2,Bapco2023,phase6,1,0,GRI 414: Supplier Social Assessment 2016,414-2,Employment (Employment Attraction & Retention),omitted,no page pack: omitted,False,0,True,False,True,True
a2,Bapco2023,phase6,2,0,GRI 202: Market Presence 2016,202-2,"Diversity, Inclusion & Equal Opportunity",omitted,no page pack: omitted,False,0,True,False,True,True
a2,Bapco2023,phase6,3,0,GRI 405: Diversity and Equal Opportunity 2016,405-2,"Diversity, Inclusion & Equal Opportunity",omitted,no page pack: omitted,False,0,True,False,True,True
a2,Bapco2023,phase6,4,0,GRI 205: Anti-corruption 2016,205-1,"Anti-corruption, Business Ethics & Transparency",omitted,no page pack: omitted,False,0,True,False,True,True
a2,Bapco2023,phase6,5,0,GRI 205: Anti-corruption 2016,205-3,"Anti-corruption, Business Ethics & Transparency",omitted,no page pack: omitted,False,0,True,False,True,True
a2,Bapco2023,phase6,6,0,GRI 202: Market Presence 2016,202-2,Economic Performance,omitted,no page pack: omitted,False,0,True,False,True,True
a2,Bapco2023,phase6,7,0,GRI 302: Energy 2016,302-1,Emissions & Climate Action,partial,,False,13,False,False,False,False
a2,Bapco2023,phase6,8,0,GRI 302: Energy 2016,302-2,Emissions & Climate Action,no_evidence,,False,3,False,False,False,False
a2,Bapco2023,phase6,9,0,GRI 302: Energy 2016,302-3,Emissions & Climate Action,no_evidence,,False,4,False,False,False,False
a2,Bapco2023,phase6,10,0,GRI 305: Emissions 2016,305-1,Emissions & Climate Action,partial,,False,9,False,False,False,False
a2,Bapco2023,phase6,11,0,GRI 305: Emissions 2016,305-2,Emissions & Climate Action,partial,,False,9,False,False,False,False
a2,Bapco2023,phase6,12,0,GRI 305: Emissions 2016,305-3,Emissions & Climate Action,partial,,False,9,False,False,False,False
a2,Bapco2023,phase6,13,0,GRI 305: Emissions 2016,305-4,Emissions & Climate Action,no_evidence,,False,4,False,False,False,False
a2,Bapco2023,phase6,14,0,GRI 305: Emissions 2016,305-7,Emissions & Climate Action,partial,,False,7,False,False,False,False
a2,Bapco2023,phase6,15,0,GRI 416: Customer Health and Safety 2016,416-1,Emissions & Climate Action,no_evidence,,False,1,False,False,False,False
a2,Bapco2023,phase6,16,0,GRI 303: Water and Effluents 2018,303-1,Water and effluents,partial,,False,4,False,False,False,False
a2,Bapco2023,phase6,17,0,GRI 303: Water and Effluents 2018,303-2,Water and effluents,no_evidence,,False,4,False,False,False,False
a2,Bapco2023,phase6,18,0,GRI 303: Water and Effluents 2018,303-3,Water and effluents,no_evidence,,False,13,False,False,False,False
a2,Bapco2023,phase6,19,0,GRI 303: Water and Effluents 2018,303-4,Water and effluents,no_evidence,,False,12,False,False,False,False
a2,Bapco2023,phase6,20,0,GRI 303: Water and Effluents 2018,303-5,Water and effluents,no_evidence,,False,4,False,False,False,False
a2,Bapco2023,phase6,21,0,GRI 304: Biodiversity 2016,304-1,Biodiversity and landscape,partial,,False,7,False,False,False,False
a2,Bapco2023,phase6,22,0,GRI 304: Biodiversity 2016,304-2,Biodiversity and landscape,partial,,False,10,False,False,False,False
a2,Bapco2023,phase6,23,0,GRI 304: Biodiversity 2016,304-3,Biodiversity and landscape,partial,,False,4,False,False,False,False
a2,Bapco2023,phase6,24,0,GRI 304: Biodiversity 2016,304-4,Biodiversity and landscape,no_evidence,,False,5,False,False,False,False
a2,Bapco2023,phase6,25,0,GRI 403: Occupational Health and Safety 2018,403-1,"Health, safety and well-being",partial,,False,3,False,False,False,False
a2,Bapco2023,phase6,26,0,GRI 403: Occupational Health and Safety 2018,403-2,"Health, safety and well-being",partial,,False,5,False,False,False,False
a2,Bapco2023,phase6,27,0,GRI 403: Occupational Health and Safety 2018,403-3,"Health, safety and well-being",pass,,False,1,False,False,False,False
a2,Bapco2023,phase6,28,0,GRI 403: Occupational Health and Safety 2018,403-4,"Health, safety and well-being",no_evidence,,False,2,False,False,False,False
a2,Bapco2023,phase6,29,0,GRI 403: Occupational Health and Safety 2018,403-5,"Health, safety and well-being",no_evidence,,False,1,False,False,False,False
a2,Bapco2023,phase6,30,0,GRI 403: Occupational Health and Safety 2018,403-6,"Health, safety and well-being",partial,,False,2,False,False,False,False
a2,Bapco2023,phase6,31,0,GRI 403: Occupational Health and Safety 2018,403-7,"Health, safety and well-being",pass,,False,1,False,False,False,False
a2,Bapco2023,phase6,32,0,GRI 403: Occupational Health and Safety 2018,403-8,"Health, safety and well-being",partial,,False,4,False,False,False,False
a2,Bapco2023,phase6,33,0,GRI 403: Occupational Health and Safety 2018,403-9,"Health, safety and well-being",partial,,False,16,False,False,False,False
a2,Bapco2023,phase6,34,0,GRI 403: Occupational Health and Safety 2018,403-10,"Health, safety and well-being",partial,,False,10,False,False,False,False
a2,Bapco2023,phase6,35,0,GRI 401: Employment 2016,401-1,Employment (Employment Attraction & Retention),no_evidence,,False,2,False,False,False,False
a2,Bapco2023,phase6,36,0,GRI 401: Employment 2016,401-2,Employment (Employment Attraction & Retention),no_evidence,,False,8,False,False,False,False
a2,Bapco2023,phase6,37,0,GRI 401: Employment 2016,401-3,Employment (Employment Attraction & Retention),no_evidence,,False,5,False,False,False,False
a2,Bapco2023,phase6,38,0,GRI 401: Employment 2016,401-3,"Diversity, Inclusion & Equal Opportunity",no_evidence,,False,5,False,False,False,False
a2,Bapco2023,phase6,39,0,GRI 402: Labor/Management Relations 2016,402-1,Employment (Employment Attraction & Retention),no_evidence,,False,2,False,False,False,False
a2,Bapco2023,phase6,40,0,GRI 404: Training and Education 2016,404-1,Employment (Employment Attraction & Retention),fail,,False,2,False,False,False,False
a2,Bapco2023,phase6,41,0,GRI 404: Training and Education 2016,404-1,"Diversity, Inclusion & Equal Opportunity",fail,,False,2,False,False,False,False
a2,Bapco2023,phase6,42,0,GRI 404: Training and Education 2016,404-2,Employment (Employment Attraction & Retention),partial,,False,2,False,False,False,False
a2,Bapco2023,phase6,43,0,GRI 405: Diversity and Equal Opportunity 2016,405-1,"Diversity, Inclusion & Equal Opportunity",no_evidence,,False,6,False,False,False,False
a2,Bapco2023,phase6,44,0,GRI 406: Non-discrimination 2016,406-1,"Diversity, Inclusion & Equal Opportunity",pass,,False,5,False,False,False,False
a2,Bapco2023,phase6,45,0,GRI 413: Local Communities 2016,413-1,Local Community Impact and Investment,partial,,False,8,False,False,False,False
a2,Bapco2023,phase6,46,0,GRI 413: Local Communities 2016,413-2,Local Community Impact and Investment,no_evidence,,False,2,False,False,False,False
a2,Bapco2023,phase6,47,0,GRI 205: Anti-corruption 2016,205-2,"Anti-corruption, Business Ethics & Transparency",no_evidence,,False,5,False,False,False,False
a2,Bapco2023,phase6,48,0,GRI 201: Economic Performance 2016,201-1,Economic Performance,no_evidence,,False,4,False,False,False,False
a2,Bapco2023,phase6,49,0,GRI 203: Indirect Economic Impacts 2016,203-1,Economic Performance,no_evidence,,False,3,False,False,False,False
a2,Bapco2023,phase6,50,0,GRI 203: Indirect Economic Impacts 2016,203-2,Economic Performance,no_evidence,,False,2,False,False,False,False
a2,Bapco2023,phase6,51,0,GRI 204: Procurement Practices 2016,204-1,Economic Performance,no_evidence,,False,3,False,False,False,False
a2,Bapco2024,phase3,0,0,GRI 2,2-1,,partial,,False,4,False,False,False,False
a2,Bapco2024,phase3,1,0,GRI 2,2-2,,no_evidence,,False,5,False,False,False,False
a2,Bapco2024,phase3,2,0,GRI 2,2-3,,no_evidence,,False,4,False,False,False,False
a2,Bapco2024,phase3,3,0,GRI 2,2-4,,no_evidence,,False,2,False,False,False,False
a2,Bapco2024,phase3,4,0,GRI 2,2-5,,partial,,False,4,False,False,False,False
a2,Bapco2024,phase3,5,0,GRI 2,2-6,,no_evidence,,False,6,False,False,False,False
a2,Bapco2024,phase3,6,0,GRI 2,2-7,,no_evidence,,False,10,False,False,False,False
a2,Bapco2024,phase3,7,0,GRI 2,2-8,,no_evidence,,False,5,False,False,False,False
a2,Bapco2024,phase3,8,0,GRI 2,2-9,,partial,,False,10,False,False,False,False
a2,Bapco2024,phase3,9,0,GRI 2,2-10,,no_evidence,,False,5,False,False,False,False
a2,Bapco2024,phase3,10,0,GRI 2,2-11,,pass,,False,2,False,False,False,False
a2,Bapco2024,phase3,11,0,GRI 2,2-12,,no_evidence,,False,4,False,False,False,False
a2,Bapco2024,phase3,12,0,GRI 2,2-13,,no_evidence,,False,3,False,False,False,False
a2,Bapco2024,phase3,13,0,GRI 2,2-14,,no_evidence,,False,2,False,False,False,False
a2,Bapco2024,phase3,14,0,GRI 2,2-15,,no_evidence,,False,5,False,False,False,False
a2,Bapco2024,phase3,15,0,GRI 2,2-16,,no_evidence,,False,2,False,False,False,False
a2,Bapco2024,phase3,16,0,GRI 2,2-17,,no_evidence,,False,1,False,False,False,False
a2,Bapco2024,phase3,17,0,GRI 2,2-18,,no_evidence,,False,3,False,False,False,False
a2,Bapco2024,phase3,18,0,GRI 2,2-19,,omitted,no page pack: omitted,False,0,True,False,True,True
a2,Bapco2024,phase3,19,0,GRI 2,2-20,,omitted,no page pack: omitted,False,0,True,False,True,True
a2,Bapco2024,phase3,20,0,GRI 2,2-21,,omitted,no page pack: omitted,False,0,True,False,True,True
a2,Bapco2024,phase3,21,0,GRI 2,2-22,,pass,,False,1,False,False,False,False
a2,Bapco2024,phase3,22,0,GRI 2,2-23,,partial,,False,10,False,False,False,False
a2,Bapco2024,phase3,23,0,GRI 2,2-24,,no_evidence,,False,4,False,False,False,False
a2,Bapco2024,phase3,24,0,GRI 2,2-25,,no_evidence,,False,5,False,False,False,False
a2,Bapco2024,phase3,25,0,GRI 2,2-26,,no_evidence,,False,2,False,False,False,False
a2,Bapco2024,phase3,26,0,GRI 2,2-27,,no_evidence,,False,6,False,False,False,False
a2,Bapco2024,phase3,27,0,GRI 2,2-28,,no_evidence,,False,1,False,False,False,False
a2,Bapco2024,phase3,28,0,GRI 2,2-29,,pass,,False,3,False,False,False,False
a2,Bapco2024,phase3,29,0,GRI 2,2-30,,omitted,no page pack: omitted,False,0,True,False,True,True
a2,Bapco2024,phase5,0,0,GRI 3,3-1,,pass,,False,3,False,False,False,False
a2,Bapco2024,phase5,1,0,GRI 3,3-2,,pass,,False,2,False,False,False,False
a2,Bapco2024,phase5,2,0,GRI 3,3-3,"Anti-corruption, Business Ethics & Transparency",partial,,False,11,False,False,False,False
a2,Bapco2024,phase5,3,0,GRI 3,3-3,Asset Integrity and Critical Incident Management,partial,,False,11,False,False,False,False
a2,Bapco2024,phase5,4,0,GRI 3,3-3,Corporate Governance & Compliance,partial,,False,11,False,False,False,False
a2,Bapco2024,phase5,5,0,GRI 3,3-3,Cybersecurity & Data Privacy,partial,,False,11,False,False,False,False
a2,Bapco2024,phase5,6,0,GRI 3,3-3,"Diversity, Inclusion & Equal Opportunity",partial,,False,11,False,False,False,False
a2,Bapco2024,phase5,7,0,GRI 3,3-3,Economic Performance,no_evidence,no page pack: page_list_no_matching_chunks; system limitation - human review required,True,0,False,False,True,True
a2,Bapco2024,phase5,8,0,GRI 3,3-3,Emissions & Climate Action,partial,,False,11,False,False,False,False
a2,Bapco2024,phase5,9,1,GRI 3,3-3,Emissions & Climate Action,partial,,False,11,False,False,False,False
a2,Bapco2024,phase5,10,0,GRI 3,3-3,Employment (Employment Attraction & Retention),partial,,False,11,False,False,False,False
a2,Bapco2024,phase5,11,0,GRI 3,3-3,Energy Management,partial,,False,11,False,False,False,False
a2,Bapco2024,phase5,12,0,GRI 3,3-3,"Health, safety and well-being",partial,,False,11,False,False,False,False
a2,Bapco2024,phase5,13,0,GRI 3,3-3,Human Rights,partial,,False,11,False,False,False,False
a2,Bapco2024,phase5,14,0,GRI 3,3-3,Investments in Renewables & Clean Tech,partial,,False,11,False,False,False,False
a2,Bapco2024,phase5,15,0,GRI 3,3-3,Local Community Impact and Investment,partial,,False,11,False,False,False,False
a2,Bapco2024,phase5,16,0,GRI 3,3-3,Risk & Crisis Management,partial,,False,11,False,False,False,False
a2,Bapco2024,phase5,17,0,GRI 3,3-3,Training & Development,partial,,False,11,False,False,False,False
a2,Bapco2024,phase5,18,0,GRI 3,3-3,Waste,partial,,False,11,False,False,False,False
a2,Bapco2024,phase5,19,0,GRI 3,3-3,Water and effluents,partial,,False,11,False,False,False,False
a2,Bapco2024,phase6,0,0,GRI 414: Supplier Social Assessment 2016,414-1,Employment (Employment Attraction & Retention),omitted,no page pack: omitted,False,0,True,False,True,True
a2,Bapco2024,phase6,1,0,GRI 414: Supplier Social Assessment 2016,414-2,Employment (Employment Attraction & Retention),omitted,no page pack: omitted,False,0,True,False,True,True
a2,Bapco2024,phase6,2,0,GRI 202: Market Presence 2016,202-2,"Diversity, Inclusion & Equal Opportunity",omitted,no page pack: omitted,False,0,True,False,True,True
a2,Bapco2024,phase6,3,0,GRI 405: Diversity and Equal Opportunity 2016,405-2,"Diversity, Inclusion & Equal Opportunity",omitted,no page pack: omitted,False,0,True,False,True,True
a2,Bapco2024,phase6,4,0,GRI 205: Anti-corruption 2016,205-1,"Anti-corruption, Business Ethics & Transparency",omitted,no page pack: omitted,False,0,True,False,True,True
a2,Bapco2024,phase6,5,0,GRI 205: Anti-corruption 2016,205-3,"Anti-corruption, Business Ethics & Transparency",omitted,no page pack: omitted,False,0,True,False,True,True
a2,Bapco2024,phase6,6,0,GRI 201: Economic Performance 2016,201-1,Economic Performance,no_evidence,no page pack: page_list_no_matching_chunks; system limitation — human review required,True,0,False,False,True,True
a2,Bapco2024,phase6,7,0,GRI 202: Market Presence 2016,202-2,Economic Performance,omitted,no page pack: omitted,False,0,True,False,True,True
a2,Bapco2024,phase6,8,0,GRI 203: Indirect Economic Impacts 2016,203-1,Economic Performance,no_evidence,no page pack: page_list_no_matching_chunks; system limitation — human review required,True,0,False,False,True,True
a2,Bapco2024,phase6,9,0,GRI 203: Indirect Economic Impacts 2016,203-2,Economic Performance,no_evidence,no page pack: page_list_no_matching_chunks; system limitation — human review required,True,0,False,False,True,True
a2,Bapco2024,phase6,10,0,GRI 204: Procurement Practices 2016,204-1,Economic Performance,no_evidence,no page pack: page_list_no_matching_chunks; system limitation — human review required,True,0,False,False,True,True
a2,Bapco2024,phase6,11,0,GRI 302: Energy 2016,302-1,Emissions & Climate Action,partial,,False,13,False,False,False,False
a2,Bapco2024,phase6,12,0,GRI 302: Energy 2016,302-2,Emissions & Climate Action,no_evidence,,False,3,False,False,False,False
a2,Bapco2024,phase6,13,0,GRI 302: Energy 2016,302-3,Emissions & Climate Action,no_evidence,,False,4,False,False,False,False
a2,Bapco2024,phase6,14,0,GRI 305: Emissions 2016,305-1,Emissions & Climate Action,partial,,False,9,False,False,False,False
a2,Bapco2024,phase6,15,0,GRI 305: Emissions 2016,305-2,Emissions & Climate Action,partial,,False,9,False,False,False,False
a2,Bapco2024,phase6,16,0,GRI 305: Emissions 2016,305-3,Emissions & Climate Action,no_evidence,,False,9,False,False,False,False
a2,Bapco2024,phase6,17,0,GRI 305: Emissions 2016,305-4,Emissions & Climate Action,partial,,False,4,False,False,False,False
a2,Bapco2024,phase6,18,0,GRI 305: Emissions 2016,305-7,Emissions & Climate Action,partial,,False,7,False,False,False,False
a2,Bapco2024,phase6,19,0,GRI 416: Customer Health and Safety 2016,416-1,Emissions & Climate Action,no_evidence,,False,1,False,False,False,False
a2,Bapco2024,phase6,20,0,GRI 306: Waste 2020,306-1,Waste,no_evidence,,False,6,False,False,False,False
a2,Bapco2024,phase6,21,0,GRI 306: Waste 2020,306-2,Waste,partial,,False,24,False,False,False,False
a2,Bapco2024,phase6,22,0,GRI 306: Waste 2020,306-3,Waste,no_evidence,,False,7,False,False,False,False
a2,Bapco2024,phase6,23,0,GRI 306: Waste 2020,306-4,Waste,no_evidence,,False,16,False,False,False,False
a2,Bapco2024,phase6,24,0,GRI 306: Waste 2020,306-5,Waste,fail,,False,15,False,False,False,False
a2,Bapco2024,phase6,25,0,GRI 303: Water and Effluents 2018,303-1,Water and effluents,no_evidence,,False,4,False,False,False,False
a2,Bapco2024,phase6,26,0,GRI 303: Water and Effluents 2018,303-2,Water and effluents,no_evidence,,False,4,False,False,False,False
a2,Bapco2024,phase6,27,0,GRI 303: Water and Effluents 2018,303-3,Water and effluents,no_evidence,,False,13,False,False,False,False
a2,Bapco2024,phase6,28,0,GRI 303: Water and Effluents 2018,303-4,Water and effluents,no_evidence,,False,12,False,False,False,False
a2,Bapco2024,phase6,29,0,GRI 303: Water and Effluents 2018,303-5,Water and effluents,no_evidence,,False,4,False,False,False,False
a2,Bapco2024,phase6,30,0,GRI 306: Effluents and Waste 2016,306-3,Asset Integrity and Critical Incident Management,no_evidence,,False,7,False,False,False,False
a2,Bapco2024,phase6,31,0,GRI 403: Occupational Health and Safety 2018,403-1,"Health, safety and well-being",pass,,False,3,False,False,False,False
a2,Bapco2024,phase6,32,0,GRI 403: Occupational Health and Safety 2018,403-2,"Health, safety and well-being",no_evidence,,False,5,False,False,False,False
a2,Bapco2024,phase6,33,0,GRI 403: Occupational Health and Safety 2018,403-3,"Health, safety and well-being",no_evidence,,False,1,False,False,False,False
a2,Bapco2024,phase6,34,0,GRI 403: Occupational Health and Safety 2018,403-4,"Health, safety and well-being",no_evidence,,False,2,False,False,False,False
a2,Bapco2024,phase6,35,0,GRI 403: Occupational Health and Safety 2018,403-5,"Health, safety and well-being",partial,,False,1,False,False,False,False
a2,Bapco2024,phase6,36,0,GRI 403: Occupational Health and Safety 2018,403-6,"Health, safety and well-being",no_evidence,,False,2,False,False,False,False
a2,Bapco2024,phase6,37,0,GRI 403: Occupational Health and Safety 2018,403-7,"Health, safety and well-being",pass,,False,1,False,False,False,False
a2,Bapco2024,phase6,38,0,GRI 403: Occupational Health and Safety 2018,403-8,"Health, safety and well-being",partial,,False,4,False,False,False,False
a2,Bapco2024,phase6,39,0,GRI 403: Occupational Health and Safety 2018,403-9,"Health, safety and well-being",no_evidence,,False,16,False,False,False,False
a2,Bapco2024,phase6,40,0,GRI 403: Occupational Health and Safety 2018,403-10,"Health, safety and well-being",partial,,False,10,False,False,False,False
a2,Bapco2024,phase6,41,0,GRI 401: Employment 2016,401-1,Employment (Employment Attraction & Retention),no_evidence,,False,2,False,False,False,False
a2,Bapco2024,phase6,42,0,GRI 401: Employment 2016,401-2,Employment (Employment Attraction & Retention),no_evidence,,False,8,False,False,False,False
a2,Bapco2024,phase6,43,0,GRI 401: Employment 2016,401-3,Employment (Employment Attraction & Retention),partial,,False,5,False,False,False,False
a2,Bapco2024,phase6,44,0,GRI 401: Employment 2016,401-3,"Diversity, Inclusion & Equal Opportunity",partial,,False,5,False,False,False,False
a2,Bapco2024,phase6,45,0,GRI 402: Labor/Management Relations 2016,402-1,Employment (Employment Attraction & Retention),no_evidence,,False,2,False,False,False,False
a2,Bapco2024,phase6,46,0,GRI 404: Training and Education 2016,404-1,Employment (Employment Attraction & Retention),no_evidence,,False,2,False,False,False,False
a2,Bapco2024,phase6,47,0,GRI 404: Training and Education 2016,404-1,"Diversity, Inclusion & Equal Opportunity",no_evidence,,False,2,False,False,False,False
a2,Bapco2024,phase6,48,0,GRI 404: Training and Education 2016,404-2,Employment (Employment Attraction & Retention),partial,,False,2,False,False,False,False
a2,Bapco2024,phase6,49,0,GRI 405: Diversity and Equal Opportunity 2016,405-1,"Diversity, Inclusion & Equal Opportunity",no_evidence,,False,6,False,False,False,False
a2,Bapco2024,phase6,50,0,GRI 406: Non-discrimination 2016,406-1,"Diversity, Inclusion & Equal Opportunity",partial,,False,5,False,False,False,False
a2,Bapco2024,phase6,51,0,GRI 413: Local Communities 2016,413-1,Local Community Impact and Investment,no_evidence,,False,8,False,False,False,False
a2,Bapco2024,phase6,52,0,GRI 413: Local Communities 2016,413-2,Local Community Impact and Investment,no_evidence,,False,2,False,False,False,False
a2,Bapco2024,phase6,53,0,GRI 205: Anti-corruption 2016,205-2,"Anti-corruption, Business Ethics & Transparency",no_evidence,,False,5,False,False,False,False
a2,Bunduq2023,phase3,0,0,GRI 2,2-1,,partial,,False,4,False,False,False,False
a2,Bunduq2023,phase3,1,0,GRI 2,2-2,,partial,,False,5,False,False,False,False
a2,Bunduq2023,phase3,2,0,GRI 2,2-3,,partial,,False,4,False,False,False,False
a2,Bunduq2023,phase3,3,0,GRI 2,2-4,,partial,,False,2,False,False,False,False
a2,Bunduq2023,phase3,4,0,GRI 2,2-5,,partial,,False,4,False,False,False,False
a2,Bunduq2023,phase3,5,0,GRI 2,2-6,,partial,,False,6,False,False,False,False
a2,Bunduq2023,phase3,6,0,GRI 2,2-7,,partial,,False,10,False,False,False,False
a2,Bunduq2023,phase3,7,0,GRI 2,2-8,,no_evidence,,False,5,False,False,False,False
a2,Bunduq2023,phase3,8,0,GRI 2,2-9,,partial,,False,10,False,False,False,False
a2,Bunduq2023,phase3,9,0,GRI 2,2-10,,omitted,no page pack: omitted,False,0,True,False,True,True
a2,Bunduq2023,phase3,10,0,GRI 2,2-11,,no_evidence,,False,2,False,False,False,False
a2,Bunduq2023,phase3,11,0,GRI 2,2-12,,no_evidence,,False,4,False,False,False,False
a2,Bunduq2023,phase3,12,0,GRI 2,2-13,,pass,,False,3,False,False,False,False
a2,Bunduq2023,phase3,13,0,GRI 2,2-14,,omitted,no page pack: omitted,False,0,True,False,True,True
a2,Bunduq2023,phase3,14,0,GRI 2,2-15,,omitted,no page pack: omitted,False,0,True,False,True,True
a2,Bunduq2023,phase3,15,0,GRI 2,2-16,,no_evidence,,False,2,False,False,False,False
a2,Bunduq2023,phase3,16,0,GRI 2,2-17,,omitted,no page pack: omitted,False,0,True,False,True,True
a2,Bunduq2023,phase3,17,0,GRI 2,2-18,,omitted,no page pack: omitted,False,0,True,False,True,True
a2,Bunduq2023,phase3,18,0,GRI 2,2-19,,omitted,no page pack: omitted,False,0,True,False,True,True
a2,Bunduq2023,phase3,19,0,GRI 2,2-20,,omitted,no page pack: omitted,False,0,True,False,True,True
a2,Bunduq2023,phase3,20,0,GRI 2,2-21,,omitted,no page pack: omitted,False,0,True,False,True,True
a2,Bunduq2023,phase3,21,0,GRI 2,2-22,,pass,,False,1,False,False,False,False
a2,Bunduq2023,phase3,22,0,GRI 2,2-23,,no_evidence,,False,10,False,False,False,False
a2,Bunduq2023,phase3,23,0,GRI 2,2-24,,partial,,False,4,False,False,False,False
a2,Bunduq2023,phase3,24,0,GRI 2,2-25,,omitted,no page pack: omitted,False,0,True,False,True,True
a2,Bunduq2023,phase3,25,0,GRI 2,2-26,,partial,,False,2,False,False,False,False
a2,Bunduq2023,phase3,26,0,GRI 2,2-27,,no_evidence,,False,6,False,False,False,False
a2,Bunduq2023,phase3,27,0,GRI 2,2-28,,omitted,no page pack: omitted,False,0,True,False,True,True
a2,Bunduq2023,phase3,28,0,GRI 2,2-29,,partial,,False,3,False,False,False,False
a2,Bunduq2023,phase3,29,0,GRI 2,2-30,,omitted,no page pack: omitted,False,0,True,False,True,True
a2,Bunduq2023,phase5,0,0,GRI 3,3-1,,no_evidence,no page pack: page_list_no_matching_chunks; system limitation - human review required,True,0,False,False,True,True
a2,Bunduq2023,phase5,1,0,GRI 3,3-2,,no_evidence,,False,2,False,False,False,False
a2,Bunduq2023,phase5,2,0,GRI 3,3-3,Asset Integrity and Process Safety,partial,,False,11,False,False,False,False
a2,Bunduq2023,phase5,3,0,GRI 3,3-3,Biodiversity and Natural Capital,partial,,False,11,False,False,False,False
a2,Bunduq2023,phase5,4,0,GRI 3,3-3,Business Ethics and Integrity Practices,partial,,False,11,False,False,False,False
a2,Bunduq2023,phase5,5,0,GRI 3,3-3,Community Development and Partnerships and Social Risk Management,partial,,False,11,False,False,False,False
a2,Bunduq2023,phase5,6,0,GRI 3,3-3,Crisis Management & Incident Response,partial,,False,11,False,False,False,False
a2,Bunduq2023,phase5,7,0,GRI 3,3-3,Cyber Security,partial,,False,11,False,False,False,False
a2,Bunduq2023,phase5,8,0,GRI 3,3-3,Digital Transformation and Innovation,partial,,False,11,False,False,False,False
a2,Bunduq2023,phase5,9,0,GRI 3,3-3,ESG Compliance,partial,,False,11,False,False,False,False
a2,Bunduq2023,phase5,10,0,GRI 3,3-3,Economic performance,external_verification,no page pack: external_document_reference,False,0,False,True,True,True
a2,Bunduq2023,phase5,11,0,GRI 3,3-3,Employee Diversity and Inclusion,partial,,False,11,False,False,False,False
a2,Bunduq2023,phase5,12,0,GRI 3,3-3,Employment Practices and Employee Welfare,partial,,False,11,False,False,False,False
a2,Bunduq2023,phase5,13,0,GRI 3,3-3,Energy Management,partial,,False,11,False,False,False,False
a2,Bunduq2023,phase5,14,0,GRI 3,3-3,"Greenhouse Gas (GHG) Emissions, Climate Resilience and Adaptation Strategy and Flaring",partial,,False,11,False,False,False,False
a2,Bunduq2023,phase5,15,0,GRI 3,3-3,Occupational health and safety,partial,,False,11,False,False,False,False
a2,Bunduq2023,phase5,16,0,GRI 3,3-3,Spills,partial,,False,11,False,False,False,False
a2,Bunduq2023,phase5,17,0,GRI 3,3-3,Sustainable Procurement,partial,,False,11,False,False,False,False
a2,Bunduq2023,phase5,18,0,GRI 3,3-3,Talent Management and Development,partial,,False,11,False,False,False,False
a2,Bunduq2023,phase5,19,0,GRI 3,3-3,Waste Management,partial,,False,11,False,False,False,False
a2,Bunduq2023,phase5,20,0,GRI 3,3-3,Water and Effluents Management,partial,,False,11,False,False,False,False
a2,Bunduq2023,phase5,21,0,GRI 3,3-3,Workforce Nationalization,partial,,False,11,False,False,False,False
a2,Bunduq2023,phase6,0,0,GRI 205: Anti-corruption 2016,205-1,Business Ethics and Integrity Practices,omitted,no page pack: omitted,False,0,True,False,True,True
a2,Bunduq2023,phase6,1,0,GRI 205: Anti-corruption 2016,205-2,Business Ethics and Integrity Practices,omitted,no page pack: omitted,False,0,True,False,True,True
a2,Bunduq2023,phase6,2,0,GRI 206: Anti-competitive Behavior 2016,206-1,Business Ethics and Integrity Practices,omitted,no page pack: omitted,False,0,True,False,True,True
a2,Bunduq2023,phase6,3,0,GRI 302: Energy 2016,302-2,Energy Management,omitted,no page pack: omitted,False,0,True,False,True,True
a2,Bunduq2023,phase6,4,0,GRI 302: Energy 2016,302-5,Energy Management,omitted,no page pack: omitted,False,0,True,False,True,True
a2,Bunduq2023,phase6,5,0,GRI 305: Emissions 2016,305-3,"Greenhouse Gas (GHG) Emissions, Climate Resilience and Adaptation Strategy and Flaring",omitted,no page pack: omitted,False,0,True,False,True,True
a2,Bunduq2023,phase6,6,0,GRI 305: Emissions 2016,305-6,"Greenhouse Gas (GHG) Emissions, Climate Resilience and Adaptation Strategy and Flaring",omitted,no page pack: omitted,False,0,True,False,True,True
a2,Bunduq2023,phase6,7,0,GRI 305: Emissions 2016,305-7,"Greenhouse Gas (GHG) Emissions, Climate Resilience and Adaptation Strategy and Flaring",no_evidence,no page pack: page_list_no_matching_chunks; system limitation — human review required,True,0,False,False,True,True
a2,Bunduq2023,phase6,8,0,GRI 306: Waste 2020,306-4,Waste Management,omitted,no page pack: omitted,False,0,True,False,True,True
a2,Bunduq2023,phase6,9,0,GRI 306: Waste 2020,306-5,Waste Management,omitted,no page pack: omitted,False,0,True,False,True,True
a2,Bunduq2023,phase6,10,0,GRI 303: Water and Effluents 2018,303-4,Water and Effluents Management,omitted,no page pack: omitted,False,0,True,False,True,True
a2,Bunduq2023,phase6,11,0,GRI 303: Water and Effluents 2018,303-5,Water and Effluents Management,omitted,no page pack: omitted,False,0,True,False,True,True
a2,Bunduq2023,phase6,12,0,GRI 304: Biodiversity 2016,304-3,Biodiversity and Natural Capital,omitted,no page pack: omitted,False,0,True,False,True,True
a2,Bunduq2023,phase6,13,0,GRI 304: Biodiversity 2016,304-4,Biodiversity and Natural Capital,omitted,no page pack: omitted,False,0,True,False,True,True
a2,Bunduq2023,phase6,14,0,GRI 308: Supplier Environmental Assessment 2016,308-1,Sustainable Procurement,omitted,no page pack: omitted,False,0,True,False,True,True
a2,Bunduq2023,phase6,15,0,GRI 308: Supplier Environmental Assessment 2016,308-2,Sustainable Procurement,omitted,no page pack: omitted,False,0,True,False,True,True
a2,Bunduq2023,phase6,16,0,GRI 203: Indirect Economic Impacts 2016,203-1,Community Development and Partnerships and Social Risk Management,omitted,no page pack: omitted,False,0,True,False,True,True
a2,Bunduq2023,phase6,17,0,GRI 202: Market Presence 2016,202-1,Employee Diversity and Inclusion,omitted,no page pack: omitted,False,0,True,False,True,True
a2,Bunduq2023,phase6,18,0,GRI 405: Diversity and Equal Opportunity 2016,405-2,Employee Diversity and Inclusion,omitted,no page pack: omitted,False,0,True,False,True,True
a2,Bunduq2023,phase6,19,0,GRI 402: Labor/Management Relations 2016,402-1,Employment Practices and Employee Welfare,omitted,no page pack: omitted,False,0,True,False,True,True
a2,Bunduq2023,phase6,20,0,GRI 201: Economic Performance 2016,201-1,Economic performance,omitted,no page pack: omitted,False,0,True,False,True,True
a2,Bunduq2023,phase6,21,0,GRI 201: Economic Performance 2016,201-3,Economic performance,omitted,no page pack: omitted,False,0,True,False,True,True
a2,Bunduq2023,phase6,22,0,GRI 201: Economic Performance 2016,201-4,Economic performance,omitted,no page pack: omitted,False,0,True,False,True,True
a2,Bunduq2023,phase6,23,0,GRI 205: Anti-corruption 2016,205-3,Business Ethics and Integrity Practices,no_evidence,,False,4,False,False,False,False
a2,Bunduq2023,phase6,24,0,GRI 406: Non-discrimination 2016,406-1,Business Ethics and Integrity Practices,no_evidence,,False,5,False,False,False,False
a2,Bunduq2023,phase6,25,0,GRI 406: Non-discrimination 2016,406-1,Employment Practices and Employee Welfare,no_evidence,,False,5,False,False,False,False
a2,Bunduq2023,phase6,26,0,GRI 302: Energy 2016,302-1,Energy Management,partial,,False,13,False,False,False,False
a2,Bunduq2023,phase6,27,0,GRI 302: Energy 2016,302-3,Energy Management,partial,,False,4,False,False,False,False
a2,Bunduq2023,phase6,28,0,GRI 302: Energy 2016,302-4,Energy Management,partial,,False,4,False,False,False,False
a2,Bunduq2023,phase6,29,0,GRI 305: Emissions 2016,305-1,"Greenhouse Gas (GHG) Emissions, Climate Resilience and Adaptation Strategy and Flaring",no_evidence,,False,9,False,False,False,False
a2,Bunduq2023,phase6,30,0,GRI 305: Emissions 2016,305-2,"Greenhouse Gas (GHG) Emissions, Climate Resilience and Adaptation Strategy and Flaring",no_evidence,,False,9,False,False,False,False
a2,Bunduq2023,phase6,31,0,GRI 305: Emissions 2016,305-4,"Greenhouse Gas (GHG) Emissions, Climate Resilience and Adaptation Strategy and Flaring",no_evidence,,False,4,False,False,False,False
a2,Bunduq2023,phase6,32,0,GRI 305: Emissions 2016,305-5,"Greenhouse Gas (GHG) Emissions, Climate Resilience and Adaptation Strategy and Flaring",no_evidence,,False,5,False,False,False,False
a2,Bunduq2023,phase6,33,0,GRI 306: Waste 2020,306-1,Waste Management,no_evidence,,False,6,False,False,False,False
a2,Bunduq2023,phase6,34,0,GRI 306: Waste 2020,306-2,Waste Management,partial,,False,24,False,False,False,False
a2,Bunduq2023,phase6,35,0,GRI 306: Waste 2020,306-3,Waste Management,no_evidence,,False,7,False,False,False,False
a2,Bunduq2023,phase6,36,0,GRI 303: Water and Effluents 2018,303-1,Water and Effluents Management,partial,,False,4,False,False,False,False
a2,Bunduq2023,phase6,37,0,GRI 303: Water and Effluents 2018,303-2,Water and Effluents Management,no_evidence,,False,4,False,False,False,False
a2,Bunduq2023,phase6,38,0,GRI 303: Water and Effluents 2018,303-3,Water and Effluents Management,no_evidence,,False,13,False,False,False,False
a2,Bunduq2023,phase6,39,0,GRI 304: Biodiversity 2016,304-1,Biodiversity and Natural Capital,no_evidence,,False,7,False,False,False,False
a2,Bunduq2023,phase6,40,0,GRI 304: Biodiversity 2016,304-2,Biodiversity and Natural Capital,no_evidence,,False,10,False,False,False,False
a2,Bunduq2023,phase6,41,0,GRI 306: Effluents and Waste 2016,306-3,Spills,no_evidence,,False,7,False,False,False,False
a2,Bunduq2023,phase6,42,0,GRI 403: Occupational Health and Safety 2018,403-1,Occupational health and safety,partial,,False,3,False,False,False,False
a2,Bunduq2023,phase6,43,0,GRI 403: Occupational Health and Safety 2018,403-2,Occupational health and safety,partial,,False,5,False,False,False,False
a2,Bunduq2023,phase6,44,0,GRI 403: Occupational Health and Safety 2018,403-3,Occupational health and safety,partial,,False,1,False,False,False,False
a2,Bunduq2023,phase6,45,0,GRI 403: Occupational Health and Safety 2018,403-4,Occupational health and safety,partial,,False,2,False,False,False,False
a2,Bunduq2023,phase6,46,0,GRI 403: Occupational Health and Safety 2018,403-5,Occupational health and safety,pass,,False,1,False,False,False,False
a2,Bunduq2023,phase6,47,0,GRI 403: Occupational Health and Safety 2018,403-6,Occupational health and safety,partial,,False,2,False,False,False,False
a2,Bunduq2023,phase6,48,0,GRI 403: Occupational Health and Safety 2018,403-7,Occupational health and safety,pass,,False,1,False,False,False,False
a2,Bunduq2023,phase6,49,0,GRI 403: Occupational Health and Safety 2018,403-8,Occupational health and safety,no_evidence,,False,4,False,False,False,False
a2,Bunduq2023,phase6,50,0,GRI 403: Occupational Health and Safety 2018,403-9,Occupational health and safety,no_evidence,,False,16,False,False,False,False
a2,Bunduq2023,phase6,51,0,GRI 403: Occupational Health and Safety 2018,403-10,Occupational health and safety,partial,,False,10,False,False,False,False
a2,Bunduq2023,phase6,52,0,GRI 204: Procurement Practices 2016,204-1,Sustainable Procurement,partial,,False,3,False,False,False,False
a2,Bunduq2023,phase6,53,0,GRI 414: Supplier Social Assessment 2016,414-1,Sustainable Procurement,no_evidence,,False,1,False,False,False,False
a2,Bunduq2023,phase6,54,0,GRI 414: Supplier Social Assessment 2016,414-2,Sustainable Procurement,no_evidence,,False,5,False,False,False,False
a2,Bunduq2023,phase6,55,0,GRI 203: Indirect Economic Impacts 2016,203-2,Community Development and Partnerships and Social Risk Management,partial,,False,2,False,False,False,False
a2,Bunduq2023,phase6,56,0,GRI 413: Local Communities 2016,413-1,Community Development and Partnerships and Social Risk Management,no_evidence,,False,8,False,False,False,False
a2,Bunduq2023,phase6,57,0,GRI 413: Local Communities 2016,413-2,Community Development and Partnerships and Social Risk Management,pass,,False,2,False,False,False,False
a2,Bunduq2023,phase6,58,0,GRI 405: Diversity and Equal Opportunity 2016,405-1,Employee Diversity and Inclusion,no_evidence,,False,6,False,False,False,False
a2,Bunduq2023,phase6,59,0,GRI 202: Market Presence 2016,202-2,Workforce Nationalization,no_evidence,,False,4,False,False,False,False
a2,Bunduq2023,phase6,60,0,GRI 404: Training and Education 2016,404-1,Talent Management and Development,no_evidence,,False,2,False,False,False,False
a2,Bunduq2023,phase6,61,0,GRI 404: Training and Education 2016,404-2,Talent Management and Development,partial,,False,2,False,False,False,False
a2,Bunduq2023,phase6,62,0,GRI 404: Training and Education 2016,404-3,Talent Management and Development,no_evidence,,False,1,False,False,False,False
a2,Bunduq2023,phase6,63,0,GRI 401: Employment 2016,401-1,Employment Practices and Employee Welfare,no_evidence,,False,2,False,False,False,False
a2,Bunduq2023,phase6,64,0,GRI 401: Employment 2016,401-2,Employment Practices and Employee Welfare,partial,,False,8,False,False,False,False
a2,Bunduq2023,phase6,65,0,GRI 401: Employment 2016,401-3,Employment Practices and Employee Welfare,no_evidence,,False,5,False,False,False,False
a2,Bunduq2023,phase6,66,0,GRI 201: Economic Performance 2016,201-2,Economic performance,partial,,False,5,False,False,False,False
a2,Desfa2023,phase3,0,0,GRI 2,2-1,,partial,,False,4,False,False,False,False
a2,Desfa2023,phase3,1,0,GRI 2,2-2,,partial,,False,5,False,False,False,False
a2,Desfa2023,phase3,2,0,GRI 2,2-3,,partial,,False,4,False,False,False,False
a2,Desfa2023,phase3,3,0,GRI 2,2-4,,partial,,False,2,False,False,False,False
a2,Desfa2023,phase3,4,0,GRI 2,2-5,,partial,,False,4,False,False,False,False
a2,Desfa2023,phase3,5,0,GRI 2,2-6,,partial,,False,6,False,False,False,False
a2,Desfa2023,phase3,6,0,GRI 2,2-7,,partial,,False,10,False,False,False,False
a2,Desfa2023,phase3,7,0,GRI 2,2-8,,partial,,False,5,False,False,False,False
a2,Desfa2023,phase3,8,0,GRI 2,2-9,,partial,,False,10,False,False,False,False
a2,Desfa2023,phase3,9,0,GRI 2,2-10,,omitted,no page pack: omitted,False,0,True,False,True,True
a2,Desfa2023,phase3,10,0,GRI 2,2-11,,pass,,False,2,False,False,False,False
a2,Desfa2023,phase3,11,0,GRI 2,2-12,,no_evidence,,False,4,False,False,False,False
a2,Desfa2023,phase3,12,0,GRI 2,2-13,,partial,,False,3,False,False,False,False
a2,Desfa2023,phase3,13,0,GRI 2,2-14,,no_evidence,,False,2,False,False,False,False
a2,Desfa2023,phase3,14,0,GRI 2,2-15,,no_evidence,,False,5,False,False,False,False
a2,Desfa2023,phase3,15,0,GRI 2,2-16,,no_evidence,,False,2,False,False,False,False
a2,Desfa2023,phase3,16,0,GRI 2,2-17,,partial,,False,1,False,False,False,False
a2,Desfa2023,phase3,17,0,GRI 2,2-18,,omitted,no page pack: omitted,False,0,True,False,True,True
a2,Desfa2023,phase3,18,0,GRI 2,2-19,,partial,,False,6,False,False,False,False
a2,Desfa2023,phase3,19,0,GRI 2,2-20,,omitted,no page pack: omitted,False,0,True,False,True,True
a2,Desfa2023,phase3,20,0,GRI 2,2-21,,omitted,no page pack: omitted,False,0,True,False,True,True
a2,Desfa2023,phase3,21,0,GRI 2,2-22,,no_evidence,,False,1,False,False,False,False
a2,Desfa2023,phase3,22,0,GRI 2,2-23,,partial,,False,10,False,False,False,False
a2,Desfa2023,phase3,23,0,GRI 2,2-24,,partial,,False,4,False,False,False,False
a2,Desfa2023,phase3,24,0,GRI 2,2-25,,partial,,False,5,False,False,False,False
a2,Desfa2023,phase3,25,0,GRI 2,2-26,,partial,,False,2,False,False,False,False
a2,Desfa2023,phase3,26,0,GRI 2,2-27,,partial,,False,6,False,False,False,False
a2,Desfa2023,phase3,27,0,GRI 2,2-28,,pass,,False,1,False,False,False,False
a2,Desfa2023,phase3,28,0,GRI 2,2-29,,pass,,False,3,False,False,False,False
a2,Desfa2023,phase3,29,0,GRI 2,2-30,,partial,,False,2,False,False,False,False
a2,Desfa2023,phase5,0,0,GRI 3,3-1,,pass,,False,3,False,False,False,False
a2,Desfa2023,phase5,1,0,GRI 3,3-2,,partial,,False,2,False,False,False,False
a2,Desfa2023,phase5,2,0,GRI 3,3-3,Asset Integrity and critical incident management,no_evidence,,False,11,False,False,False,False
a2,Desfa2023,phase5,3,0,GRI 3,3-3,Business conduct,partial,,False,11,False,False,False,False
a2,Desfa2023,phase5,4,0,GRI 3,3-3,Carbon Footprint,partial,,False,11,False,False,False,False
a2,Desfa2023,phase5,5,0,GRI 3,3-3,"Climate adaptation, resilience, and transition/Innovation",partial,,False,11,False,False,False,False
a2,Desfa2023,phase5,6,0,GRI 3,3-3,Economic impacts,partial,,False,11,False,False,False,False
a2,Desfa2023,phase5,7,0,GRI 3,3-3,Employment practices,partial,,False,11,False,False,False,False
a2,Desfa2023,phase5,8,0,GRI 3,3-3,Freedom of association and collective bargaining,no_evidence,,False,11,False,False,False,False
a2,Desfa2023,phase5,9,0,GRI 3,3-3,Land rights,partial,,False,11,False,False,False,False
a2,Desfa2023,phase5,10,0,GRI 3,3-3,Local communities,partial,,False,11,False,False,False,False
a2,Desfa2023,phase5,11,0,GRI 3,3-3,Occupational health and safety,partial,,False,11,False,False,False,False
a2,Desfa2023,phase5,12,0,GRI 3,3-3,Privacy,partial,,False,11,False,False,False,False
a2,Desfa2023,phase6,0,0,GRI 302: Energy 2016,302-2,Carbon Footprint,omitted,no page pack: omitted,False,0,True,False,True,True
a2,Desfa2023,phase6,1,0,GRI 414: Supplier Social Assessment 2016,414-1,Employment practices,omitted,no page pack: omitted,False,0,True,False,True,True
a2,Desfa2023,phase6,2,0,GRI 414: Supplier Social Assessment 2016,414-2,Employment practices,omitted,no page pack: omitted,False,0,True,False,True,True
a2,Desfa2023,phase6,3,0,GRI 407: Freedom of Association and Collective Bargaining 2016,407-1,Freedom of association and collective bargaining,omitted,no page pack: omitted,False,0,True,False,True,True
a2,Desfa2023,phase6,4,0,GRI 203: Indirect Economic Impacts 2016,203-2,Economic impacts,omitted,no page pack: omitted,False,0,True,False,True,True
a2,Desfa2023,phase6,5,0,GRI 205: Anti-corruption 2016,205-2,Business conduct,omitted,no page pack: omitted,False,0,True,False,True,True
a2,Desfa2023,phase6,6,0,GRI 203: Indirect Economic Impacts 2016,203-1,"Climate adaptation, resilience, and transition/Innovation",partial,,False,3,False,False,False,False
a2,Desfa2023,phase6,7,0,GRI 305: Emissions 2016,305-5,"Climate adaptation, resilience, and transition/Innovation",partial,,False,5,False,False,False,False
a2,Desfa2023,phase6,8,0,GRI 302: Energy 2016,302-1,Carbon Footprint,partial,,False,13,False,False,False,False
a2,Desfa2023,phase6,9,0,GRI 302: Energy 2016,302-3,Carbon Footprint,partial,,False,4,False,False,False,False
a2,Desfa2023,phase6,10,0,GRI 305: Emissions 2016,305-1,Carbon Footprint,partial,,False,9,False,False,False,False
a2,Desfa2023,phase6,11,0,GRI 305: Emissions 2016,305-2,Carbon Footprint,partial,,False,9,False,False,False,False
a2,Desfa2023,phase6,12,0,GRI 305: Emissions 2016,305-3,Carbon Footprint,partial,,False,9,False,False,False,False
a2,Desfa2023,phase6,13,0,GRI 305: Emissions 2016,305-4,Carbon Footprint,partial,,False,4,False,False,False,False
a2,Desfa2023,phase6,14,0,GRI 401: Employment 2016,401-1,Employment practices,no_evidence,,False,2,False,False,False,False
a2,Desfa2023,phase6,15,0,GRI 401: Employment 2016,401-2,Employment practices,no_evidence,,False,8,False,False,False,False
a2,Desfa2023,phase6,16,0,GRI 401: Employment 2016,401-3,Employment practices,no_evidence,,False,5,False,False,False,False
a2,Desfa2023,phase6,17,0,GRI 402: Labor / Management Relations 2016,402-1,Employment practices,partial,,False,2,False,False,False,False
a2,Desfa2023,phase6,18,0,GRI 404: Training & Education 2016,404-1,Employment practices,partial,,False,2,False,False,False,False
a2,Desfa2023,phase6,19,0,GRI 404: Training & Education 2016,404-2,Employment practices,partial,,False,2,False,False,False,False
a2,Desfa2023,phase6,20,0,GRI 403: Occupational Health & Safety 2018,403-1,Occupational health and safety,partial,,False,3,False,False,False,False
a2,Desfa2023,phase6,21,0,GRI 403: Occupational Health & Safety 2018,403-2,Occupational health and safety,partial,,False,5,False,False,False,False
a2,Desfa2023,phase6,22,0,GRI 403: Occupational Health & Safety 2018,403-3,Occupational health and safety,pass,,False,1,False,False,False,False
a2,Desfa2023,phase6,23,0,GRI 403: Occupational Health & Safety 2018,403-4,Occupational health and safety,partial,,False,2,False,False,False,False
a2,Desfa2023,phase6,24,0,GRI 403: Occupational Health & Safety 2018,403-5,Occupational health and safety,pass,,False,1,False,False,False,False
a2,Desfa2023,phase6,25,0,GRI 403: Occupational Health & Safety 2018,403-6,Occupational health and safety,pass,,False,2,False,False,False,False
a2,Desfa2023,phase6,26,0,GRI 403: Occupational Health & Safety 2018,403-7,Occupational health and safety,pass,,False,1,False,False,False,False
a2,Desfa2023,phase6,27,0,GRI 403: Occupational Health & Safety 2018,403-8,Occupational health and safety,partial,,False,4,False,False,False,False
a2,Desfa2023,phase6,28,0,GRI 403: Occupational Health & Safety 2018,403-9,Occupational health and safety,partial,,False,16,False,False,False,False
a2,Desfa2023,phase6,29,0,GRI 403: Occupational Health & Safety 2018,403-10,Occupational health and safety,partial,,False,10,False,False,False,False
a2,Desfa2023,phase6,30,0,GRI 306: Effluents and Waste 2016,306-3,Asset Integrity and critical incident management,partial,,False,7,False,False,False,False
a2,Desfa2023,phase6,31,0,GRI 413: Local Communities 2016,413-1,Local communities,partial,,False,8,False,False,False,False
a2,Desfa2023,phase6,32,0,GRI 413: Local Communities 2016,413-2,Local communities,partial,,False,2,False,False,False,False
a2,Desfa2023,phase6,33,0,GRI 201: Economic Performance 2016,201-1,Economic impacts,no_evidence,,False,4,False,False,False,False
a2,Desfa2023,phase6,34,0,GRI 202: Market Presence 2016,202-2,Economic impacts,pass,,False,4,False,False,False,False
a2,Desfa2023,phase6,35,0,GRI 203: Indirect Economic Impacts 2016,203-1,Economic impacts,partial,,False,3,False,False,False,False
a2,Desfa2023,phase6,36,0,GRI 204: Procurement Practices 2016,204-1,Economic impacts,partial,,False,3,False,False,False,False
a2,Desfa2023,phase6,37,0,GRI 201: Anti-corruption 2016,201-4,Business conduct,partial,,False,10,False,False,False,False
a2,Desfa2023,phase6,38,0,GRI 205: Anti-corruption 2016,205-1,Business conduct,partial,,False,2,False,False,False,False
a2,Desfa2023,phase6,39,0,GRI 205: Anti-corruption 2016,205-3,Business conduct,pass,,False,4,False,False,False,False
a2,Desfa2023,phase6,40,0,GRI 206: Anti-competitive Behavior 2016,206-1,Business conduct,no_evidence,,False,2,False,False,False,False
a2,Desfa2023,phase6,41,0,GRI 415: Public Policy 2016,415-1,Business conduct,partial,,False,2,False,False,False,False
a2,Desfa2023,phase6,42,0,GRI 418: Customer Privacy 2016,418-1,Privacy,partial,,False,4,False,False,False,False
a2,Energean2023,phase3,0,0,GRI 2,2-1,,external_verification,no page pack: external_document_reference,False,0,False,True,True,True
a2,Energean2023,phase3,1,0,GRI 2,2-2,,external_verification,no page pack: external_document_reference,False,0,False,True,True,True
a2,Energean2023,phase3,2,0,GRI 2,2-3,,external_verification,no page pack: external_document_reference,False,0,False,True,True,True
a2,Energean2023,phase3,3,0,GRI 2,2-4,,external_verification,no page pack: external_document_reference,False,0,False,True,True,True
a2,Energean2023,phase3,4,0,GRI 2,2-5,,external_verification,no page pack: external_document_reference,False,0,False,True,True,True
a2,Energean2023,phase3,5,0,GRI 2,2-6,,external_verification,no page pack: external_document_reference,False,0,False,True,True,True
a2,Energean2023,phase3,6,0,GRI 2,2-7,,external_verification,no page pack: external_document_reference,False,0,False,True,True,True
a2,Energean2023,phase3,7,0,GRI 2,2-8,,external_verification,no page pack: external_document_reference,False,0,False,True,True,True
a2,Energean2023,phase3,8,0,GRI 2,2-9,,external_verification,no page pack: external_document_reference,False,0,False,True,True,True
a2,Energean2023,phase3,9,0,GRI 2,2-10,,external_verification,no page pack: external_document_reference,False,0,False,True,True,True
a2,Energean2023,phase3,10,0,GRI 2,2-11,,external_verification,no page pack: external_document_reference,False,0,False,True,True,True
a2,Energean2023,phase3,11,0,GRI 2,2-12,,external_verification,no page pack: external_document_reference,False,0,False,True,True,True
a2,Energean2023,phase3,12,0,GRI 2,2-13,,external_verification,no page pack: external_document_reference,False,0,False,True,True,True
a2,Energean2023,phase3,13,0,GRI 2,2-14,,external_verification,no page pack: external_document_reference,False,0,False,True,True,True
a2,Energean2023,phase3,14,0,GRI 2,2-15,,no_evidence,,False,5,False,False,False,False
a2,Energean2023,phase3,15,0,GRI 2,2-16,,external_verification,no page pack: external_document_reference,False,0,False,True,True,True
a2,Energean2023,phase3,16,0,GRI 2,2-17,,external_verification,no page pack: external_document_reference,False,0,False,True,True,True
a2,Energean2023,phase3,17,0,GRI 2,2-18,,external_verification,no page pack: external_document_reference,False,0,False,True,True,True
a2,Energean2023,phase3,18,0,GRI 2,2-19,,external_verification,no page pack: external_document_reference,False,0,False,True,True,True
a2,Energean2023,phase3,19,0,GRI 2,2-20,,external_verification,no page pack: external_document_reference,False,0,False,True,True,True
a2,Energean2023,phase3,20,0,GRI 2,2-21,,external_verification,no page pack: external_document_reference,False,0,False,True,True,True
a2,Energean2023,phase3,21,0,GRI 2,2-22,,external_verification,no page pack: external_document_reference,False,0,False,True,True,True
a2,Energean2023,phase3,22,0,GRI 2,2-23,,external_verification,no page pack: external_document_reference,False,0,False,True,True,True
a2,Energean2023,phase3,23,0,GRI 2,2-24,,external_verification,no page pack: external_document_reference,False,0,False,True,True,True
a2,Energean2023,phase3,24,0,GRI 2,2-25,,external_verification,no page pack: external_document_reference,False,0,False,True,True,True
a2,Energean2023,phase3,25,0,GRI 2,2-26,,external_verification,no page pack: external_document_reference,False,0,False,True,True,True
a2,Energean2023,phase3,26,0,GRI 2,2-27,,external_verification,no page pack: external_document_reference,False,0,False,True,True,True
a2,Energean2023,phase3,27,0,GRI 2,2-28,,external_verification,no page pack: external_document_reference,False,0,False,True,True,True
a2,Energean2023,phase3,28,0,GRI 2,2-29,,external_verification,no page pack: external_document_reference,False,0,False,True,True,True
a2,Energean2023,phase3,29,0,GRI 2,2-30,,external_verification,no page pack: external_document_reference,False,0,False,True,True,True
a2,Energean2023,phase5,0,0,GRI 3,3-1,,external_verification,no page pack: external_document_reference,False,0,False,True,True,True
a2,Energean2023,phase5,1,0,GRI 3,3-2,,external_verification,no page pack: external_document_reference,False,0,False,True,True,True
a2,Energean2023,phase5,2,0,GRI 3,3-3,Building and maintaining community relations,fail,no page pack: missing_disclosure,False,0,False,False,True,True
a2,Energean2023,phase5,3,0,GRI 3,3-3,Ensuring data security,external_verification,no page pack: external_document_reference,False,0,False,True,True,True
a2,Energean2023,phase5,4,0,GRI 3,3-3,Ensuring emergency preparedness,external_verification,no page pack: external_document_reference,False,0,False,True,True,True
a2,Energean2023,phase5,5,0,GRI 3,3-3,Ensuring regulatory compliance,external_verification,no page pack: external_document_reference,False,0,False,True,True,True
a2,Energean2023,phase5,6,0,GRI 3,3-3,Focusing on employment practices,external_verification,no page pack: external_document_reference,False,0,False,True,True,True
a2,Energean2023,phase5,7,0,GRI 3,3-3,Fostering diversity and inclusion,fail,no page pack: missing_disclosure,False,0,False,False,True,True
a2,Energean2023,phase5,8,0,GRI 3,3-3,Generating economic value,external_verification,no page pack: external_document_reference,False,0,False,True,True,True
a2,Energean2023,phase5,9,0,GRI 3,3-3,Growing the share of natural gas in our product portfolio,external_verification,no page pack: external_document_reference,False,0,False,True,True,True
a2,Energean2023,phase5,10,0,GRI 3,3-3,Increasing the implementation of water efficiency innovations,fail,no page pack: missing_disclosure,False,0,False,False,True,True
a2,Energean2023,phase5,11,0,GRI 3,3-3,Minimising waste and increasing the implementation of circular economy practices,fail,no page pack: missing_disclosure,False,0,False,False,True,True
a2,Energean2023,phase5,12,0,GRI 3,3-3,Protecting and preserving biodiversity,external_verification,no page pack: external_document_reference,False,0,False,True,True,True
a2,Energean2023,phase5,13,0,GRI 3,3-3,Reducing (non-renewable) energy consumption,fail,no page pack: missing_disclosure,False,0,False,False,True,True
a2,Energean2023,phase5,14,0,GRI 3,3-3,Reducing greenhouse gases and air emissions,external_verification,no page pack: external_document_reference,False,0,False,True,True,True
a2,Energean2023,phase5,15,0,GRI 3,3-3,Safeguarding business ethics and transparent relationships,external_verification,no page pack: external_document_reference,False,0,False,True,True,True
a2,Energean2023,phase5,16,0,GRI 3,3-3,Safeguarding health and safety,external_verification,no page pack: external_document_reference,False,0,False,True,True,True
a2,Energean2023,phase5,17,0,GRI 3,3-3,Safeguarding human rights at work,external_verification,no page pack: external_document_reference,False,0,False,True,True,True
a2,Energean2023,phase6,0,0,GRI 305: Emissions 2016,305-1,Reducing greenhouse gases and air emissions,external_verification,no page pack: external_document_reference,False,0,False,True,True,True
a2,Energean2023,phase6,1,0,GRI 305: Emissions 2016,305-2,Reducing greenhouse gases and air emissions,external_verification,no page pack: external_document_reference,False,0,False,True,True,True
a2,Energean2023,phase6,2,0,GRI 305: Emissions 2016,305-3,Reducing greenhouse gases and air emissions,external_verification,no page pack: external_document_reference,False,0,False,True,True,True
a2,Energean2023,phase6,3,0,GRI 305: Emissions 2016,305-4,Reducing greenhouse gases and air emissions,external_verification,no page pack: external_document_reference,False,0,False,True,True,True
a2,Energean2023,phase6,4,0,GRI 305: Emissions 2016,305-5,Reducing greenhouse gases and air emissions,external_verification,no page pack: external_document_reference,False,0,False,True,True,True
a2,Energean2023,phase6,5,0,GRI 305: Emissions 2016,305-6,Reducing greenhouse gases and air emissions,omitted,no page pack: omitted,False,0,True,False,True,True
a2,Energean2023,phase6,6,0,GRI 305: Emissions 2016,305-7,Reducing greenhouse gases and air emissions,external_verification,no page pack: external_document_reference,False,0,False,True,True,True
a2,Energean2023,phase6,7,0,Internal KPI,,Growing the share of natural gas in our product portfolio,fail,GCI row has missing/blank disclosure_id — cannot judge,False,0,False,False,False,True
a2,Energean2023,phase6,8,0,GRI 304: Biodiversity 2016,304-1,Protecting and preserving biodiversity,external_verification,no page pack: external_document_reference,False,0,False,True,True,True
a2,Energean2023,phase6,9,0,GRI 304: Biodiversity 2016,304-2,Protecting and preserving biodiversity,external_verification,no page pack: external_document_reference,False,0,False,True,True,True
a2,Energean2023,phase6,10,0,GRI 304: Biodiversity 2016,304-3,Protecting and preserving biodiversity,external_verification,no page pack: external_document_reference,False,0,False,True,True,True
a2,Energean2023,phase6,11,0,GRI 304: Biodiversity 2016,304-4,Protecting and preserving biodiversity,external_verification,no page pack: external_document_reference,False,0,False,True,True,True
a2,Energean2023,phase6,12,0,GRI 403: Occupational Health and Safety 2018,403-1,Safeguarding health and safety,external_verification,no page pack: external_document_reference,False,0,False,True,True,True
a2,Energean2023,phase6,13,0,GRI 403: Occupational Health and Safety 2018,403-2,Safeguarding health and safety,external_verification,no page pack: external_document_reference,False,0,False,True,True,True
a2,Energean2023,phase6,14,0,GRI 403: Occupational Health and Safety 2018,403-3,Safeguarding health and safety,external_verification,no page pack: external_document_reference,False,0,False,True,True,True
a2,Energean2023,phase6,15,0,GRI 403: Occupational Health and Safety 2018,403-4,Safeguarding health and safety,external_verification,no page pack: external_document_reference,False,0,False,True,True,True
a2,Energean2023,phase6,16,0,GRI 403: Occupational Health and Safety 2018,403-5,Safeguarding health and safety,external_verification,no page pack: external_document_reference,False,0,False,True,True,True
a2,Energean2023,phase6,17,0,GRI 403: Occupational Health and Safety 2018,403-6,Safeguarding health and safety,external_verification,no page pack: external_document_reference,False,0,False,True,True,True
a2,Energean2023,phase6,18,0,GRI 403: Occupational Health and Safety 2018,403-7,Safeguarding health and safety,external_verification,no page pack: external_document_reference,False,0,False,True,True,True
a2,Energean2023,phase6,19,0,GRI 403: Occupational Health and Safety 2018,403-8,Safeguarding health and safety,external_verification,no page pack: external_document_reference,False,0,False,True,True,True
a2,Energean2023,phase6,20,0,GRI 403: Occupational Health and Safety 2018,403-9,Safeguarding health and safety,external_verification,no page pack: external_document_reference,False,0,False,True,True,True
a2,Energean2023,phase6,21,0,GRI 403: Occupational Health and Safety 2018,403-10,Safeguarding health and safety,external_verification,no page pack: external_document_reference,False,0,False,True,True,True
a2,Energean2023,phase6,22,0,GRI 416: Customer Health and Safety 2016,416-1,Safeguarding health and safety,external_verification,no page pack: external_document_reference,False,0,False,True,True,True
a2,Energean2023,phase6,23,0,GRI 11: Oil and Gas Sector 2021,,Ensuring emergency preparedness,fail,GCI row has missing/blank disclosure_id — cannot judge,False,0,False,False,False,True
a2,Energean2023,phase6,24,0,GRI 406: Non-discrimination 2016,406-1,Safeguarding human rights at work,external_verification,no page pack: external_document_reference,False,0,False,True,True,True
a2,Energean2023,phase6,25,0,GRI 407: Freedom of Association and Collective Bargaining 2016,407-1,Safeguarding human rights at work,external_verification,no page pack: external_document_reference,False,0,False,True,True,True
a2,Energean2023,phase6,26,0,GRI 408: Child Labour 2016,408-1,Safeguarding human rights at work,external_verification,no page pack: external_document_reference,False,0,False,True,True,True
a2,Energean2023,phase6,27,0,GRI 409: Forced or Compulsory Labour 2016,409-1,Safeguarding human rights at work,external_verification,no page pack: external_document_reference,False,0,False,True,True,True
a2,Energean2023,phase6,28,0,GRI 411: Rights of Indigenous Peoples 2016,411-1,Safeguarding human rights at work,external_verification,no page pack: external_document_reference,False,0,False,True,True,True
a2,Energean2023,phase6,29,0,GRI 202: Market Presence 2016,202-1,Focusing on employment practices,external_verification,no page pack: external_document_reference,False,0,False,True,True,True
a2,Energean2023,phase6,30,0,GRI 202: Market Presence 2016,202-2,Focusing on employment practices,external_verification,no page pack: external_document_reference,False,0,False,True,True,True
a2,Energean2023,phase6,31,0,GRI 401: Employment 2016,401-1,Focusing on employment practices,external_verification,no page pack: external_document_reference,False,0,False,True,True,True
a2,Energean2023,phase6,32,0,GRI 401: Employment 2016,401-2,Focusing on employment practices,external_verification,no page pack: external_document_reference,False,0,False,True,True,True
a2,Energean2023,phase6,33,0,GRI 401: Employment 2016,401-3,Focusing on employment practices,external_verification,no page pack: external_document_reference,False,0,False,True,True,True
a2,Energean2023,phase6,34,0,GRI 402: Labour/Management Relations 2016,402-1,Focusing on employment practices,external_verification,no page pack: external_document_reference,False,0,False,True,True,True
a2,Energean2023,phase6,35,0,GRI 404: Training and Education 2016,404-1,Focusing on employment practices,external_verification,no page pack: external_document_reference,False,0,False,True,True,True
a2,Energean2023,phase6,36,0,GRI 404: Training and Education 2016,404-2,Focusing on employment practices,external_verification,no page pack: external_document_reference,False,0,False,True,True,True
a2,Energean2023,phase6,37,0,GRI 404: Training and Education 2016,404-3,Focusing on employment practices,external_verification,no page pack: external_document_reference,False,0,False,True,True,True
a2,Energean2023,phase6,38,0,GRI 410: Security Practices 2016,410-1,Focusing on employment practices,omitted,no page pack: omitted,False,0,True,False,True,True
a2,Energean2023,phase6,39,0,GRI 414: Supplier Social Assessment 2016,414-1,Focusing on employment practices,external_verification,no page pack: external_document_reference,False,0,False,True,True,True
a2,Energean2023,phase6,40,0,GRI 414: Supplier Social Assessment 2016,414-2,Focusing on employment practices,omitted,no page pack: omitted,False,0,True,False,True,True
a2,Energean2023,phase6,41,0,GRI 201: Economic Performance 2016,201-1,Generating economic value,external_verification,no page pack: external_document_reference,False,0,False,True,True,True
a2,Energean2023,phase6,42,0,GRI 201: Economic Performance 2016,201-2,Generating economic value,external_verification,no page pack: external_document_reference,False,0,False,True,True,True
a2,Energean2023,phase6,43,0,GRI 201: Economic Performance 2016,201-3,Generating economic value,external_verification,no page pack: external_document_reference,False,0,False,True,True,True
a2,Energean2023,phase6,44,0,GRI 201: Economic Performance 2016,201-4,Generating economic value,external_verification,no page pack: external_document_reference,False,0,False,True,True,True
a2,Energean2023,phase6,45,0,GRI 203: Indirect Economic Impacts 2016,203-1,Generating economic value,omitted,no page pack: omitted,False,0,True,False,True,True
a2,Energean2023,phase6,46,0,GRI 203: Indirect Economic Impacts 2016,203-2,Generating economic value,omitted,no page pack: omitted,False,0,True,False,True,True
a2,Energean2023,phase6,47,0,GRI 204: Procurement Practices 2016,204-1,Generating economic value,external_verification,no page pack: external_document_reference,False,0,False,True,True,True
a2,Energean2023,phase6,48,0,GRI 207: Tax 2019,207-1,Generating economic value,external_verification,no page pack: external_document_reference,False,0,False,True,True,True
a2,Energean2023,phase6,49,0,GRI 207: Tax 2019,207-2,Generating economic value,external_verification,no page pack: external_document_reference,False,0,False,True,True,True
a2,Energean2023,phase6,50,0,GRI 207: Tax 2019,207-3,Generating economic value,external_verification,no page pack: external_document_reference,False,0,False,True,True,True
a2,Energean2023,phase6,51,0,GRI 207: Tax 2019,207-4,Generating economic value,external_verification,no page pack: external_document_reference,False,0,False,True,True,True
a2,Energean2023,phase6,52,0,GRI 205: Anti-corruption 2016,205-1,Safeguarding business ethics and transparent relationships,external_verification,no page pack: external_document_reference,False,0,False,True,True,True
a2,Energean2023,phase6,53,0,GRI 205: Anti-corruption 2016,205-2,Safeguarding business ethics and transparent relationships,external_verification,no page pack: external_document_reference,False,0,False,True,True,True
a2,Energean2023,phase6,54,0,GRI 205: Anti-corruption 2016,205-3,Safeguarding business ethics and transparent relationships,external_verification,no page pack: external_document_reference,False,0,False,True,True,True
a2,Energean2023,phase6,55,0,GRI 415: Public Policy 2016,415-1,Safeguarding business ethics and transparent relationships,external_verification,no page pack: external_document_reference,False,0,False,True,True,True
a2,Energean2023,phase6,56,0,GRI 206: Anti-competitive Behavior 2016,206-1,Ensuring regulatory compliance,external_verification,no page pack: external_document_reference,False,0,False,True,True,True
a2,Energean2023,phase6,57,0,GRI 418: Customer Privacy 2016,418-1,Ensuring data security,external_verification,no page pack: external_document_reference,False,0,False,True,True,True
a2,Energean2023,phase6,58,0,GRI 302: Energy 2016,302-1,Reducing (non-renewable) energy consumption,external_verification,no page pack: external_document_reference,False,0,False,True,True,True
a2,Energean2023,phase6,59,0,GRI 302: Energy 2016,302-2,Reducing (non-renewable) energy consumption,omitted,no page pack: omitted,False,0,True,False,True,True
a2,Energean2023,phase6,60,0,GRI 302: Energy 2016,302-3,Reducing (non-renewable) energy consumption,external_verification,no page pack: external_document_reference,False,0,False,True,True,True
a2,Energean2023,phase6,61,0,GRI 302: Energy 2016,302-4,Reducing (non-renewable) energy consumption,external_verification,no page pack: external_document_reference,False,0,False,True,True,True
a2,Energean2023,phase6,62,0,GRI 303: Water and Effluents 2018,303-1,Increasing the implementation of water efficiency innovations,external_verification,no page pack: external_document_reference,False,0,False,True,True,True
a2,Energean2023,phase6,63,0,GRI 303: Water and Effluents 2018,303-2,Increasing the implementation of water efficiency innovations,external_verification,no page pack: external_document_reference,False,0,False,True,True,True
a2,Energean2023,phase6,64,0,GRI 303: Water and Effluents 2018,303-3,Increasing the implementation of water efficiency innovations,external_verification,no page pack: external_document_reference,False,0,False,True,True,True
a2,Energean2023,phase6,65,0,GRI 303: Water and Effluents 2018,303-4,Increasing the implementation of water efficiency innovations,external_verification,no page pack: external_document_reference,False,0,False,True,True,True
a2,Energean2023,phase6,66,0,GRI 303: Water and Effluents 2018,303-5,Increasing the implementation of water efficiency innovations,external_verification,no page pack: external_document_reference,False,0,False,True,True,True
a2,Energean2023,phase6,67,0,GRI 306: Waste 2020,306-1,Minimising waste and increasing the implementation of circular economy practices,external_verification,no page pack: external_document_reference,False,0,False,True,True,True
a2,Energean2023,phase6,68,0,GRI 306: Waste 2020,306-2,Minimising waste and increasing the implementation of circular economy practices,external_verification,no page pack: external_document_reference,False,0,False,True,True,True
a2,Energean2023,phase6,69,0,GRI 306: Waste 2020,306-3,Minimising waste and increasing the implementation of circular economy practices,external_verification,no page pack: external_document_reference,False,0,False,True,True,True
a2,Energean2023,phase6,70,0,GRI 306: Waste 2020,306-4,Minimising waste and increasing the implementation of circular economy practices,external_verification,no page pack: external_document_reference,False,0,False,True,True,True
a2,Energean2023,phase6,71,0,GRI 306: Waste 2020,306-5,Minimising waste and increasing the implementation of circular economy practices,external_verification,no page pack: external_document_reference,False,0,False,True,True,True
a2,Energean2023,phase6,72,0,GRI 405: Diversity and Equal Opportunity 2016,405-1,Fostering diversity and inclusion,external_verification,no page pack: external_document_reference,False,0,False,True,True,True
a2,Energean2023,phase6,73,0,GRI 405: Diversity and Equal Opportunity 2016,405-2,Fostering diversity and inclusion,external_verification,no page pack: external_document_reference,False,0,False,True,True,True
a2,Energean2023,phase6,74,0,GRI 413: Local Communities 2016,413-1,Building and maintaining community relations,external_verification,no page pack: external_document_reference,False,0,False,True,True,True
a2,Energean2023,phase6,75,0,GRI 413: Local Communities 2016,413-2,Building and maintaining community relations,omitted,no page pack: omitted,False,0,True,False,True,True
a2,Energean2023,phase6,76,0,GRI 11: Oil and Gas Sector 2021,,Building and maintaining community relations,fail,GCI row has missing/blank disclosure_id — cannot judge,False,0,False,False,False,True
a2,Energean2024,phase3,0,0,GRI 2,2-1,,partial,,False,4,False,False,False,False
a2,Energean2024,phase3,1,0,GRI 2,2-2,,external_verification,no page pack: external_document_reference,False,0,False,True,True,True
a2,Energean2024,phase3,2,0,GRI 2,2-3,,partial,,False,4,False,False,False,False
a2,Energean2024,phase3,3,0,GRI 2,2-4,,no_evidence,,False,2,False,False,False,False
a2,Energean2024,phase3,4,0,GRI 2,2-5,,partial,,False,4,False,False,False,False
a2,Energean2024,phase3,5,0,GRI 2,2-6,,partial,,False,6,False,False,False,False
a2,Energean2024,phase3,6,0,GRI 2,2-7,,partial,,False,10,False,False,False,False
a2,Energean2024,phase3,7,0,GRI 2,2-8,,pass,,False,5,False,False,False,False
a2,Energean2024,phase3,8,0,GRI 2,2-9,,external_verification,no page pack: external_document_reference,False,0,False,True,True,True
a2,Energean2024,phase3,9,0,GRI 2,2-10,,external_verification,no page pack: external_document_reference,False,0,False,True,True,True
a2,Energean2024,phase3,10,0,GRI 2,2-11,,no_evidence,,False,2,False,False,False,False
a2,Energean2024,phase3,11,0,GRI 2,2-12,,external_verification,no page pack: external_document_reference,False,0,False,True,True,True
a2,Energean2024,phase3,12,0,GRI 2,2-13,,no_evidence,,False,3,False,False,False,False
a2,Energean2024,phase3,13,0,GRI 2,2-14,,no_evidence,,False,2,False,False,False,False
a2,Energean2024,phase3,14,0,GRI 2,2-15,,no_evidence,,False,5,False,False,False,False
a2,Energean2024,phase3,15,0,GRI 2,2-16,,no_evidence,,False,2,False,False,False,False
a2,Energean2024,phase3,16,0,GRI 2,2-17,,no_evidence,,False,1,False,False,False,False
a2,Energean2024,phase3,17,0,GRI 2,2-18,,no_evidence,,False,3,False,False,False,False
a2,Energean2024,phase3,18,0,GRI 2,2-19,,partial,,False,6,False,False,False,False
a2,Energean2024,phase3,19,0,GRI 2,2-20,,partial,,False,4,False,False,False,False
a2,Energean2024,phase3,20,0,GRI 2,2-21,,partial,,False,3,False,False,False,False
a2,Energean2024,phase3,21,0,GRI 2,2-22,,pass,,False,1,False,False,False,False
a2,Energean2024,phase3,22,0,GRI 2,2-23,,partial,,False,10,False,False,False,False
a2,Energean2024,phase3,23,0,GRI 2,2-24,,partial,,False,4,False,False,False,False
a2,Energean2024,phase3,24,0,GRI 2,2-25,,partial,,False,5,False,False,False,False
a2,Energean2024,phase3,25,0,GRI 2,2-26,,partial,,False,2,False,False,False,False
a2,Energean2024,phase3,26,0,GRI 2,2-27,,partial,,False,6,False,False,False,False
a2,Energean2024,phase3,27,0,GRI 2,2-28,,pass,,False,1,False,False,False,False
a2,Energean2024,phase3,28,0,GRI 2,2-29,,partial,,False,3,False,False,False,False
a2,Energean2024,phase3,29,0,GRI 2,2-30,,pass,,False,2,False,False,False,False
a2,Energean2024,phase5,0,0,GRI 3,3-1,,partial,,False,3,False,False,False,False
a2,Energean2024,phase5,1,0,GRI 3,3-2,,partial,,False,2,False,False,False,False
a2,Energean2024,phase5,2,0,GRI 3,3-3,Affected communities,partial,,False,11,False,False,False,False
a2,Energean2024,phase5,3,0,GRI 3,3-3,Business conduct,partial,,False,11,False,False,False,False
a2,Energean2024,phase5,4,0,GRI 3,3-3,Circular economy,partial,,False,11,False,False,False,False
a2,Energean2024,phase5,5,0,GRI 3,3-3,Climate Change,partial,,False,11,False,False,False,False
a2,Energean2024,phase5,6,0,GRI 3,3-3,Ensuring data security,fail,no page pack: missing_disclosure,False,0,False,False,True,True
a2,Energean2024,phase5,7,0,GRI 3,3-3,Generating economic value,fail,no page pack: missing_disclosure,False,0,False,False,True,True
a2,Energean2024,phase5,8,0,GRI 3,3-3,Growing the share of natural gas in the product portfolio,fail,no page pack: missing_disclosure,False,0,False,False,True,True
a2,Energean2024,phase5,9,0,GRI 3,3-3,Own workforce,partial,,False,11,False,False,False,False
a2,Energean2024,phase5,10,0,GRI 3,3-3,Pollution,partial,,False,11,False,False,False,False
a2,Energean2024,phase5,11,0,GRI 3,3-3,Reducing (non-renewable) energy consumption,fail,no page pack: missing_disclosure,False,0,False,False,True,True
a2,Energean2024,phase5,12,0,GRI 3,3-3,Water and marine resources,partial,,False,11,False,False,False,False
a2,Energean2024,phase6,0,0,GRI 305: Emissions 2016,305-6,Climate Change,omitted,no page pack: omitted,False,0,True,False,True,True
a2,Energean2024,phase6,1,0,GRI 410: Security Practices 2016,410-1,Own workforce,omitted,no page pack: omitted,False,0,True,False,True,True
a2,Energean2024,phase6,2,0,GRI 11: Oil and Gas Sector,,Own workforce,fail,GCI row has missing/blank disclosure_id — cannot judge,False,0,False,False,False,True
a2,Energean2024,phase6,3,0,GRI 413: Local Communities 2016,413-2,Affected communities,omitted,no page pack: omitted,False,0,True,False,True,True
a2,Energean2024,phase6,4,0,GRI 11: Oil and Gas Sector,,Affected communities,fail,GCI row has missing/blank disclosure_id — cannot judge,False,0,False,False,False,True
a2,Energean2024,phase6,5,0,GRI 414: Supplier Social Assessment 2016,414-2,Business conduct,omitted,no page pack: omitted,False,0,True,False,True,True
a2,Energean2024,phase6,6,0,Internal KPI,,Growing the share of natural gas in the product portfolio,fail,GCI row has missing/blank disclosure_id — cannot judge,False,0,False,False,False,True
a2,Energean2024,phase6,7,0,GRI 201: Economic Performance 2016,201-2,Generating economic value,external_verification,no page pack: external_document_reference,False,0,False,True,True,True
a2,Energean2024,phase6,8,0,GRI 203: Indirect Economic Impacts 2016,203-1,Generating economic value,omitted,no page pack: omitted,False,0,True,False,True,True
a2,Energean2024,phase6,9,0,GRI 203: Indirect Economic Impacts 2016,203-2,Generating economic value,omitted,no page pack: omitted,False,0,True,False,True,True
a2,Energean2024,phase6,10,0,GRI 207: Tax 2019,207-1,Generating economic value,external_verification,no page pack: external_document_reference,False,0,False,True,True,True
a2,Energean2024,phase6,11,0,GRI 207: Tax 2019,207-2,Generating economic value,external_verification,no page pack: external_document_reference,False,0,False,True,True,True
a2,Energean2024,phase6,12,0,GRI 207: Tax 2019,207-3,Generating economic value,external_verification,no page pack: external_document_reference,False,0,False,True,True,True
a2,Energean2024,phase6,13,0,GRI 207: Tax 2019,207-4,Generating economic value,external_verification,no page pack: external_document_reference,False,0,False,True,True,True
a2,Energean2024,phase6,14,0,GRI 302: Energy 2016,302-2,Reducing (non-renewable) energy consumption,omitted,no page pack: omitted,False,0,True,False,True,True
a2,Energean2024,phase6,15,0,GRI 304: Biodiversity 2016,304-1,Climate Change,no_evidence,,False,7,False,False,False,False
a2,Energean2024,phase6,16,0,GRI 305: Emissions 2016,305-1,Climate Change,partial,,False,9,False,False,False,False
a2,Energean2024,phase6,17,0,GRI 305: Emissions 2016,305-2,Climate Change,partial,,False,9,False,False,False,False
a2,Energean2024,phase6,18,0,GRI 305: Emissions 2016,305-3,Climate Change,partial,,False,9,False,False,False,False
a2,Energean2024,phase6,19,0,GRI 305: Emissions 2016,305-4,Climate Change,no_evidence,,False,4,False,False,False,False
a2,Energean2024,phase6,20,0,GRI 305: Emissions 2016,305-5,Climate Change,partial,,False,5,False,False,False,False
a2,Energean2024,phase6,21,0,GRI 304: Biodiversity 2016,304-2,Climate Change,partial,,False,10,False,False,False,False
a2,Energean2024,phase6,22,0,GRI 304: Biodiversity 2016,304-3,Climate Change,partial,,False,4,False,False,False,False
a2,Energean2024,phase6,23,0,GRI 304: Biodiversity 2016,304-4,Climate Change,pass,,False,5,False,False,False,False
a2,Energean2024,phase6,24,0,GRI 305: Emissions 2016,305-7,Pollution,partial,,False,7,False,False,False,False
a2,Energean2024,phase6,25,0,GRI 303: Water and Effluents 2018,303-1,Water and marine resources,partial,,False,4,False,False,False,False
a2,Energean2024,phase6,26,0,GRI 303: Water and Effluents 2018,303-2,Water and marine resources,no_evidence,,False,4,False,False,False,False
a2,Energean2024,phase6,27,0,GRI 303: Water and Effluents 2018,303-3,Water and marine resources,partial,,False,13,False,False,False,False
a2,Energean2024,phase6,28,0,GRI 303: Water and Effluents 2018,303-4,Water and marine resources,no_evidence,,False,12,False,False,False,False
a2,Energean2024,phase6,29,0,GRI 303: Water and Effluents 2018,303-5,Water and marine resources,partial,,False,4,False,False,False,False
a2,Energean2024,phase6,30,0,GRI 306: Waste 2020,306-1,Circular economy,partial,,False,6,False,False,False,False
a2,Energean2024,phase6,31,0,GRI 306: Waste 2020,306-2,Circular economy,partial,,False,24,False,False,False,False
a2,Energean2024,phase6,32,0,GRI 306: Waste 2020,306-3,Circular economy,partial,,False,7,False,False,False,False
a2,Energean2024,phase6,33,0,GRI 306: Waste 2020,306-4,Circular economy,partial,,False,16,False,False,False,False
a2,Energean2024,phase6,34,0,GRI 306: Waste 2020,306-5,Circular economy,partial,,False,15,False,False,False,False
a2,Energean2024,phase6,35,0,GRI 202: Market Presence 2016,202-1,Own workforce,no_evidence,,False,4,False,False,False,False
a2,Energean2024,phase6,36,0,GRI 401: Employment 2016,401-1,Own workforce,no_evidence,,False,2,False,False,False,False
a2,Energean2024,phase6,37,0,GRI 401: Employment 2016,401-2,Own workforce,no_evidence,,False,8,False,False,False,False
a2,Energean2024,phase6,38,0,GRI 401: Employment 2016,401-3,Own workforce,no_evidence,,False,5,False,False,False,False
a2,Energean2024,phase6,39,0,GRI 402: Labour/Management Relations 2016,402-1,Own workforce,partial,,False,2,False,False,False,False
a2,Energean2024,phase6,40,0,GRI 403: Occupational Health and Safety 2018,403-1,Own workforce,partial,,False,3,False,False,False,False
a2,Energean2024,phase6,41,0,GRI 403: Occupational Health and Safety 2018,403-2,Own workforce,partial,,False,5,False,False,False,False
a2,Energean2024,phase6,42,0,GRI 403: Occupational Health and Safety 2018,403-3,Own workforce,pass,,False,1,False,False,False,False
a2,Energean2024,phase6,43,0,GRI 403: Occupational Health and Safety 2018,403-4,Own workforce,partial,,False,2,False,False,False,False
a2,Energean2024,phase6,44,0,GRI 403: Occupational Health and Safety 2018,403-5,Own workforce,pass,,False,1,False,False,False,False
a2,Energean2024,phase6,45,0,GRI 403: Occupational Health and Safety 2018,403-6,Own workforce,partial,,False,2,False,False,False,False
a2,Energean2024,phase6,46,0,GRI 403: Occupational Health and Safety 2018,403-7,Own workforce,pass,,False,1,False,False,False,False
a2,Energean2024,phase6,47,0,GRI 403: Occupational Health and Safety 2018,403-8,Own workforce,no_evidence,,False,4,False,False,False,False
a2,Energean2024,phase6,48,0,GRI 403: Occupational Health and Safety 2018,403-9,Own workforce,partial,,False,16,False,False,False,False
a2,Energean2024,phase6,49,0,GRI 403: Occupational Health and Safety 2018,403-10,Own workforce,partial,,False,10,False,False,False,False
a2,Energean2024,phase6,50,0,GRI 404: Training and Education 2016,404-1,Own workforce,no_evidence,,False,2,False,False,False,False
a2,Energean2024,phase6,51,0,GRI 404: Training and Education 2016,404-2,Own workforce,partial,,False,2,False,False,False,False
a2,Energean2024,phase6,52,0,GRI 404: Training and Education 2016,404-3,Own workforce,partial,,False,1,False,False,False,False
a2,Energean2024,phase6,53,0,GRI 405: Diversity and Equal Opportunity 2016,405-1,Own workforce,no_evidence,,False,6,False,False,False,False
a2,Energean2024,phase6,54,0,GRI 405: Diversity and Equal Opportunity 2016,405-2,Own workforce,no_evidence,,False,2,False,False,False,False
a2,Energean2024,phase6,55,0,GRI 406: Non-discrimination 2016,406-1,Own workforce,no_evidence,,False,5,False,False,False,False
a2,Energean2024,phase6,56,0,GRI 407: Freedom of Association and Collective Bargaining 2016,407-1,Own workforce,partial,,False,3,False,False,False,False
a2,Energean2024,phase6,57,0,GRI 408: Child Labour 2016,408-1,Own workforce,no_evidence,,False,5,False,False,False,False
a2,Energean2024,phase6,58,0,GRI 409: Forced or Compulsory Labour 2016,409-1,Own workforce,partial,,False,3,False,False,False,False
a2,Energean2024,phase6,59,0,GRI 204: Procurement Practices 2016,204-1,Affected communities,partial,,False,3,False,False,False,False
a2,Energean2024,phase6,60,0,GRI 202: Market Presence 2016,202-2,Affected communities,no_evidence,,False,4,False,False,False,False
a2,Energean2024,phase6,61,0,GRI 411: Rights of Indigenous Peoples 2016,411-1,Affected communities,pass,,False,5,False,False,False,False
a2,Energean2024,phase6,62,0,GRI 413: Local Communities 2016,413-1,Affected communities,no_evidence,,False,8,False,False,False,False
a2,Energean2024,phase6,63,0,GRI 205: Anti-corruption 2016,205-1,Business conduct,no_evidence,,False,2,False,False,False,False
a2,Energean2024,phase6,64,0,GRI 205: Anti-corruption 2016,205-2,Business conduct,no_evidence,,False,5,False,False,False,False
a2,Energean2024,phase6,65,0,GRI 205: Anti-corruption 2016,205-3,Business conduct,no_evidence,,False,4,False,False,False,False
a2,Energean2024,phase6,66,0,GRI 206: Anti-competitive Behavior 2016,206-1,Business conduct,no_evidence,,False,2,False,False,False,False
a2,Energean2024,phase6,67,0,GRI 414: Supplier Social Assessment 2016,414-1,Business conduct,no_evidence,,False,1,False,False,False,False
a2,Energean2024,phase6,68,0,GRI 415: Public Policy 2016,415-1,Business conduct,no_evidence,,False,2,False,False,False,False
a2,Energean2024,phase6,69,0,GRI 201: Economic Performance 2016,201-1,Generating economic value,no_evidence,,False,4,False,False,False,False
a2,Energean2024,phase6,70,0,GRI 201: Economic Performance 2016,201-3,Generating economic value,partial,,False,7,False,False,False,False
a2,Energean2024,phase6,71,0,GRI 201: Economic Performance 2016,201-4,Generating economic value,no_evidence,,False,10,False,False,False,False
a2,Energean2024,phase6,72,0,GRI 418: Customer Privacy 2016,418-1,Ensuring data security,partial,,False,4,False,False,False,False
a2,Energean2024,phase6,73,0,GRI 302: Energy 2016,302-1,Reducing (non-renewable) energy consumption,partial,,False,13,False,False,False,False
a2,Energean2024,phase6,74,0,GRI 302: Energy 2016,302-3,Reducing (non-renewable) energy consumption,no_evidence,,False,4,False,False,False,False
a2,Energean2024,phase6,75,0,GRI 302: Energy 2016,302-4,Reducing (non-renewable) energy consumption,no_evidence,,False,4,False,False,False,False
a2,HPCL2023,phase3,0,0,GRI 2,2-1,,partial,,False,4,False,False,False,False
a2,HPCL2023,phase3,1,0,GRI 2,2-2,,partial,,False,5,False,False,False,False
a2,HPCL2023,phase3,2,0,GRI 2,2-3,,partial,,False,4,False,False,False,False
a2,HPCL2023,phase3,3,0,GRI 2,2-4,,no_evidence,,False,2,False,False,False,False
a2,HPCL2023,phase3,4,0,GRI 2,2-5,,partial,,False,4,False,False,False,False
a2,HPCL2023,phase3,5,0,GRI 2,2-6,,partial,,False,6,False,False,False,False
a2,HPCL2023,phase3,6,0,GRI 2,2-7,,partial,,False,10,False,False,False,False
a2,HPCL2023,phase3,7,0,GRI 2,2-8,,partial,,False,5,False,False,False,False
a2,HPCL2023,phase3,8,0,GRI 2,2-9,,partial,,False,10,False,False,False,False
a2,HPCL2023,phase3,9,0,GRI 2,2-10,,partial,,False,5,False,False,False,False
a2,HPCL2023,phase3,10,0,GRI 2,2-11,,no_evidence,,False,2,False,False,False,False
a2,HPCL2023,phase3,11,0,GRI 2,2-12,,partial,,False,4,False,False,False,False
a2,HPCL2023,phase3,12,0,GRI 2,2-13,,no_evidence,,False,3,False,False,False,False
a2,HPCL2023,phase3,13,0,GRI 2,2-14,,pass,,False,2,False,False,False,False
a2,HPCL2023,phase3,14,0,GRI 2,2-15,,partial,,False,5,False,False,False,False
a2,HPCL2023,phase3,15,0,GRI 2,2-16,,no_evidence,,False,2,False,False,False,False
a2,HPCL2023,phase3,16,0,GRI 2,2-17,,no_evidence,,False,1,False,False,False,False
a2,HPCL2023,phase3,17,0,GRI 2,2-18,,no_evidence,,False,3,False,False,False,False
a2,HPCL2023,phase3,18,0,GRI 2,2-19,,partial,,False,6,False,False,False,False
a2,HPCL2023,phase3,19,0,GRI 2,2-20,,partial,,False,4,False,False,False,False
a2,HPCL2023,phase3,20,0,GRI 2,2-21,,pass,,False,3,False,False,False,False
a2,HPCL2023,phase3,21,0,GRI 2,2-22,,no_evidence,,False,1,False,False,False,False
a2,HPCL2023,phase3,22,0,GRI 2,2-23,,partial,,False,10,False,False,False,False
a2,HPCL2023,phase3,23,0,GRI 2,2-24,,partial,,False,4,False,False,False,False
a2,HPCL2023,phase3,24,0,GRI 2,2-25,,partial,,False,5,False,False,False,False
a2,HPCL2023,phase3,25,0,GRI 2,2-26,,partial,,False,2,False,False,False,False
a2,HPCL2023,phase3,26,0,GRI 2,2-27,,no_evidence,,False,6,False,False,False,False
a2,HPCL2023,phase3,27,0,GRI 2,2-28,,pass,,False,1,False,False,False,False
a2,HPCL2023,phase3,28,0,GRI 2,2-29,,pass,,False,3,False,False,False,False
a2,HPCL2023,phase3,29,0,GRI 2,2-30,,no_evidence,,False,2,False,False,False,False
a2,HPCL2023,phase5,0,0,GRI 3,3-1,,partial,,False,3,False,False,False,False
a2,HPCL2023,phase5,1,0,GRI 3,3-2,,no_evidence,no page pack: page_list_no_matching_chunks; system limitation - human review required,True,0,False,False,True,True
a2,HPCL2023,phase5,2,0,GRI 3,3-3,Air Quality (GRI OGSS Topic: Air Emissions),partial,,False,11,False,False,False,False
a2,HPCL2023,phase5,3,0,GRI 3,3-3,Biodiversity (GRI OGSS Topic: Biodiversity),partial,,False,11,False,False,False,False
a2,HPCL2023,phase5,4,0,GRI 3,3-3,"Business Ethics, Transparency & Regulatory Compliance (GRI OGSS Topic: Anti-competitive Behaviour)",partial,,False,11,False,False,False,False
a2,HPCL2023,phase5,5,0,GRI 3,3-3,"Business Ethics, Transparency & Regulatory Compliance (GRI OGSS Topic: Anti-corruption)",partial,,False,11,False,False,False,False
a2,HPCL2023,phase5,6,0,GRI 3,3-3,"Business Ethics, Transparency & Regulatory Compliance (GRI OGSS Topic: Economic Impacts)",no_evidence,,False,11,False,False,False,False
a2,HPCL2023,phase5,7,0,GRI 3,3-3,"Business Ethics, Transparency & Regulatory Compliance (GRI OGSS Topic: Payments to Governments)",partial,,False,11,False,False,False,False
a2,HPCL2023,phase5,8,0,GRI 3,3-3,"Business Ethics, Transparency & Regulatory Compliance (GRI OGSS Topic: Public Policy)",partial,,False,11,False,False,False,False
a2,HPCL2023,phase5,9,0,GRI 3,3-3,"Business Ethics, Transparency & Regulatory Compliance (GRI: Market Presence 2016)",no_evidence,,False,11,False,False,False,False
a2,HPCL2023,phase5,10,0,GRI 3,3-3,Customer Satisfaction (Additional Disclosure),partial,,False,11,False,False,False,False
a2,HPCL2023,phase5,11,0,GRI 3,3-3,Diversity & Inclusion (GRI OGSS Topic: Local Communities),partial,,False,11,False,False,False,False
a2,HPCL2023,phase5,12,0,GRI 3,3-3,Energy Efficiency (GRI OGSS Topic : GHG Emissions),partial,,False,11,False,False,False,False
a2,HPCL2023,phase5,13,0,GRI 3,3-3,"GHG Emissions (GRI OGSS Topic : GHG Emissions; Climate Adaptation, Resilience, and Transition)",no_evidence,no page pack: page_list_no_matching_chunks; system limitation - human review required,True,0,False,False,True,True
a2,HPCL2023,phase5,14,0,GRI 3,3-3,Human Rights (GRI OGSS Topic: Conflict and Security),no_evidence,,False,11,False,False,False,False
a2,HPCL2023,phase5,15,0,GRI 3,3-3,Human Rights (GRI OGSS Topic: Economic Impacts),no_evidence,,False,11,False,False,False,False
a2,HPCL2023,phase5,16,0,GRI 3,3-3,Human Rights (GRI OGSS Topic: Forced Labour and Modern Slavery),partial,,False,11,False,False,False,False
a2,HPCL2023,phase5,17,0,GRI 3,3-3,Human Rights (GRI OGSS Topic: Freedom of Association and Collective Bargaining),partial,,False,11,False,False,False,False
a2,HPCL2023,phase5,18,0,GRI 3,3-3,Human Rights (GRI OGSS Topic: Non-discrimination and Equal Opportunity),no_evidence,,False,11,False,False,False,False
a2,HPCL2023,phase5,19,1,GRI 3,3-3,Human Rights (GRI OGSS Topic: Non-discrimination and Equal Opportunity),no_evidence,,False,11,False,False,False,False
a2,HPCL2023,phase5,20,0,GRI 3,3-3,Human Rights (GRI OGSS Topic: Rights of Indigenous People),fail,no page pack: missing_disclosure,False,0,False,False,True,True
a2,HPCL2023,phase5,21,0,GRI 3,3-3,Manpower Management (GRI OGSS Topic: Economic Impacts),partial,,False,11,False,False,False,False
a2,HPCL2023,phase5,22,0,GRI 3,3-3,Manpower Management (GRI OGSS Topic: Employment Practices),partial,,False,11,False,False,False,False
a2,HPCL2023,phase5,23,0,GRI 3,3-3,Manpower Management (GRI: Labour/Management Relations 2016),partial,,False,11,False,False,False,False
a2,HPCL2023,phase5,24,0,GRI 3,3-3,Manpower Management (GRI: Supplier Social Assessment 2016),partial,,False,11,False,False,False,False
a2,HPCL2023,phase5,25,0,GRI 3,3-3,Manpower Management (GRI: Training and Education 2016),partial,,False,11,False,False,False,False
a2,HPCL2023,phase5,26,0,GRI 3,3-3,Occupational health and safety (GRI OGSS Topic: Occupational Health and Safety),partial,,False,11,False,False,False,False
a2,HPCL2023,phase5,27,0,GRI 3,3-3,Product Safety and Quality (GRI: Customer Health and Safety 2016),partial,,False,11,False,False,False,False
a2,HPCL2023,phase5,28,0,GRI 3,3-3,Product Safety and Quality (GRI: Customer Privacy 2016),partial,,False,11,False,False,False,False
a2,HPCL2023,phase5,29,0,GRI 3,3-3,Product Safety and Quality (GRI: Marketing and Labelling 2016),partial,,False,11,False,False,False,False
a2,HPCL2023,phase5,30,0,GRI 3,3-3,Research & Development (Additional Disclosure),partial,,False,11,False,False,False,False
a2,HPCL2023,phase5,31,0,GRI 3,3-3,Safety and security of critical assets (GRI OGSS Topic: Asset Integrity and Critical Incident Management),partial,,False,11,False,False,False,False
a2,HPCL2023,phase5,32,0,GRI 3,3-3,Supplier Environmental Assessment (GRI: Supplier Environmental Assessment 2016),partial,,False,11,False,False,False,False
a2,HPCL2023,phase5,33,0,GRI 3,3-3,Transport Safety (Additional Disclosure),partial,,False,11,False,False,False,False
a2,HPCL2023,phase5,34,0,GRI 3,3-3,Waste (GRI: Waste 2020),partial,,False,11,False,False,False,False
a2,HPCL2023,phase5,35,0,GRI 3,3-3,Water and Wastewater Management (GRI OGSS Topic: Water and Effluents),partial,,False,11,False,False,False,False
a2,HPCL2023,phase6,0,0,GRI 305: Emissions 2016,305-6,"GHG Emissions (GRI OGSS Topic : GHG Emissions; Climate Adaptation, Resilience, and Transition)",omitted,no page pack: omitted,False,0,True,False,True,True
a2,HPCL2023,phase6,1,0,GRI 302: Energy 2016,302-5,Energy Efficiency (GRI OGSS Topic : GHG Emissions),omitted,no page pack: omitted,False,0,True,False,True,True
a2,HPCL2023,phase6,2,0,GRI 306: Waste 2020,306-3,Waste (GRI: Waste 2020),no_evidence,no page pack: page_list_no_matching_chunks; system limitation — human review required,True,0,False,False,True,True
a2,HPCL2023,phase6,3,0,GRI 306: Waste 2020,306-4,Waste (GRI: Waste 2020),no_evidence,no page pack: page_list_no_matching_chunks; system limitation — human review required,True,0,False,False,True,True
a2,HPCL2023,phase6,4,0,GRI 306: Waste 2020,306-5,Waste (GRI: Waste 2020),no_evidence,no page pack: page_list_no_matching_chunks; system limitation — human review required,True,0,False,False,True,True
a2,HPCL2023,phase6,5,0,GRI 403: Occupational Health and Safety 2018,403-3,Occupational health and safety (GRI OGSS Topic: Occupational Health and Safety),no_evidence,no page pack: page_list_no_matching_chunks; system limitation — human review required,True,0,False,False,True,True
a2,HPCL2023,phase6,6,0,GRI 403: Occupational Health and Safety 2018,403-6,Occupational health and safety (GRI OGSS Topic: Occupational Health and Safety),no_evidence,no page pack: page_list_no_matching_chunks; system limitation — human review required,True,0,False,False,True,True
a2,HPCL2023,phase6,7,0,GRI 404: Training and Education 2016,404-2,Manpower Management (GRI: Training and Education 2016),no_evidence,no page pack: page_list_no_matching_chunks; system limitation — human review required,True,0,False,False,True,True
a2,HPCL2023,phase6,8,0,GRI 3: Material Topics 2021,,Human Rights (GRI OGSS Topic: Rights of Indigenous People),fail,GCI row has missing/blank disclosure_id — cannot judge,False,0,False,False,False,True
a2,HPCL2023,phase6,9,0,GRI 201: Economic Performance 2016,201-3,"Business Ethics, Transparency & Regulatory Compliance (GRI OGSS Topic: Economic Impacts)",omitted,no page pack: omitted,False,0,True,False,True,True
a2,HPCL2023,phase6,10,0,GRI 207: Tax 2019,207-1,"Business Ethics, Transparency & Regulatory Compliance (GRI OGSS Topic: Payments to Governments)",omitted,no page pack: omitted,False,0,True,False,True,True
a2,HPCL2023,phase6,11,0,GRI 207: Tax 2019,207-2,"Business Ethics, Transparency & Regulatory Compliance (GRI OGSS Topic: Payments to Governments)",omitted,no page pack: omitted,False,0,True,False,True,True
a2,HPCL2023,phase6,12,0,GRI 207: Tax 2019,207-3,"Business Ethics, Transparency & Regulatory Compliance (GRI OGSS Topic: Payments to Governments)",omitted,no page pack: omitted,False,0,True,False,True,True
a2,HPCL2023,phase6,13,0,GRI 207: Tax 2019,207-4,"Business Ethics, Transparency & Regulatory Compliance (GRI OGSS Topic: Payments to Governments)",omitted,no page pack: omitted,False,0,True,False,True,True
a2,HPCL2023,phase6,14,0,GRI 305: Emissions 2016,305-1,"GHG Emissions (GRI OGSS Topic : GHG Emissions; Climate Adaptation, Resilience, and Transition)",partial,,False,9,False,False,False,False
a2,HPCL2023,phase6,15,0,GRI 305: Emissions 2016,305-2,"GHG Emissions (GRI OGSS Topic : GHG Emissions; Climate Adaptation, Resilience, and Transition)",no_evidence,,False,9,False,False,False,False
a2,HPCL2023,phase6,16,0,GRI 305: Emissions 2016,305-3,"GHG Emissions (GRI OGSS Topic : GHG Emissions; Climate Adaptation, Resilience, and Transition)",partial,,False,9,False,False,False,False
a2,HPCL2023,phase6,17,0,GRI 305: Emissions 2016,305-4,"GHG Emissions (GRI OGSS Topic : GHG Emissions; Climate Adaptation, Resilience, and Transition)",partial,,False,4,False,False,False,False
a2,HPCL2023,phase6,18,0,GRI 305: Emissions 2016,305-5,"GHG Emissions (GRI OGSS Topic : GHG Emissions; Climate Adaptation, Resilience, and Transition)",no_evidence,,False,5,False,False,False,False
a2,HPCL2023,phase6,19,0,GRI 302: Energy 2016,302-1,Energy Efficiency (GRI OGSS Topic : GHG Emissions),partial,,False,13,False,False,False,False
a2,HPCL2023,phase6,20,0,GRI 302: Energy 2016,302-2,Energy Efficiency (GRI OGSS Topic : GHG Emissions),partial,,False,3,False,False,False,False
a2,HPCL2023,phase6,21,0,GRI 302: Energy 2016,302-3,Energy Efficiency (GRI OGSS Topic : GHG Emissions),partial,,False,4,False,False,False,False
a2,HPCL2023,phase6,22,0,GRI 302: Energy 2016,302-4,Energy Efficiency (GRI OGSS Topic : GHG Emissions),partial,,False,4,False,False,False,False
a2,HPCL2023,phase6,23,0,GRI 303: Water and Effluents 2018,303-1,Water and Wastewater Management (GRI OGSS Topic: Water and Effluents),partial,,False,4,False,False,False,False
a2,HPCL2023,phase6,24,0,GRI 303: Water and Effluents 2018,303-2,Water and Wastewater Management (GRI OGSS Topic: Water and Effluents),no_evidence,,False,4,False,False,False,False
a2,HPCL2023,phase6,25,0,GRI 303: Water and Effluents 2018,303-3,Water and Wastewater Management (GRI OGSS Topic: Water and Effluents),partial,,False,13,False,False,False,False
a2,HPCL2023,phase6,26,0,GRI 303: Water and Effluents 2018,303-4,Water and Wastewater Management (GRI OGSS Topic: Water and Effluents),no_evidence,,False,12,False,False,False,False
a2,HPCL2023,phase6,27,0,GRI 303: Water and Effluents 2018,303-5,Water and Wastewater Management (GRI OGSS Topic: Water and Effluents),partial,,False,4,False,False,False,False
a2,HPCL2023,phase6,28,0,GRI 416: Customer Health and Safety 2016,416-1,Product Safety and Quality (GRI: Customer Health and Safety 2016),no_evidence,,False,1,False,False,False,False
a2,HPCL2023,phase6,29,0,GRI 416: Customer Health and Safety 2016,416-2,Product Safety and Quality (GRI: Customer Health and Safety 2016),partial,,False,4,False,False,False,False
a2,HPCL2023,phase6,30,0,GRI 417: Marketing and Labelling 2016,417-1,Product Safety and Quality (GRI: Marketing and Labelling 2016),partial,,False,6,False,False,False,False
a2,HPCL2023,phase6,31,0,GRI 417: Marketing and Labelling 2016,417-2,Product Safety and Quality (GRI: Marketing and Labelling 2016),partial,,False,4,False,False,False,False
a2,HPCL2023,phase6,32,0,GRI 417: Marketing and Labelling 2016,417-3,Product Safety and Quality (GRI: Marketing and Labelling 2016),partial,,False,4,False,False,False,False
a2,HPCL2023,phase6,33,0,GRI 418: Customer Privacy 2016,418-1,Product Safety and Quality (GRI: Customer Privacy 2016),no_evidence,,False,4,False,False,False,False
a2,HPCL2023,phase6,34,0,GRI 308: Supplier Environmental Assessment 2016,308-1,Supplier Environmental Assessment (GRI: Supplier Environmental Assessment 2016),no_evidence,,False,1,False,False,False,False
a2,HPCL2023,phase6,35,0,GRI 308: Supplier Environmental Assessment 2016,308-2,Supplier Environmental Assessment (GRI: Supplier Environmental Assessment 2016),no_evidence,,False,5,False,False,False,False
a2,HPCL2023,phase6,36,0,GRI 305: Emissions 2016,305-7,Air Quality (GRI OGSS Topic: Air Emissions),no_evidence,,False,7,False,False,False,False
a2,HPCL2023,phase6,37,0,GRI 416: Customer Health and Safety 2016,416-1,Air Quality (GRI OGSS Topic: Air Emissions),no_evidence,,False,1,False,False,False,False
a2,HPCL2023,phase6,38,0,GRI 304: Biodiversity 2016,304-1,Biodiversity (GRI OGSS Topic: Biodiversity),no_evidence,,False,7,False,False,False,False
a2,HPCL2023,phase6,39,0,GRI 304: Biodiversity 2016,304-2,Biodiversity (GRI OGSS Topic: Biodiversity),partial,,False,10,False,False,False,False
a2,HPCL2023,phase6,40,0,GRI 304: Biodiversity 2016,304-3,Biodiversity (GRI OGSS Topic: Biodiversity),no_evidence,,False,4,False,False,False,False
a2,HPCL2023,phase6,41,0,GRI 304: Biodiversity 2016,304-4,Biodiversity (GRI OGSS Topic: Biodiversity),no_evidence,,False,5,False,False,False,False
a2,HPCL2023,phase6,42,0,GRI 306: Waste 2020,306-1,Waste (GRI: Waste 2020),no_evidence,,False,6,False,False,False,False
a2,HPCL2023,phase6,43,0,GRI 306: Waste 2020,306-2,Waste (GRI: Waste 2020),partial,,False,24,False,False,False,False
a2,HPCL2023,phase6,44,0,GRI 403: Occupational Health and Safety 2018,403-1,Occupational health and safety (GRI OGSS Topic: Occupational Health and Safety),partial,,False,3,False,False,False,False
a2,HPCL2023,phase6,45,0,GRI 403: Occupational Health and Safety 2018,403-2,Occupational health and safety (GRI OGSS Topic: Occupational Health and Safety),partial,,False,5,False,False,False,False
a2,HPCL2023,phase6,46,0,GRI 403: Occupational Health and Safety 2018,403-4,Occupational health and safety (GRI OGSS Topic: Occupational Health and Safety),pass,,False,2,False,False,False,False
a2,HPCL2023,phase6,47,0,GRI 403: Occupational Health and Safety 2018,403-5,Occupational health and safety (GRI OGSS Topic: Occupational Health and Safety),pass,,False,1,False,False,False,False
a2,HPCL2023,phase6,48,0,GRI 403: Occupational Health and Safety 2018,403-7,Occupational health and safety (GRI OGSS Topic: Occupational Health and Safety),pass,,False,1,False,False,False,False
a2,HPCL2023,phase6,49,0,GRI 403: Occupational Health and Safety 2018,403-8,Occupational health and safety (GRI OGSS Topic: Occupational Health and Safety),no_evidence,,False,4,False,False,False,False
a2,HPCL2023,phase6,50,0,GRI 403: Occupational Health and Safety 2018,403-9,Occupational health and safety (GRI OGSS Topic: Occupational Health and Safety),partial,,False,16,False,False,False,False
a2,HPCL2023,phase6,51,0,GRI 403: Occupational Health and Safety 2018,403-10,Occupational health and safety (GRI OGSS Topic: Occupational Health and Safety),partial,,False,10,False,False,False,False
a2,HPCL2023,phase6,52,0,GRI 401: Employment 2016,401-1,Manpower Management (GRI OGSS Topic: Employment Practices),no_evidence,,False,2,False,False,False,False
a2,HPCL2023,phase6,53,0,GRI 401: Employment 2016,401-2,Manpower Management (GRI OGSS Topic: Employment Practices),no_evidence,,False,8,False,False,False,False
a2,HPCL2023,phase6,54,0,GRI 401: Employment 2016,401-3,Manpower Management (GRI OGSS Topic: Employment Practices),no_evidence,,False,5,False,False,False,False
a2,HPCL2023,phase6,55,0,GRI 204: Procurement Practices 2016,204-1,Manpower Management (GRI OGSS Topic: Economic Impacts),no_evidence,,False,3,False,False,False,False
a2,HPCL2023,phase6,56,0,GRI 402: Labour/Management Relations 2016,402-1,Manpower Management (GRI: Labour/Management Relations 2016),partial,,False,2,False,False,False,False
a2,HPCL2023,phase6,57,0,GRI 404: Training and Education 2016,404-1,Manpower Management (GRI: Training and Education 2016),pass,,False,2,False,False,False,False
a2,HPCL2023,phase6,58,0,GRI 404: Training and Education 2016,404-3,Manpower Management (GRI: Training and Education 2016),no_evidence,,False,1,False,False,False,False
a2,HPCL2023,phase6,59,0,GRI 414: Supplier Social Assessment 2016,414-1,Manpower Management (GRI: Supplier Social Assessment 2016),no_evidence,,False,1,False,False,False,False
a2,HPCL2023,phase6,60,0,GRI 414: Supplier Social Assessment 2016,414-2,Manpower Management (GRI: Supplier Social Assessment 2016),no_evidence,,False,5,False,False,False,False
a2,HPCL2023,phase6,61,0,GRI 406: Non-discrimination 2016,406-1,Human Rights (GRI OGSS Topic: Non-discrimination and Equal Opportunity),no_evidence,,False,5,False,False,False,False
a2,HPCL2023,phase6,62,0,GRI 405: Diversity and Equal Opportunity 2016,405-1,Human Rights (GRI OGSS Topic: Non-discrimination and Equal Opportunity),partial,,False,6,False,False,False,False
a2,HPCL2023,phase6,63,0,GRI 405: Diversity and Equal Opportunity 2016,405-2,Human Rights (GRI OGSS Topic: Non-discrimination and Equal Opportunity),no_evidence,,False,2,False,False,False,False
a2,HPCL2023,phase6,64,0,GRI 409: Forced or Compulsory Labour 2016,409-1,Human Rights (GRI OGSS Topic: Forced Labour and Modern Slavery),partial,,False,3,False,False,False,False
a2,HPCL2023,phase6,65,0,GRI 407: Freedom of Association and Collective Bargaining 2016,407-1,Human Rights (GRI OGSS Topic: Freedom of Association and Collective Bargaining),partial,,False,3,False,False,False,False
a2,HPCL2023,phase6,66,0,GRI 203: Indirect Economic Impacts 2016,203-1,Human Rights (GRI OGSS Topic: Economic Impacts),partial,,False,3,False,False,False,False
a2,HPCL2023,phase6,67,0,GRI 203: Indirect Economic Impacts 2016,203-2,Human Rights (GRI OGSS Topic: Economic Impacts),no_evidence,,False,2,False,False,False,False
a2,HPCL2023,phase6,68,0,GRI 411: Rights of Indigenous Peoples 2016,411-1,Human Rights (GRI OGSS Topic: Rights of Indigenous People),no_evidence,,False,5,False,False,False,False
a2,HPCL2023,phase6,69,0,GRI 410: Security Practices 2016,410-1,Human Rights (GRI OGSS Topic: Conflict and Security),no_evidence,,False,2,False,False,False,False
a2,HPCL2023,phase6,70,0,GRI 413: Local Communities 2016,413-1,Diversity & Inclusion (GRI OGSS Topic: Local Communities),no_evidence,,False,8,False,False,False,False
a2,HPCL2023,phase6,71,0,GRI 413: Local Communities 2016,413-2,Diversity & Inclusion (GRI OGSS Topic: Local Communities),no_evidence,,False,2,False,False,False,False
a2,HPCL2023,phase6,72,0,GRI 206: Anti-competitive Behaviour 2016,206-1,"Business Ethics, Transparency & Regulatory Compliance (GRI OGSS Topic: Anti-competitive Behaviour)",pass,,False,2,False,False,False,False
a2,HPCL2023,phase6,73,0,GRI 205: Anticorruption 2016,205-1,"Business Ethics, Transparency & Regulatory Compliance (GRI OGSS Topic: Anti-corruption)",partial,,False,2,False,False,False,False
a2,HPCL2023,phase6,74,0,GRI 205: Anticorruption 2016,205-2,"Business Ethics, Transparency & Regulatory Compliance (GRI OGSS Topic: Anti-corruption)",no_evidence,,False,5,False,False,False,False
a2,HPCL2023,phase6,75,0,GRI 205: Anticorruption 2016,205-3,"Business Ethics, Transparency & Regulatory Compliance (GRI OGSS Topic: Anti-corruption)",partial,,False,4,False,False,False,False
a2,HPCL2023,phase6,76,0,GRI 201: Economic Performance 2016,201-1,"Business Ethics, Transparency & Regulatory Compliance (GRI OGSS Topic: Economic Impacts)",no_evidence,,False,4,False,False,False,False
a2,HPCL2023,phase6,77,0,GRI 201: Economic Performance 2016,201-2,"Business Ethics, Transparency & Regulatory Compliance (GRI OGSS Topic: Economic Impacts)",no_evidence,,False,5,False,False,False,False
a2,HPCL2023,phase6,78,0,GRI 201: Economic Performance 2016,201-4,"Business Ethics, Transparency & Regulatory Compliance (GRI OGSS Topic: Economic Impacts)",no_evidence,,False,10,False,False,False,False
a2,HPCL2023,phase6,79,0,GRI 415: Public Policy 2016,415-1,"Business Ethics, Transparency & Regulatory Compliance (GRI OGSS Topic: Public Policy)",pass,,False,2,False,False,False,False
a2,HPCL2023,phase6,80,0,GRI 202: Market Presence 2016,202-2,"Business Ethics, Transparency & Regulatory Compliance (GRI: Market Presence 2016)",partial,,False,4,False,False,False,False
a2,HPCL2023,phase6,81,0,GRI 306: Effluents and Waste 2016,306-3,Safety and security of critical assets (GRI OGSS Topic: Asset Integrity and Critical Incident Management),pass,,False,7,False,False,False,False
a2,HPCL2024,phase3,0,0,GRI 2,2-1,,partial,,False,4,False,False,False,False
a2,HPCL2024,phase3,1,0,GRI 2,2-2,,partial,,False,5,False,False,False,False
a2,HPCL2024,phase3,2,0,GRI 2,2-3,,partial,,False,4,False,False,False,False
a2,HPCL2024,phase3,3,0,GRI 2,2-4,,pass,,False,2,False,False,False,False
a2,HPCL2024,phase3,4,0,GRI 2,2-5,,no_evidence,,False,4,False,False,False,False
a2,HPCL2024,phase3,5,0,GRI 2,2-6,,partial,,False,6,False,False,False,False
a2,HPCL2024,phase3,6,0,GRI 2,2-7,,partial,,False,10,False,False,False,False
a2,HPCL2024,phase3,7,0,GRI 2,2-8,,partial,,False,5,False,False,False,False
a2,HPCL2024,phase3,8,0,GRI 2,2-9,,partial,,False,10,False,False,False,False
a2,HPCL2024,phase3,9,0,GRI 2,2-10,,partial,,False,5,False,False,False,False
a2,HPCL2024,phase3,10,0,GRI 2,2-11,,no_evidence,,False,2,False,False,False,False
a2,HPCL2024,phase3,11,0,GRI 2,2-12,,partial,,False,4,False,False,False,False
a2,HPCL2024,phase3,12,0,GRI 2,2-13,,no_evidence,,False,3,False,False,False,False
a2,HPCL2024,phase3,13,0,GRI 2,2-14,,no_evidence,,False,2,False,False,False,False
a2,HPCL2024,phase3,14,0,GRI 2,2-15,,partial,,False,5,False,False,False,False
a2,HPCL2024,phase3,15,0,GRI 2,2-16,,no_evidence,,False,2,False,False,False,False
a2,HPCL2024,phase3,16,0,GRI 2,2-17,,no_evidence,,False,1,False,False,False,False
a2,HPCL2024,phase3,17,0,GRI 2,2-18,,no_evidence,,False,3,False,False,False,False
a2,HPCL2024,phase3,18,0,GRI 2,2-19,,partial,,False,6,False,False,False,False
a2,HPCL2024,phase3,19,0,GRI 2,2-20,,no_evidence,,False,4,False,False,False,False
a2,HPCL2024,phase3,20,0,GRI 2,2-21,,pass,,False,3,False,False,False,False
a2,HPCL2024,phase3,21,0,GRI 2,2-22,,pass,,False,1,False,False,False,False
a2,HPCL2024,phase3,22,0,GRI 2,2-23,,partial,,False,10,False,False,False,False
a2,HPCL2024,phase3,23,0,GRI 2,2-24,,partial,,False,4,False,False,False,False
a2,HPCL2024,phase3,24,0,GRI 2,2-25,,partial,,False,5,False,False,False,False
a2,HPCL2024,phase3,25,0,GRI 2,2-26,,partial,,False,2,False,False,False,False
a2,HPCL2024,phase3,26,0,GRI 2,2-27,,no_evidence,,False,6,False,False,False,False
a2,HPCL2024,phase3,27,0,GRI 2,2-28,,pass,,False,1,False,False,False,False
a2,HPCL2024,phase3,28,0,GRI 2,2-29,,pass,,False,3,False,False,False,False
a2,HPCL2024,phase3,29,0,GRI 2,2-30,,no_evidence,,False,2,False,False,False,False
a2,HPCL2024,phase5,0,0,GRI 3,3-1,,partial,,False,3,False,False,False,False
a2,HPCL2024,phase5,1,0,GRI 3,3-2,,no_evidence,,False,2,False,False,False,False
a2,HPCL2024,phase5,2,0,GRI 3,3-3,Air Quality (GRI OGSS Topic: Air Emissions),no_evidence,no page pack: page_list_no_matching_chunks; system limitation - human review required,True,0,False,False,True,True
a2,HPCL2024,phase5,3,0,GRI 3,3-3,Biodiversity (GRI OGSS Topic: Biodiversity),no_evidence,no page pack: page_list_no_matching_chunks; system limitation - human review required,True,0,False,False,True,True
a2,HPCL2024,phase5,4,0,GRI 3,3-3,"Business Ethics, Transparency & Regulatory Compliance (GRI OGSS Topic: Anti-competitive Behaviour)",partial,,False,11,False,False,False,False
a2,HPCL2024,phase5,5,0,GRI 3,3-3,"Business Ethics, Transparency & Regulatory Compliance (GRI OGSS Topic: Anti-corruption)",partial,,False,11,False,False,False,False
a2,HPCL2024,phase5,6,0,GRI 3,3-3,"Business Ethics, Transparency & Regulatory Compliance (GRI OGSS Topic: Economic Impacts)",no_evidence,no page pack: page_list_no_matching_chunks; system limitation - human review required,True,0,False,False,True,True
a2,HPCL2024,phase5,7,0,GRI 3,3-3,"Business Ethics, Transparency & Regulatory Compliance (GRI OGSS Topic: Payments to Governments)",no_evidence,,False,11,False,False,False,False
a2,HPCL2024,phase5,8,0,GRI 3,3-3,"Business Ethics, Transparency & Regulatory Compliance (GRI OGSS Topic: Public Policy)",partial,,False,11,False,False,False,False
a2,HPCL2024,phase5,9,0,GRI 3,3-3,"Business Ethics, Transparency & Regulatory Compliance (GRI: Market Presence 2016)",partial,,False,11,False,False,False,False
a2,HPCL2024,phase5,10,0,GRI 3,3-3,Customer Satisfaction (Additional Disclosure),partial,,False,11,False,False,False,False
a2,HPCL2024,phase5,11,0,GRI 3,3-3,Diversity & Inclusion (GRI OGSS Topic: Local Communities),no_evidence,,False,11,False,False,False,False
a2,HPCL2024,phase5,12,0,GRI 3,3-3,Energy Efficiency (GRI OGSS Topic : GHG Emissions),partial,,False,11,False,False,False,False
a2,HPCL2024,phase5,13,0,GRI 3,3-3,"GHG Emissions (GRI OGSS Topic : GHG Emissions; Climate Adaptation, Resilience, and Transition)",no_evidence,no page pack: page_list_no_matching_chunks; system limitation - human review required,True,0,False,False,True,True
a2,HPCL2024,phase5,14,0,GRI 3,3-3,Human Rights (GRI OGSS Topic: Conflict and Security),partial,,False,11,False,False,False,False
a2,HPCL2024,phase5,15,0,GRI 3,3-3,Human Rights (GRI OGSS Topic: Economic Impacts),no_evidence,,False,11,False,False,False,False
a2,HPCL2024,phase5,16,0,GRI 3,3-3,Human Rights (GRI OGSS Topic: Forced Labour and Modern Slavery),no_evidence,no page pack: page_list_no_matching_chunks; system limitation - human review required,True,0,False,False,True,True
a2,HPCL2024,phase5,17,0,GRI 3,3-3,Human Rights (GRI OGSS Topic: Freedom of Association and Collective Bargaining),no_evidence,no page pack: page_list_no_matching_chunks; system limitation - human review required,True,0,False,False,True,True
a2,HPCL2024,phase5,18,0,GRI 3,3-3,Human Rights (GRI OGSS Topic: Non-discrimination and Equal Opportunity),no_evidence,no page pack: page_list_no_matching_chunks; system limitation - human review required,True,0,False,False,True,True
a2,HPCL2024,phase5,19,1,GRI 3,3-3,Human Rights (GRI OGSS Topic: Non-discrimination and Equal Opportunity),no_evidence,,False,11,False,False,False,False
a2,HPCL2024,phase5,20,0,GRI 3,3-3,Human Rights (GRI OGSS Topic: Rights of Indigenous People),no_evidence,no page pack: page_list_no_matching_chunks; system limitation - human review required,True,0,False,False,True,True
a2,HPCL2024,phase5,21,0,GRI 3,3-3,Manpower Management (GRI OGSS Topic: Economic Impacts),no_evidence,no page pack: page_list_no_matching_chunks; system limitation - human review required,True,0,False,False,True,True
a2,HPCL2024,phase5,22,0,GRI 3,3-3,Manpower Management (GRI OGSS Topic: Employment Practices),no_evidence,no page pack: page_list_no_matching_chunks; system limitation - human review required,True,0,False,False,True,True
a2,HPCL2024,phase5,23,0,GRI 3,3-3,Manpower Management (GRI: Labour/Management Relations 2016),no_evidence,no page pack: page_list_no_matching_chunks; system limitation - human review required,True,0,False,False,True,True
a2,HPCL2024,phase5,24,0,GRI 3,3-3,Manpower Management (GRI: Supplier Social Assessment 2016),no_evidence,no page pack: page_list_no_matching_chunks; system limitation - human review required,True,0,False,False,True,True
a2,HPCL2024,phase5,25,0,GRI 3,3-3,Manpower Management (GRI: Training and Education 2016),no_evidence,no page pack: page_list_no_matching_chunks; system limitation - human review required,True,0,False,False,True,True
a2,HPCL2024,phase5,26,0,GRI 3,3-3,Occupational health and safety (GRI OGSS Topic: Occupational Health and Safety),no_evidence,no page pack: page_list_no_matching_chunks; system limitation - human review required,True,0,False,False,True,True
a2,HPCL2024,phase5,27,0,GRI 3,3-3,Product Safety and Quality (GRI: Customer Health and Safety 2016),no_evidence,no page pack: page_list_no_matching_chunks; system limitation - human review required,True,0,False,False,True,True
a2,HPCL2024,phase5,28,0,GRI 3,3-3,Product Safety and Quality (GRI: Customer Privacy 2016),no_evidence,no page pack: page_list_no_matching_chunks; system limitation - human review required,True,0,False,False,True,True
a2,HPCL2024,phase5,29,0,GRI 3,3-3,Product Safety and Quality (GRI: Marketing and Labelling 2016),no_evidence,no page pack: page_list_no_matching_chunks; system limitation - human review required,True,0,False,False,True,True
a2,HPCL2024,phase5,30,0,GRI 3,3-3,Safety and security of critical assets (GRI OGSS Topic: Asset Integrity and Critical Incident Management),no_evidence,,False,11,False,False,False,False
a2,HPCL2024,phase5,31,0,GRI 3,3-3,Supplier Environmental Assessment (GRI: Supplier Environmental Assessment 2016),no_evidence,no page pack: page_list_no_matching_chunks; system limitation - human review required,True,0,False,False,True,True
a2,HPCL2024,phase5,32,0,GRI 3,3-3,Transport Safety (Additional Disclosure),partial,,False,11,False,False,False,False
a2,HPCL2024,phase5,33,0,GRI 3,3-3,Water and Wastewater Management (GRI OGSS Topic: Water and Effluents),no_evidence,no page pack: page_list_no_matching_chunks; system limitation - human review required,True,0,False,False,True,True
a2,HPCL2024,phase6,0,0,GRI 305: Emissions 2016,305-6,"GHG Emissions (GRI OGSS Topic : GHG Emissions; Climate Adaptation, Resilience, and Transition)",omitted,no page pack: omitted,False,0,True,False,True,True
a2,HPCL2024,phase6,1,0,GRI 302: Energy 2016,302-5,Energy Efficiency (GRI OGSS Topic : GHG Emissions),omitted,no page pack: omitted,False,0,True,False,True,True
a2,HPCL2024,phase6,2,0,GRI 306: Waste 2020,306-3,Biodiversity (GRI OGSS Topic: Biodiversity),no_evidence,no page pack: page_list_no_matching_chunks; system limitation — human review required,True,0,False,False,True,True
a2,HPCL2024,phase6,3,0,GRI 306: Waste 2020,306-4,Biodiversity (GRI OGSS Topic: Biodiversity),no_evidence,no page pack: page_list_no_matching_chunks; system limitation — human review required,True,0,False,False,True,True
a2,HPCL2024,phase6,4,0,GRI 306: Waste 2020,306-5,Biodiversity (GRI OGSS Topic: Biodiversity),no_evidence,no page pack: page_list_no_matching_chunks; system limitation — human review required,True,0,False,False,True,True
a2,HPCL2024,phase6,5,0,GRI 201: Economic Performance 2016,201-3,"Business Ethics, Transparency & Regulatory Compliance (GRI OGSS Topic: Economic Impacts)",omitted,no page pack: omitted,False,0,True,False,True,True
a2,HPCL2024,phase6,6,0,GRI 207: Tax 2019,207-1,"Business Ethics, Transparency & Regulatory Compliance (GRI OGSS Topic: Payments to Governments)",omitted,no page pack: omitted,False,0,True,False,True,True
a2,HPCL2024,phase6,7,0,GRI 207: Tax 2019,207-2,"Business Ethics, Transparency & Regulatory Compliance (GRI OGSS Topic: Payments to Governments)",omitted,no page pack: omitted,False,0,True,False,True,True
a2,HPCL2024,phase6,8,0,GRI 305: Emissions 2016,305-1,"GHG Emissions (GRI OGSS Topic : GHG Emissions; Climate Adaptation, Resilience, and Transition)",no_evidence,,False,9,False,False,False,False
a2,HPCL2024,phase6,9,0,GRI 305: Emissions 2016,305-2,"GHG Emissions (GRI OGSS Topic : GHG Emissions; Climate Adaptation, Resilience, and Transition)",no_evidence,,False,9,False,False,False,False
a2,HPCL2024,phase6,10,0,GRI 305: Emissions 2016,305-3,"GHG Emissions (GRI OGSS Topic : GHG Emissions; Climate Adaptation, Resilience, and Transition)",partial,,False,9,False,False,False,False
a2,HPCL2024,phase6,11,0,GRI 305: Emissions 2016,305-4,"GHG Emissions (GRI OGSS Topic : GHG Emissions; Climate Adaptation, Resilience, and Transition)",partial,,False,4,False,False,False,False
a2,HPCL2024,phase6,12,0,GRI 305: Emissions 2016,305-5,"GHG Emissions (GRI OGSS Topic : GHG Emissions; Climate Adaptation, Resilience, and Transition)",no_evidence,,False,5,False,False,False,False
a2,HPCL2024,phase6,13,0,GRI 302: Energy 2016,302-1,Energy Efficiency (GRI OGSS Topic : GHG Emissions),partial,,False,13,False,False,False,False
a2,HPCL2024,phase6,14,0,GRI 302: Energy 2016,302-2,Energy Efficiency (GRI OGSS Topic : GHG Emissions),no_evidence,,False,3,False,False,False,False
a2,HPCL2024,phase6,15,0,GRI 302: Energy 2016,302-3,Energy Efficiency (GRI OGSS Topic : GHG Emissions),partial,,False,4,False,False,False,False
a2,HPCL2024,phase6,16,0,GRI 302: Energy 2016,302-4,Energy Efficiency (GRI OGSS Topic : GHG Emissions),partial,,False,4,False,False,False,False
a2,HPCL2024,phase6,17,0,GRI 303: Water and Effluents 2018,303-1,Water and Wastewater Management (GRI OGSS Topic: Water and Effluents),partial,,False,4,False,False,False,False
a2,HPCL2024,phase6,18,0,GRI 303: Water and Effluents 2018,303-2,Water and Wastewater Management (GRI OGSS Topic: Water and Effluents),no_evidence,,False,4,False,False,False,False
a2,HPCL2024,phase6,19,0,GRI 303: Water and Effluents 2018,303-3,Water and Wastewater Management (GRI OGSS Topic: Water and Effluents),no_evidence,,False,13,False,False,False,False
a2,HPCL2024,phase6,20,0,GRI 303: Water and Effluents 2018,303-4,Water and Wastewater Management (GRI OGSS Topic: Water and Effluents),no_evidence,,False,12,False,False,False,False
a2,HPCL2024,phase6,21,0,GRI 303: Water and Effluents 2018,303-5,Water and Wastewater Management (GRI OGSS Topic: Water and Effluents),no_evidence,,False,4,False,False,False,False
a2,HPCL2024,phase6,22,0,GRI 416: Customer Health and Safety 2016,416-1,Product Safety and Quality (GRI: Customer Health and Safety 2016),no_evidence,,False,1,False,False,False,False
a2,HPCL2024,phase6,23,0,GRI 416: Customer Health and Safety 2016,416-2,Product Safety and Quality (GRI: Customer Health and Safety 2016),no_evidence,,False,4,False,False,False,False
a2,HPCL2024,phase6,24,0,GRI 417: Marketing and Labelling 2016,417-1,Product Safety and Quality (GRI: Marketing and Labelling 2016),partial,,False,6,False,False,False,False
a2,HPCL2024,phase6,25,0,GRI 417: Marketing and Labelling 2016,417-2,Product Safety and Quality (GRI: Marketing and Labelling 2016),partial,,False,4,False,False,False,False
a2,HPCL2024,phase6,26,0,GRI 417: Marketing and Labelling 2016,417-3,Product Safety and Quality (GRI: Marketing and Labelling 2016),partial,,False,4,False,False,False,False
a2,HPCL2024,phase6,27,0,GRI 418: Customer Privacy 2016,418-1,Product Safety and Quality (GRI: Customer Privacy 2016),no_evidence,,False,4,False,False,False,False
a2,HPCL2024,phase6,28,0,GRI 308: Supplier Environmental Assessment 2016,308-1,Supplier Environmental Assessment (GRI: Supplier Environmental Assessment 2016),no_evidence,,False,1,False,False,False,False
a2,HPCL2024,phase6,29,0,GRI 308: Supplier Environmental Assessment 2016,308-2,Supplier Environmental Assessment (GRI: Supplier Environmental Assessment 2016),no_evidence,,False,5,False,False,False,False
a2,HPCL2024,phase6,30,0,GRI 305: Emissions 2016,305-7,Air Quality (GRI OGSS Topic: Air Emissions),partial,,False,7,False,False,False,False
a2,HPCL2024,phase6,31,0,GRI 304: Biodiversity 2016,304-1,Biodiversity (GRI OGSS Topic: Biodiversity),partial,,False,7,False,False,False,False
a2,HPCL2024,phase6,32,0,GRI 304: Biodiversity 2016,304-2,Biodiversity (GRI OGSS Topic: Biodiversity),no_evidence,,False,10,False,False,False,False
a2,HPCL2024,phase6,33,0,GRI 304: Biodiversity 2016,304-3,Biodiversity (GRI OGSS Topic: Biodiversity),no_evidence,,False,4,False,False,False,False
a2,HPCL2024,phase6,34,0,GRI 304: Biodiversity 2016,304-4,Biodiversity (GRI OGSS Topic: Biodiversity),no_evidence,,False,5,False,False,False,False
a2,HPCL2024,phase6,35,0,GRI 306: Waste 2020,306-1,Biodiversity (GRI OGSS Topic: Biodiversity),no_evidence,,False,6,False,False,False,False
a2,HPCL2024,phase6,36,0,GRI 306: Waste 2020,306-2,Biodiversity (GRI OGSS Topic: Biodiversity),partial,,False,24,False,False,False,False
a2,HPCL2024,phase6,37,0,GRI 403: Occupational Health and Safety 2018,403-1,Occupational health and safety (GRI OGSS Topic: Occupational Health and Safety),partial,,False,3,False,False,False,False
a2,HPCL2024,phase6,38,0,GRI 403: Occupational Health and Safety 2018,403-2,Occupational health and safety (GRI OGSS Topic: Occupational Health and Safety),partial,,False,5,False,False,False,False
a2,HPCL2024,phase6,39,0,GRI 403: Occupational Health and Safety 2018,403-3,Occupational health and safety (GRI OGSS Topic: Occupational Health and Safety),partial,,False,1,False,False,False,False
a2,HPCL2024,phase6,40,0,GRI 403: Occupational Health and Safety 2018,403-4,Occupational health and safety (GRI OGSS Topic: Occupational Health and Safety),partial,,False,2,False,False,False,False
a2,HPCL2024,phase6,41,0,GRI 403: Occupational Health and Safety 2018,403-5,Occupational health and safety (GRI OGSS Topic: Occupational Health and Safety),pass,,False,1,False,False,False,False
a2,HPCL2024,phase6,42,0,GRI 403: Occupational Health and Safety 2018,403-6,Occupational health and safety (GRI OGSS Topic: Occupational Health and Safety),partial,,False,2,False,False,False,False
a2,HPCL2024,phase6,43,0,GRI 403: Occupational Health and Safety 2018,403-7,Occupational health and safety (GRI OGSS Topic: Occupational Health and Safety),pass,,False,1,False,False,False,False
a2,HPCL2024,phase6,44,0,GRI 403: Occupational Health and Safety 2018,403-8,Occupational health and safety (GRI OGSS Topic: Occupational Health and Safety),no_evidence,,False,4,False,False,False,False
a2,HPCL2024,phase6,45,0,GRI 403: Occupational Health and Safety 2018,403-9,Occupational health and safety (GRI OGSS Topic: Occupational Health and Safety),partial,,False,16,False,False,False,False
a2,HPCL2024,phase6,46,0,GRI 403: Occupational Health and Safety 2018,403-10,Occupational health and safety (GRI OGSS Topic: Occupational Health and Safety),partial,,False,10,False,False,False,False
a2,HPCL2024,phase6,47,0,GRI 401: Employment 2016,401-1,Manpower Management (GRI OGSS Topic: Employment Practices),no_evidence,,False,2,False,False,False,False
a2,HPCL2024,phase6,48,0,GRI 401: Employment 2016,401-2,Manpower Management (GRI OGSS Topic: Employment Practices),no_evidence,,False,8,False,False,False,False
a2,HPCL2024,phase6,49,0,GRI 401: Employment 2016,401-3,Manpower Management (GRI OGSS Topic: Employment Practices),no_evidence,,False,5,False,False,False,False
a2,HPCL2024,phase6,50,0,GRI 204: Procurement Practices 2016,204-1,Manpower Management (GRI OGSS Topic: Economic Impacts),no_evidence,,False,3,False,False,False,False
a2,HPCL2024,phase6,51,0,GRI 402: Labour/Management Relations 2016,402-1,Manpower Management (GRI: Labour/Management Relations 2016),no_evidence,,False,2,False,False,False,False
a2,HPCL2024,phase6,52,0,GRI 404: Training and Education 2016,404-1,Manpower Management (GRI: Training and Education 2016),no_evidence,,False,2,False,False,False,False
a2,HPCL2024,phase6,53,0,GRI 404: Training and Education 2016,404-2,Manpower Management (GRI: Training and Education 2016),no_evidence,,False,2,False,False,False,False
a2,HPCL2024,phase6,54,0,GRI 404: Training and Education 2016,404-3,Manpower Management (GRI: Training and Education 2016),partial,,False,1,False,False,False,False
a2,HPCL2024,phase6,55,0,GRI 414: Supplier Social Assessment 2016,414-1,Manpower Management (GRI: Supplier Social Assessment 2016),no_evidence,,False,1,False,False,False,False
a2,HPCL2024,phase6,56,0,GRI 414: Supplier Social Assessment 2016,414-2,Manpower Management (GRI: Supplier Social Assessment 2016),no_evidence,,False,5,False,False,False,False
a2,HPCL2024,phase6,57,0,GRI 406: Non-discrimination 2016,406-1,Human Rights (GRI OGSS Topic: Non-discrimination and Equal Opportunity),partial,,False,5,False,False,False,False
a2,HPCL2024,phase6,58,0,GRI 405: Diversity and Equal Opportunity 2016,405-1,Human Rights (GRI OGSS Topic: Non-discrimination and Equal Opportunity),no_evidence,,False,6,False,False,False,False
a2,HPCL2024,phase6,59,0,GRI 405: Diversity and Equal Opportunity 2016,405-2,Human Rights (GRI OGSS Topic: Non-discrimination and Equal Opportunity),no_evidence,,False,2,False,False,False,False
a2,HPCL2024,phase6,60,0,GRI 409: Forced or Compulsory Labour 2016,409-1,Human Rights (GRI OGSS Topic: Forced Labour and Modern Slavery),partial,,False,3,False,False,False,False
a2,HPCL2024,phase6,61,0,GRI 407: Freedom of Association and Collective Bargaining 2016,407-1,Human Rights (GRI OGSS Topic: Freedom of Association and Collective Bargaining),partial,,False,3,False,False,False,False
a2,HPCL2024,phase6,62,0,GRI 203: Indirect Economic Impacts 2016,203-1,Human Rights (GRI OGSS Topic: Economic Impacts),partial,,False,3,False,False,False,False
a2,HPCL2024,phase6,63,0,GRI 203: Indirect Economic Impacts 2016,203-2,Human Rights (GRI OGSS Topic: Economic Impacts),partial,,False,2,False,False,False,False
a2,HPCL2024,phase6,64,0,GRI 411: Rights of Indigenous Peoples 2016,411-1,Human Rights (GRI OGSS Topic: Rights of Indigenous People),no_evidence,,False,5,False,False,False,False
a2,HPCL2024,phase6,65,0,GRI 410: Security Practices 2016,410-1,Human Rights (GRI OGSS Topic: Conflict and Security),no_evidence,,False,2,False,False,False,False
a2,HPCL2024,phase6,66,0,GRI 413: Local Communities 2016,413-1,Diversity & Inclusion (GRI OGSS Topic: Local Communities),no_evidence,,False,8,False,False,False,False
a2,HPCL2024,phase6,67,0,GRI 413: Local Communities 2016,413-2,Diversity & Inclusion (GRI OGSS Topic: Local Communities),no_evidence,,False,2,False,False,False,False
a2,HPCL2024,phase6,68,0,GRI 206: Anti-competitive Behaviour 2016,206-1,"Business Ethics, Transparency & Regulatory Compliance (GRI OGSS Topic: Anti-competitive Behaviour)",no_evidence,,False,2,False,False,False,False
a2,HPCL2024,phase6,69,0,GRI 205: Anti-corruption 2016,205-1,"Business Ethics, Transparency & Regulatory Compliance (GRI OGSS Topic: Anti-corruption)",no_evidence,,False,2,False,False,False,False
a2,HPCL2024,phase6,70,0,GRI 205: Anti-corruption 2016,205-2,"Business Ethics, Transparency & Regulatory Compliance (GRI OGSS Topic: Anti-corruption)",no_evidence,,False,5,False,False,False,False
a2,HPCL2024,phase6,71,0,GRI 205: Anti-corruption 2016,205-3,"Business Ethics, Transparency & Regulatory Compliance (GRI OGSS Topic: Anti-corruption)",no_evidence,,False,4,False,False,False,False
a2,HPCL2024,phase6,72,0,GRI 201: Economic Performance 2016,201-1,"Business Ethics, Transparency & Regulatory Compliance (GRI OGSS Topic: Economic Impacts)",no_evidence,,False,4,False,False,False,False
a2,HPCL2024,phase6,73,0,GRI 201: Economic Performance 2016,201-2,"Business Ethics, Transparency & Regulatory Compliance (GRI OGSS Topic: Economic Impacts)",partial,,False,5,False,False,False,False
a2,HPCL2024,phase6,74,0,GRI 201: Economic Performance 2016,201-4,"Business Ethics, Transparency & Regulatory Compliance (GRI OGSS Topic: Economic Impacts)",partial,,False,10,False,False,False,False
a2,HPCL2024,phase6,75,0,GRI 207: Tax 2019,207-3,"Business Ethics, Transparency & Regulatory Compliance (GRI OGSS Topic: Payments to Governments)",no_evidence,,False,3,False,False,False,False
a2,HPCL2024,phase6,76,0,GRI 207: Tax 2019,207-4,"Business Ethics, Transparency & Regulatory Compliance (GRI OGSS Topic: Payments to Governments)",no_evidence,,False,12,False,False,False,False
a2,HPCL2024,phase6,77,0,GRI 415: Public Policy 2016,415-1,"Business Ethics, Transparency & Regulatory Compliance (GRI OGSS Topic: Public Policy)",pass,,False,2,False,False,False,False
a2,HPCL2024,phase6,78,0,GRI 202: Market Presence 2016,202-2,"Business Ethics, Transparency & Regulatory Compliance (GRI: Market Presence 2016)",no_evidence,,False,4,False,False,False,False
a2,HPCL2024,phase6,79,0,GRI 306: Effluents and Waste 2016,306-3,Safety and security of critical assets (GRI OGSS Topic: Asset Integrity and Critical Incident Management),partial,,False,7,False,False,False,False
a2,IslandOil2024,phase3,0,0,GRI 2,2-1,,partial,,False,4,False,False,False,False
a2,IslandOil2024,phase3,1,0,GRI 2,2-2,,partial,,False,5,False,False,False,False
a2,IslandOil2024,phase3,2,0,GRI 2,2-3,,partial,,False,4,False,False,False,False
a2,IslandOil2024,phase3,3,0,GRI 2,2-4,,partial,,False,2,False,False,False,False
a2,IslandOil2024,phase3,4,0,GRI 2,2-5,,partial,,False,4,False,False,False,False
a2,IslandOil2024,phase3,5,0,GRI 2,2-6,,partial,,False,6,False,False,False,False
a2,IslandOil2024,phase3,6,0,GRI 2,2-7,,partial,,False,10,False,False,False,False
a2,IslandOil2024,phase3,7,0,GRI 2,2-8,,partial,,False,5,False,False,False,False
a2,IslandOil2024,phase3,8,0,GRI 2,2-9,,partial,,False,10,False,False,False,False
a2,IslandOil2024,phase3,9,0,GRI 2,2-10,,pass,,False,5,False,False,False,False
a2,IslandOil2024,phase3,10,0,GRI 2,2-11,,pass,,False,2,False,False,False,False
a2,IslandOil2024,phase3,11,0,GRI 2,2-12,,partial,,False,4,False,False,False,False
a2,IslandOil2024,phase3,12,0,GRI 2,2-13,,pass,,False,3,False,False,False,False
a2,IslandOil2024,phase3,13,0,GRI 2,2-14,,no_evidence,,False,2,False,False,False,False
a2,IslandOil2024,phase3,14,0,GRI 2,2-15,,no_evidence,,False,5,False,False,False,False
a2,IslandOil2024,phase3,15,0,GRI 2,2-16,,no_evidence,,False,2,False,False,False,False
a2,IslandOil2024,phase3,16,0,GRI 2,2-17,,pass,,False,1,False,False,False,False
a2,IslandOil2024,phase3,17,0,GRI 2,2-18,,partial,,False,3,False,False,False,False
a2,IslandOil2024,phase3,18,0,GRI 2,2-19,,omitted,no page pack: omitted,False,0,True,False,True,True
a2,IslandOil2024,phase3,19,0,GRI 2,2-20,,omitted,no page pack: omitted,False,0,True,False,True,True
a2,IslandOil2024,phase3,20,0,GRI 2,2-21,,partial,,False,3,False,False,False,False
a2,IslandOil2024,phase3,21,0,GRI 2,2-22,,no_evidence,,False,1,False,False,False,False
a2,IslandOil2024,phase3,22,0,GRI 2,2-23,,partial,,False,10,False,False,False,False
a2,IslandOil2024,phase3,23,0,GRI 2,2-24,,partial,,False,4,False,False,False,False
a2,IslandOil2024,phase3,24,0,GRI 2,2-25,,partial,,False,5,False,False,False,False
a2,IslandOil2024,phase3,25,0,GRI 2,2-26,,partial,,False,2,False,False,False,False
a2,IslandOil2024,phase3,26,0,GRI 2,2-27,,partial,,False,6,False,False,False,False
a2,IslandOil2024,phase3,27,0,GRI 2,2-28,,partial,,False,1,False,False,False,False
a2,IslandOil2024,phase3,28,0,GRI 2,2-29,,partial,,False,3,False,False,False,False
a2,IslandOil2024,phase3,29,0,GRI 2,2-30,,no_evidence,,False,2,False,False,False,False
a2,IslandOil2024,phase5,0,0,GRI 3,3-1,,pass,,False,3,False,False,False,False
a2,IslandOil2024,phase5,1,0,GRI 3,3-2,,no_evidence,,False,2,False,False,False,False
a2,IslandOil2024,phase5,2,0,GRI 3,3-3,Acting Responsibly,partial,,False,11,False,False,False,False
a2,IslandOil2024,phase5,3,0,GRI 3,3-3,Caring for our people,partial,,False,11,False,False,False,False
a2,IslandOil2024,phase5,4,1,GRI 3,3-3,Caring for our people,partial,,False,11,False,False,False,False
a2,IslandOil2024,phase5,5,2,GRI 3,3-3,Caring for our people,partial,,False,11,False,False,False,False
a2,IslandOil2024,phase5,6,3,GRI 3,3-3,Caring for our people,partial,,False,11,False,False,False,False
a2,IslandOil2024,phase5,7,0,GRI 3,3-3,Economic Performance,fail,no page pack: missing_disclosure,False,0,False,False,True,True
a2,IslandOil2024,phase5,8,0,GRI 3,3-3,Engaging with Society,partial,,False,11,False,False,False,False
a2,IslandOil2024,phase5,9,0,GRI 3,3-3,Enhancing Waste Management and Promoting Circularity,no_evidence,no page pack: page_list_no_matching_chunks; system limitation - human review required,True,0,False,False,True,True
a2,IslandOil2024,phase5,10,0,GRI 3,3-3,Market Presence,fail,no page pack: missing_disclosure,False,0,False,False,True,True
a2,IslandOil2024,phase5,11,0,GRI 3,3-3,Preserving Water Quality and Marine Ecosystems,no_evidence,no page pack: page_list_no_matching_chunks; system limitation - human review required,True,0,False,False,True,True
a2,IslandOil2024,phase5,12,0,GRI 3,3-3,Protecting Biodiversity and Preserving Ecosystem,fail,no page pack: missing_disclosure,False,0,False,False,True,True
a2,IslandOil2024,phase5,13,0,GRI 3,3-3,Responding to Climate Change: Adaptation and Mitigation,no_evidence,no page pack: page_list_no_matching_chunks; system limitation - human review required,True,0,False,False,True,True
a2,IslandOil2024,phase5,14,1,GRI 3,3-3,Responding to Climate Change: Adaptation and Mitigation,no_evidence,no page pack: page_list_no_matching_chunks; system limitation - human review required,True,0,False,False,True,True
a2,IslandOil2024,phase6,0,0,GRI 201: Economic Performance 2016,201-1,Economic Performance,omitted,no page pack: omitted,False,0,True,False,True,True
a2,IslandOil2024,phase6,1,0,GRI 201: Economic Performance 2016,201-2,Economic Performance,omitted,no page pack: omitted,False,0,True,False,True,True
a2,IslandOil2024,phase6,2,0,GRI 201: Economic Performance 2016,201-3,Economic Performance,omitted,no page pack: omitted,False,0,True,False,True,True
a2,IslandOil2024,phase6,3,0,GRI 201: Economic Performance 2016,201-4,Economic Performance,omitted,no page pack: omitted,False,0,True,False,True,True
a2,IslandOil2024,phase6,4,0,GRI 202: Market Presence,202-1,Market Presence,omitted,no page pack: omitted,False,0,True,False,True,True
a2,IslandOil2024,phase6,5,0,GRI 205: Anti-corruption,205-1,Acting Responsibly,omitted,no page pack: omitted,False,0,True,False,True,True
a2,IslandOil2024,phase6,6,0,GRI 205: Anti-corruption,205-2,Acting Responsibly,omitted,no page pack: omitted,False,0,True,False,True,True
a2,IslandOil2024,phase6,7,0,GRI 302: Energy 2016,302-1,Responding to Climate Change: Adaptation and Mitigation,no_evidence,no page pack: page_list_no_matching_chunks; system limitation — human review required,True,0,False,False,True,True
a2,IslandOil2024,phase6,8,0,GRI 302: Energy 2016,302-2,Responding to Climate Change: Adaptation and Mitigation,omitted,no page pack: omitted,False,0,True,False,True,True
a2,IslandOil2024,phase6,9,0,GRI 302: Energy 2016,302-5,Responding to Climate Change: Adaptation and Mitigation,omitted,no page pack: omitted,False,0,True,False,True,True
a2,IslandOil2024,phase6,10,0,GRI 305: Emissions 2016,305-5,Responding to Climate Change: Adaptation and Mitigation,omitted,no page pack: omitted,False,0,True,False,True,True
a2,IslandOil2024,phase6,11,0,GRI 305: Emissions 2016,305-6,Responding to Climate Change: Adaptation and Mitigation,omitted,no page pack: omitted,False,0,True,False,True,True
a2,IslandOil2024,phase6,12,0,GRI 305: Emissions 2016,305-7,Responding to Climate Change: Adaptation and Mitigation,omitted,no page pack: omitted,False,0,True,False,True,True
a2,IslandOil2024,phase6,13,0,GRI 303: Water and Effluents 2018,303-3,Preserving Water Quality and Marine Ecosystems,omitted,no page pack: omitted,False,0,True,False,True,True
a2,IslandOil2024,phase6,14,0,GRI 303: Water and Effluents 2018,303-4,Preserving Water Quality and Marine Ecosystems,omitted,no page pack: omitted,False,0,True,False,True,True
a2,IslandOil2024,phase6,15,0,GRI 303: Water and Effluents 2018,303-5,Preserving Water Quality and Marine Ecosystems,omitted,no page pack: omitted,False,0,True,False,True,True
a2,IslandOil2024,phase6,16,0,GRI 304: Biodiversity 2016,304-1,Protecting Biodiversity and Preserving Ecosystem,omitted,no page pack: omitted,False,0,True,False,True,True
a2,IslandOil2024,phase6,17,0,GRI 304: Biodiversity 2016,304-2,Protecting Biodiversity and Preserving Ecosystem,omitted,no page pack: omitted,False,0,True,False,True,True
a2,IslandOil2024,phase6,18,0,GRI 304: Biodiversity 2016,304-3,Protecting Biodiversity and Preserving Ecosystem,omitted,no page pack: omitted,False,0,True,False,True,True
a2,IslandOil2024,phase6,19,0,GRI 304: Biodiversity 2016,304-4,Protecting Biodiversity and Preserving Ecosystem,omitted,no page pack: omitted,False,0,True,False,True,True
a2,IslandOil2024,phase6,20,0,GRI 401: Employment 2016,401-3,Caring for our people,omitted,no page pack: omitted,False,0,True,False,True,True
a2,IslandOil2024,phase6,21,0,GRI 403: Occupational Health and Safety 2018,403-6,Caring for our people,omitted,no page pack: omitted,False,0,True,False,True,True
a2,IslandOil2024,phase6,22,0,GRI 202: Market Presence,202-2,Market Presence,no_evidence,,False,4,False,False,False,False
a2,IslandOil2024,phase6,23,0,GRI 205: Anti-corruption,205-3,Acting Responsibly,pass,,False,4,False,False,False,False
a2,IslandOil2024,phase6,24,0,GRI 206: Anti-competitive Behavior 2016,206-1,Acting Responsibly,no_evidence,,False,2,False,False,False,False
a2,IslandOil2024,phase6,25,0,GRI 302: Energy 2016,302-3,Responding to Climate Change: Adaptation and Mitigation,pass,,False,4,False,False,False,False
a2,IslandOil2024,phase6,26,0,GRI 302: Energy 2016,302-4,Responding to Climate Change: Adaptation and Mitigation,partial,,False,4,False,False,False,False
a2,IslandOil2024,phase6,27,0,GRI 305: Emissions 2016,305-1,Responding to Climate Change: Adaptation and Mitigation,partial,,False,9,False,False,False,False
a2,IslandOil2024,phase6,28,0,GRI 305: Emissions 2016,305-2,Responding to Climate Change: Adaptation and Mitigation,partial,,False,9,False,False,False,False
a2,IslandOil2024,phase6,29,0,GRI 305: Emissions 2016,305-3,Responding to Climate Change: Adaptation and Mitigation,partial,,False,9,False,False,False,False
a2,IslandOil2024,phase6,30,0,GRI 305: Emissions 2016,305-4,Responding to Climate Change: Adaptation and Mitigation,partial,,False,4,False,False,False,False
a2,IslandOil2024,phase6,31,0,GRI 303: Water and Effluents 2018,303-1,Preserving Water Quality and Marine Ecosystems,partial,,False,4,False,False,False,False
a2,IslandOil2024,phase6,32,0,GRI 303: Water and Effluents 2018,303-2,Preserving Water Quality and Marine Ecosystems,no_evidence,,False,4,False,False,False,False
a2,IslandOil2024,phase6,33,0,GRI 306: Waste 2020,306-1,Enhancing Waste Management and Promoting Circularity,no_evidence,,False,6,False,False,False,False
a2,IslandOil2024,phase6,34,0,GRI 306: Waste 2020,306-2,Enhancing Waste Management and Promoting Circularity,partial,,False,24,False,False,False,False
a2,IslandOil2024,phase6,35,0,GRI 306: Waste 2020,306-3,Enhancing Waste Management and Promoting Circularity,no_evidence,,False,7,False,False,False,False
a2,IslandOil2024,phase6,36,0,GRI 306: Waste 2020,306-4,Enhancing Waste Management and Promoting Circularity,no_evidence,,False,16,False,False,False,False
a2,IslandOil2024,phase6,37,0,GRI 306: Waste 2020,306-5,Enhancing Waste Management and Promoting Circularity,no_evidence,,False,15,False,False,False,False
a2,IslandOil2024,phase6,38,0,GRI 401: Employment 2016,401-1,Caring for our people,no_evidence,,False,2,False,False,False,False
a2,IslandOil2024,phase6,39,0,GRI 401: Employment 2016,401-2,Caring for our people,no_evidence,,False,8,False,False,False,False
a2,IslandOil2024,phase6,40,0,GRI 403: Occupational Health and Safety 2018,403-1,Caring for our people,partial,,False,3,False,False,False,False
a2,IslandOil2024,phase6,41,0,GRI 403: Occupational Health and Safety 2018,403-2,Caring for our people,partial,,False,5,False,False,False,False
a2,IslandOil2024,phase6,42,0,GRI 403: Occupational Health and Safety 2018,403-3,Caring for our people,pass,,False,1,False,False,False,False
a2,IslandOil2024,phase6,43,0,GRI 403: Occupational Health and Safety 2018,403-4,Caring for our people,partial,,False,2,False,False,False,False
a2,IslandOil2024,phase6,44,0,GRI 403: Occupational Health and Safety 2018,403-5,Caring for our people,pass,,False,1,False,False,False,False
a2,IslandOil2024,phase6,45,0,GRI 403: Occupational Health and Safety 2018,403-7,Caring for our people,pass,,False,1,False,False,False,False
a2,IslandOil2024,phase6,46,0,GRI 403: Occupational Health and Safety 2018,403-8,Caring for our people,partial,,False,4,False,False,False,False
a2,IslandOil2024,phase6,47,0,GRI 403: Occupational Health and Safety 2018,403-9,Caring for our people,partial,,False,16,False,False,False,False
a2,IslandOil2024,phase6,48,0,GRI 403: Occupational Health and Safety 2018,403-10,Caring for our people,partial,,False,10,False,False,False,False
a2,IslandOil2024,phase6,49,0,GRI 404: Training and Education 2016,404-1,Caring for our people,no_evidence,,False,2,False,False,False,False
a2,IslandOil2024,phase6,50,0,GRI 404: Training and Education 2016,404-2,Caring for our people,partial,,False,2,False,False,False,False
a2,IslandOil2024,phase6,51,0,GRI 404: Training and Education 2016,404-3,Caring for our people,no_evidence,,False,1,False,False,False,False
a2,IslandOil2024,phase6,52,0,GRI 405: Diversity and Equal Opportunity 2016,405-1,Caring for our people,no_evidence,,False,6,False,False,False,False
a2,IslandOil2024,phase6,53,0,GRI 405: Diversity and Equal Opportunity 2016,405-2,Caring for our people,no_evidence,,False,2,False,False,False,False
a2,IslandOil2024,phase6,54,0,GRI 406: Non-discrimination 2016,406-1,Caring for our people,partial,,False,5,False,False,False,False
a2,IslandOil2024,phase6,55,0,GRI 407: Freedom of Association and Collective Bargaining 2016,407-1,Caring for our people,partial,,False,3,False,False,False,False
a2,IslandOil2024,phase6,56,0,GRI 408: Child Labor 2016,408-1,Caring for our people,no_evidence,,False,5,False,False,False,False
a2,IslandOil2024,phase6,57,0,GRI 409: Forced or Compulsory Labor 2016,409-1,Caring for our people,partial,,False,3,False,False,False,False
a2,IslandOil2024,phase6,58,0,GRI 416: Customer Health and Safety 2016,416-1,Caring for our people,pass,,False,1,False,False,False,False
a2,IslandOil2024,phase6,59,0,GRI 416: Customer Health and Safety 2016,416-2,Caring for our people,pass,,False,4,False,False,False,False
a2,IslandOil2024,phase6,60,0,GRI 413: Local Communities 2016,413-1,Engaging with Society,no_evidence,,False,8,False,False,False,False
a2,IslandOil2024,phase6,61,0,GRI 413: Local Communities 2016,413-2,Engaging with Society,no_evidence,,False,2,False,False,False,False
a2,Mubadala2023,phase3,0,0,GRI 2,2-1,,partial,,False,4,False,False,False,False
a2,Mubadala2023,phase3,1,0,GRI 2,2-2,,no_evidence,,False,5,False,False,False,False
a2,Mubadala2023,phase3,2,0,GRI 2,2-3,,partial,,False,4,False,False,False,False
a2,Mubadala2023,phase3,3,0,GRI 2,2-4,,external_verification,no page pack: external_document_reference,False,0,False,True,True,True
a2,Mubadala2023,phase3,4,0,GRI 2,2-5,,no_evidence,,False,4,False,False,False,False
a2,Mubadala2023,phase3,5,0,GRI 2,2-6,,partial,,False,6,False,False,False,False
a2,Mubadala2023,phase3,6,0,GRI 2,2-7,,no_evidence,,False,10,False,False,False,False
a2,Mubadala2023,phase3,7,0,GRI 2,2-8,,omitted,no page pack: omitted,False,0,True,False,True,True
a2,Mubadala2023,phase3,8,0,GRI 2,2-9,,partial,,False,10,False,False,False,False
a2,Mubadala2023,phase3,9,0,GRI 2,2-10,,no_evidence,,False,5,False,False,False,False
a2,Mubadala2023,phase3,10,0,GRI 2,2-11,,no_evidence,,False,2,False,False,False,False
a2,Mubadala2023,phase3,11,0,GRI 2,2-12,,no_evidence,,False,4,False,False,False,False
a2,Mubadala2023,phase3,12,0,GRI 2,2-13,,partial,,False,3,False,False,False,False
a2,Mubadala2023,phase3,13,0,GRI 2,2-14,,no_evidence,,False,2,False,False,False,False
a2,Mubadala2023,phase3,14,0,GRI 2,2-15,,no_evidence,,False,5,False,False,False,False
a2,Mubadala2023,phase3,15,0,GRI 2,2-16,,no_evidence,,False,2,False,False,False,False
a2,Mubadala2023,phase3,16,0,GRI 2,2-17,,no_evidence,,False,1,False,False,False,False
a2,Mubadala2023,phase3,17,0,GRI 2,2-18,,no_evidence,,False,3,False,False,False,False
a2,Mubadala2023,phase3,18,0,GRI 2,2-19,,omitted,no page pack: omitted,False,0,True,False,True,True
a2,Mubadala2023,phase3,19,0,GRI 2,2-20,,omitted,no page pack: omitted,False,0,True,False,True,True
a2,Mubadala2023,phase3,20,0,GRI 2,2-21,,omitted,no page pack: omitted,False,0,True,False,True,True
a2,Mubadala2023,phase3,21,0,GRI 2,2-22,,no_evidence,,False,1,False,False,False,False
a2,Mubadala2023,phase3,22,0,GRI 2,2-23,,partial,,False,10,False,False,False,False
a2,Mubadala2023,phase3,23,0,GRI 2,2-24,,partial,,False,4,False,False,False,False
a2,Mubadala2023,phase3,24,0,GRI 2,2-25,,partial,,False,5,False,False,False,False
a2,Mubadala2023,phase3,25,0,GRI 2,2-26,,partial,,False,2,False,False,False,False
a2,Mubadala2023,phase3,26,0,GRI 2,2-27,,partial,,False,6,False,False,False,False
a2,Mubadala2023,phase3,27,0,GRI 2,2-28,,omitted,no page pack: omitted,False,0,True,False,True,True
a2,Mubadala2023,phase3,28,0,GRI 2,2-29,,partial,,False,3,False,False,False,False
a2,Mubadala2023,phase3,29,0,GRI 2,2-30,,omitted,no page pack: omitted,False,0,True,False,True,True
a2,Mubadala2023,phase5,0,0,GRI 3,3-1,,partial,,False,3,False,False,False,False
a2,Mubadala2023,phase5,1,0,GRI 3,3-2,,partial,,False,2,False,False,False,False
a2,Mubadala2023,phase5,2,0,GRI 3,3-3,Biodiversity & Ecosystem,partial,,False,11,False,False,False,False
a2,Mubadala2023,phase5,3,0,GRI 3,3-3,Climate Change & Energy Transition,partial,,False,11,False,False,False,False
a2,Mubadala2023,phase5,4,0,GRI 3,3-3,Contributing to Communities & Societies,partial,,False,11,False,False,False,False
a2,Mubadala2023,phase5,5,0,GRI 3,3-3,Cyber Security,partial,,False,11,False,False,False,False
a2,Mubadala2023,phase5,6,0,GRI 3,3-3,Diversity & Inclusion,partial,,False,11,False,False,False,False
a2,Mubadala2023,phase5,7,0,GRI 3,3-3,Energy Consumption & Efficiency,partial,,False,11,False,False,False,False
a2,Mubadala2023,phase5,8,0,GRI 3,3-3,GHG & Other Air Emissions,partial,,False,11,False,False,False,False
a2,Mubadala2023,phase5,9,0,GRI 3,3-3,Governance & Business Ethics,partial,,False,11,False,False,False,False
a2,Mubadala2023,phase5,10,0,GRI 3,3-3,"Health, Safety & Security of People",partial,,False,11,False,False,False,False
a2,Mubadala2023,phase5,11,0,GRI 3,3-3,Innovation & Digital Transformation,partial,,False,11,False,False,False,False
a2,Mubadala2023,phase5,12,0,GRI 3,3-3,Leading Employment Practices,partial,,False,11,False,False,False,False
a2,Mubadala2023,phase5,13,0,GRI 3,3-3,Low Carbon Energy Solutions,partial,,False,11,False,False,False,False
a2,Mubadala2023,phase5,14,0,GRI 3,3-3,National Talent Enhancement,partial,,False,11,False,False,False,False
a2,Mubadala2023,phase5,15,0,GRI 3,3-3,Reliable & Efficient Operations,partial,,False,11,False,False,False,False
a2,Mubadala2023,phase5,16,0,GRI 3,3-3,Responsible Procurement,partial,,False,11,False,False,False,False
a2,Mubadala2023,phase5,17,0,GRI 3,3-3,Spills & Waste Management,partial,,False,11,False,False,False,False
a2,Mubadala2023,phase5,18,0,GRI 3,3-3,Stakeholder Relations & Partnerships,no_evidence,no page pack: page_list_no_matching_chunks; system limitation - human review required,True,0,False,False,True,True
a2,Mubadala2023,phase5,19,0,GRI 3,3-3,"Strategy, Purpose, & Financial Resilience",no_evidence,,False,11,False,False,False,False
a2,Mubadala2023,phase5,20,0,GRI 3,3-3,Talent Building & Retention,partial,,False,11,False,False,False,False
a2,Mubadala2023,phase5,21,0,GRI 3,3-3,Upholding Human Rights,partial,,False,11,False,False,False,False
a2,Mubadala2023,phase5,22,0,GRI 3,3-3,Water Resource Management,partial,,False,11,False,False,False,False
a2,Mubadala2023,phase6,0,0,GRI 305: Emissions 2016,305-6,GHG & Other Air Emissions,omitted,no page pack: omitted,False,0,True,False,True,True
a2,Mubadala2023,phase6,1,0,GRI 302: Energy 2016,302-5,Energy Consumption & Efficiency,omitted,no page pack: omitted,False,0,True,False,True,True
a2,Mubadala2023,phase6,2,0,GRI 402: Labor/Management Relations 2016,402-1,Talent Building & Retention,omitted,no page pack: omitted,False,0,True,False,True,True
a2,Mubadala2023,phase6,3,0,GRI 405: Diversity and Equal Opportunity 2016,405-2,Diversity & Inclusion,omitted,no page pack: omitted,False,0,True,False,True,True
a2,Mubadala2023,phase6,4,0,GRI 305: Emissions 2016,305-1,GHG & Other Air Emissions,partial,,False,9,False,False,False,False
a2,Mubadala2023,phase6,5,0,GRI 305: Emissions 2016,305-2,GHG & Other Air Emissions,partial,,False,9,False,False,False,False
a2,Mubadala2023,phase6,6,0,GRI 305: Emissions 2016,305-3,GHG & Other Air Emissions,partial,,False,9,False,False,False,False
a2,Mubadala2023,phase6,7,0,GRI 305: Emissions 2016,305-4,GHG & Other Air Emissions,partial,,False,4,False,False,False,False
a2,Mubadala2023,phase6,8,0,GRI 305: Emissions 2016,305-5,GHG & Other Air Emissions,partial,,False,5,False,False,False,False
a2,Mubadala2023,phase6,9,0,GRI 305: Emissions 2016,305-7,GHG & Other Air Emissions,partial,,False,7,False,False,False,False
a2,Mubadala2023,phase6,10,0,GRI 306: Waste 2020,306-1,Spills & Waste Management,no_evidence,,False,6,False,False,False,False
a2,Mubadala2023,phase6,11,0,GRI 306: Waste 2020,306-2,Spills & Waste Management,partial,,False,24,False,False,False,False
a2,Mubadala2023,phase6,12,0,GRI 306: Waste 2020,306-3,Spills & Waste Management,partial,,False,7,False,False,False,False
a2,Mubadala2023,phase6,13,0,GRI 306: Waste 2020,306-4,Spills & Waste Management,no_evidence,,False,16,False,False,False,False
a2,Mubadala2023,phase6,14,0,GRI 306: Waste 2020,306-5,Spills & Waste Management,no_evidence,,False,15,False,False,False,False
a2,Mubadala2023,phase6,15,1,GRI 306: Effluents and Waste 2016,306-3,Spills & Waste Management,partial,,False,7,False,False,False,False
a2,Mubadala2023,phase6,16,0,GRI 303: Water and Effluents 2018,303-1,Water Resource Management,partial,,False,4,False,False,False,False
a2,Mubadala2023,phase6,17,0,GRI 303: Water and Effluents 2018,303-2,Water Resource Management,no_evidence,,False,4,False,False,False,False
a2,Mubadala2023,phase6,18,0,GRI 303: Water and Effluents 2018,303-3,Water Resource Management,no_evidence,,False,13,False,False,False,False
a2,Mubadala2023,phase6,19,0,GRI 303: Water and Effluents 2018,303-4,Water Resource Management,no_evidence,,False,12,False,False,False,False
a2,Mubadala2023,phase6,20,0,GRI 303: Water and Effluents 2018,303-5,Water Resource Management,no_evidence,,False,4,False,False,False,False
a2,Mubadala2023,phase6,21,0,GRI 302: Energy 2016,302-1,Energy Consumption & Efficiency,fail,,False,13,False,False,False,False
a2,Mubadala2023,phase6,22,0,GRI 302: Energy 2016,302-2,Energy Consumption & Efficiency,no_evidence,,False,3,False,False,False,False
a2,Mubadala2023,phase6,23,0,GRI 302: Energy 2016,302-3,Energy Consumption & Efficiency,no_evidence,,False,4,False,False,False,False
a2,Mubadala2023,phase6,24,0,GRI 302: Energy 2016,302-4,Energy Consumption & Efficiency,partial,,False,4,False,False,False,False
a2,Mubadala2023,phase6,25,0,GRI 304: Biodiversity 2016,304-1,Biodiversity & Ecosystem,no_evidence,,False,7,False,False,False,False
a2,Mubadala2023,phase6,26,0,GRI 304: Biodiversity 2016,304-2,Biodiversity & Ecosystem,no_evidence,,False,10,False,False,False,False
a2,Mubadala2023,phase6,27,0,GRI 304: Biodiversity 2016,304-3,Biodiversity & Ecosystem,partial,,False,4,False,False,False,False
a2,Mubadala2023,phase6,28,0,GRI 304: Biodiversity 2016,304-4,Biodiversity & Ecosystem,no_evidence,,False,5,False,False,False,False
a2,Mubadala2023,phase6,29,0,GRI 403: Occupational Health and Safety 2018,403-1,"Health, Safety & Security of People",partial,,False,3,False,False,False,False
a2,Mubadala2023,phase6,30,0,GRI 403: Occupational Health and Safety 2018,403-2,"Health, Safety & Security of People",partial,,False,5,False,False,False,False
a2,Mubadala2023,phase6,31,0,GRI 403: Occupational Health and Safety 2018,403-3,"Health, Safety & Security of People",no_evidence,,False,1,False,False,False,False
a2,Mubadala2023,phase6,32,0,GRI 403: Occupational Health and Safety 2018,403-4,"Health, Safety & Security of People",partial,,False,2,False,False,False,False
a2,Mubadala2023,phase6,33,0,GRI 403: Occupational Health and Safety 2018,403-5,"Health, Safety & Security of People",pass,,False,1,False,False,False,False
a2,Mubadala2023,phase6,34,0,GRI 403: Occupational Health and Safety 2018,403-6,"Health, Safety & Security of People",partial,,False,2,False,False,False,False
a2,Mubadala2023,phase6,35,0,GRI 403: Occupational Health and Safety 2018,403-7,"Health, Safety & Security of People",pass,,False,1,False,False,False,False
a2,Mubadala2023,phase6,36,0,GRI 403: Occupational Health and Safety 2018,403-8,"Health, Safety & Security of People",no_evidence,,False,4,False,False,False,False
a2,Mubadala2023,phase6,37,0,GRI 403: Occupational Health and Safety 2018,403-9,"Health, Safety & Security of People",partial,,False,16,False,False,False,False
a2,Mubadala2023,phase6,38,0,GRI 403: Occupational Health and Safety 2018,403-10,"Health, Safety & Security of People",partial,,False,10,False,False,False,False
a2,Mubadala2023,phase6,39,0,GRI 404: Training and Education 2016,404-1,Talent Building & Retention,no_evidence,,False,2,False,False,False,False
a2,Mubadala2023,phase6,40,0,GRI 404: Training and Education 2016,404-2,Talent Building & Retention,partial,,False,2,False,False,False,False
a2,Mubadala2023,phase6,41,0,GRI 404: Training and Education 2016,404-3,Talent Building & Retention,no_evidence,,False,1,False,False,False,False
a2,Mubadala2023,phase6,42,0,GRI 408: Child Labor 2016,408-1,Upholding Human Rights,partial,,False,5,False,False,False,False
a2,Mubadala2023,phase6,43,0,GRI 405: Diversity and Equal Opportunity 2016,405-1,Diversity & Inclusion,partial,,False,6,False,False,False,False
a2,Mubadala2023,phase6,44,0,GRI 406: Non-discrimination 2016,406-1,Diversity & Inclusion,no_evidence,,False,5,False,False,False,False
a2,Mubadala2023,phase6,45,0,GRI 413: Local Communities 2016,413-1,Contributing to Communities & Societies,no_evidence,,False,8,False,False,False,False
a2,Mubadala2023,phase6,46,0,GRI 413: Local Communities 2016,413-2,Contributing to Communities & Societies,no_evidence,,False,2,False,False,False,False
a2,Mubadala2023,phase6,47,0,GRI 401: Employment 2016,401-2,Leading Employment Practices,no_evidence,,False,8,False,False,False,False
a2,Mubadala2023,phase6,48,0,GRI 401: Employment 2016,401-3,Leading Employment Practices,no_evidence,,False,5,False,False,False,False
a2,Mubadala2023,phase6,49,0,GRI 205: Anti-corruption 2016,205-1,Governance & Business Ethics,partial,,False,2,False,False,False,False
a2,Mubadala2023,phase6,50,0,GRI 205: Anti-corruption 2016,205-2,Governance & Business Ethics,no_evidence,,False,5,False,False,False,False
a2,Mubadala2023,phase6,51,0,GRI 205: Anti-corruption 2016,205-3,Governance & Business Ethics,partial,,False,4,False,False,False,False
a2,Mubadala2023,phase6,52,0,GRI 418: Customer Privacy 2016,418-1,Cyber Security,no_evidence,,False,4,False,False,False,False
a2,Mubadala2023,phase6,53,0,GRI 414: Supplier Social Assessment 2016,414-1,Responsible Procurement,no_evidence,,False,1,False,False,False,False
a2,Mubadala2023,phase6,54,0,GRI 414: Supplier Social Assessment 2016,414-2,Responsible Procurement,no_evidence,,False,5,False,False,False,False
a2,Mubadala2023,phase6,55,0,GRI 204: Procurement Practices 2016,204-1,Responsible Procurement,partial,,False,3,False,False,False,False
a2,Mubadala2024,phase3,0,0,GRI 2,2-1,,partial,,False,4,False,False,False,False
a2,Mubadala2024,phase3,1,0,GRI 2,2-2,,no_evidence,,False,5,False,False,False,False
a2,Mubadala2024,phase3,2,0,GRI 2,2-3,,partial,,False,4,False,False,False,False
a2,Mubadala2024,phase3,3,0,GRI 2,2-4,,no_evidence,no page pack: page_list_no_matching_chunks; system limitation — human review required,True,0,False,False,True,True
a2,Mubadala2024,phase3,4,0,GRI 2,2-5,,no_evidence,,False,4,False,False,False,False
a2,Mubadala2024,phase3,5,0,GRI 2,2-6,,partial,,False,6,False,False,False,False
a2,Mubadala2024,phase3,6,0,GRI 2,2-7,,no_evidence,,False,10,False,False,False,False
a2,Mubadala2024,phase3,7,0,GRI 2,2-8,,omitted,no page pack: omitted,False,0,True,False,True,True
a2,Mubadala2024,phase3,8,0,GRI 2,2-9,,no_evidence,,False,10,False,False,False,False
a2,Mubadala2024,phase3,9,0,GRI 2,2-10,,no_evidence,,False,5,False,False,False,False
a2,Mubadala2024,phase3,10,0,GRI 2,2-11,,no_evidence,,False,2,False,False,False,False
a2,Mubadala2024,phase3,11,0,GRI 2,2-12,,partial,,False,4,False,False,False,False
a2,Mubadala2024,phase3,12,0,GRI 2,2-13,,no_evidence,,False,3,False,False,False,False
a2,Mubadala2024,phase3,13,0,GRI 2,2-14,,no_evidence,,False,2,False,False,False,False
a2,Mubadala2024,phase3,14,0,GRI 2,2-15,,no_evidence,,False,5,False,False,False,False
a2,Mubadala2024,phase3,15,0,GRI 2,2-16,,no_evidence,,False,2,False,False,False,False
a2,Mubadala2024,phase3,16,0,GRI 2,2-17,,no_evidence,,False,1,False,False,False,False
a2,Mubadala2024,phase3,17,0,GRI 2,2-18,,no_evidence,,False,3,False,False,False,False
a2,Mubadala2024,phase3,18,0,GRI 2,2-19,,omitted,no page pack: omitted,False,0,True,False,True,True
a2,Mubadala2024,phase3,19,0,GRI 2,2-20,,omitted,no page pack: omitted,False,0,True,False,True,True
a2,Mubadala2024,phase3,20,0,GRI 2,2-21,,omitted,no page pack: omitted,False,0,True,False,True,True
a2,Mubadala2024,phase3,21,0,GRI 2,2-22,,partial,,False,1,False,False,False,False
a2,Mubadala2024,phase3,22,0,GRI 2,2-23,,partial,,False,10,False,False,False,False
a2,Mubadala2024,phase3,23,0,GRI 2,2-24,,partial,,False,4,False,False,False,False
a2,Mubadala2024,phase3,24,0,GRI 2,2-25,,no_evidence,,False,5,False,False,False,False
a2,Mubadala2024,phase3,25,0,GRI 2,2-26,,no_evidence,,False,2,False,False,False,False
a2,Mubadala2024,phase3,26,0,GRI 2,2-27,,partial,,False,6,False,False,False,False
a2,Mubadala2024,phase3,27,0,GRI 2,2-28,,omitted,no page pack: omitted,False,0,True,False,True,True
a2,Mubadala2024,phase3,28,0,GRI 2,2-29,,partial,,False,3,False,False,False,False
a2,Mubadala2024,phase3,29,0,GRI 2,2-30,,omitted,no page pack: omitted,False,0,True,False,True,True
a2,Mubadala2024,phase5,0,0,GRI 3,3-1,,partial,,False,3,False,False,False,False
a2,Mubadala2024,phase5,1,0,GRI 3,3-2,,partial,,False,2,False,False,False,False
a2,Mubadala2024,phase5,2,0,GRI 3,3-3,"Climate Adaptation, Resilience & Transition",no_evidence,,False,11,False,False,False,False
a2,Mubadala2024,phase5,3,0,GRI 3,3-3,Communities & Societies,partial,,False,11,False,False,False,False
a2,Mubadala2024,phase5,4,0,GRI 3,3-3,Data Governance & AI Use,partial,,False,11,False,False,False,False
a2,Mubadala2024,phase5,5,0,GRI 3,3-3,Diversity & Inclusion,partial,,False,11,False,False,False,False
a2,Mubadala2024,phase5,6,0,GRI 3,3-3,Employment Practices,partial,,False,11,False,False,False,False
a2,Mubadala2024,phase5,7,0,GRI 3,3-3,Energy Consumption,partial,,False,11,False,False,False,False
a2,Mubadala2024,phase5,8,0,GRI 3,3-3,GHG & Other Air Emissions,no_evidence,,False,11,False,False,False,False
a2,Mubadala2024,phase5,9,0,GRI 3,3-3,Governance & Business Ethics,partial,,False,11,False,False,False,False
a2,Mubadala2024,phase5,10,0,GRI 3,3-3,"Health, Safety & Security of People",partial,,False,11,False,False,False,False
a2,Mubadala2024,phase5,11,0,GRI 3,3-3,Human Rights,partial,,False,11,False,False,False,False
a2,Mubadala2024,phase5,12,0,GRI 3,3-3,Innovation and Digital Transformation,partial,,False,11,False,False,False,False
a2,Mubadala2024,phase5,13,0,GRI 3,3-3,Nature & Biodiversity,partial,,False,11,False,False,False,False
a2,Mubadala2024,phase5,14,0,GRI 3,3-3,Responsible Procurement,partial,,False,11,False,False,False,False
a2,Mubadala2024,phase5,15,0,GRI 3,3-3,Risk Management,partial,,False,11,False,False,False,False
a2,Mubadala2024,phase5,16,0,GRI 3,3-3,"Talent Attraction, Retention, & Development",partial,,False,11,False,False,False,False
a2,Mubadala2024,phase5,17,0,GRI 3,3-3,Waste Management,partial,,False,11,False,False,False,False
a2,Mubadala2024,phase5,18,0,GRI 3,3-3,Water Resource Management,partial,,False,11,False,False,False,False
a2,Mubadala2024,phase6,0,0,GRI 305: Emissions 2016,305-6,GHG & Other Air Emissions,omitted,no page pack: omitted,False,0,True,False,True,True
a2,Mubadala2024,phase6,1,0,GRI 302: Energy 2016,302-5,Energy Consumption,omitted,no page pack: omitted,False,0,True,False,True,True
a2,Mubadala2024,phase6,2,0,GRI 304: Biodiversity 2016,304-1,Nature & Biodiversity,omitted,no page pack: omitted,False,0,True,False,True,True
a2,Mubadala2024,phase6,3,0,GRI 304: Biodiversity 2016,304-4,Nature & Biodiversity,omitted,no page pack: omitted,False,0,True,False,True,True
a2,Mubadala2024,phase6,4,0,GRI 402: Labor/Management Relations 2016,402-1,"Talent Attraction, Retention, & Development",omitted,no page pack: omitted,False,0,True,False,True,True
a2,Mubadala2024,phase6,5,0,GRI 405: Diversity and Equal Opportunity 2016,405-2,Diversity & Inclusion,omitted,no page pack: omitted,False,0,True,False,True,True
a2,Mubadala2024,phase6,6,0,GRI 401: Employment 2016,401-3,Employment Practices,no_evidence,no page pack: page_list_no_matching_chunks; system limitation — human review required,True,0,False,False,True,True
a2,Mubadala2024,phase6,7,0,GRI 305: Emissions 2016,305-1,GHG & Other Air Emissions,partial,,False,9,False,False,False,False
a2,Mubadala2024,phase6,8,0,GRI 305: Emissions 2016,305-2,GHG & Other Air Emissions,partial,,False,9,False,False,False,False
a2,Mubadala2024,phase6,9,0,GRI 305: Emissions 2016,305-3,GHG & Other Air Emissions,no_evidence,,False,9,False,False,False,False
a2,Mubadala2024,phase6,10,0,GRI 305: Emissions 2016,305-4,GHG & Other Air Emissions,partial,,False,4,False,False,False,False
a2,Mubadala2024,phase6,11,0,GRI 305: Emissions 2016,305-5,GHG & Other Air Emissions,partial,,False,5,False,False,False,False
a2,Mubadala2024,phase6,12,0,GRI 305: Emissions 2016,305-7,GHG & Other Air Emissions,partial,,False,7,False,False,False,False
a2,Mubadala2024,phase6,13,0,GRI 306: Waste 2020,306-1,Waste Management,no_evidence,,False,6,False,False,False,False
a2,Mubadala2024,phase6,14,0,GRI 306: Waste 2020,306-2,Waste Management,partial,,False,24,False,False,False,False
a2,Mubadala2024,phase6,15,0,GRI 306: Waste 2020,306-3,Waste Management,no_evidence,,False,7,False,False,False,False
a2,Mubadala2024,phase6,16,0,GRI 306: Waste 2020,306-4,Waste Management,partial,,False,16,False,False,False,False
a2,Mubadala2024,phase6,17,0,GRI 306: Waste 2020,306-5,Waste Management,partial,,False,15,False,False,False,False
a2,Mubadala2024,phase6,18,1,GRI 306: Effluents and Waste 2016,306-3,Waste Management,partial,,False,7,False,False,False,False
a2,Mubadala2024,phase6,19,0,GRI 303: Water and Effluents 2018,303-1,Water Resource Management,partial,,False,4,False,False,False,False
a2,Mubadala2024,phase6,20,0,GRI 303: Water and Effluents 2018,303-2,Water Resource Management,no_evidence,,False,4,False,False,False,False
a2,Mubadala2024,phase6,21,0,GRI 303: Water and Effluents 2018,303-3,Water Resource Management,partial,,False,13,False,False,False,False
a2,Mubadala2024,phase6,22,0,GRI 303: Water and Effluents 2018,303-4,Water Resource Management,no_evidence,,False,12,False,False,False,False
a2,Mubadala2024,phase6,23,0,GRI 303: Water and Effluents 2018,303-5,Water Resource Management,fail,,False,4,False,False,False,False
a2,Mubadala2024,phase6,24,0,GRI 302: Energy 2016,302-1,Energy Consumption,partial,,False,13,False,False,False,False
a2,Mubadala2024,phase6,25,0,GRI 302: Energy 2016,302-2,Energy Consumption,no_evidence,,False,3,False,False,False,False
a2,Mubadala2024,phase6,26,0,GRI 302: Energy 2016,302-3,Energy Consumption,partial,,False,4,False,False,False,False
a2,Mubadala2024,phase6,27,0,GRI 302: Energy 2016,302-4,Energy Consumption,partial,,False,4,False,False,False,False
a2,Mubadala2024,phase6,28,0,GRI 304: Biodiversity 2016,304-2,Nature & Biodiversity,partial,,False,10,False,False,False,False
a2,Mubadala2024,phase6,29,0,GRI 304: Biodiversity 2016,304-3,Nature & Biodiversity,partial,,False,4,False,False,False,False
a2,Mubadala2024,phase6,30,0,GRI 403: Occupational Health and Safety 2018,403-1,"Health, Safety & Security of People",pass,,False,3,False,False,False,False
a2,Mubadala2024,phase6,31,0,GRI 403: Occupational Health and Safety 2018,403-2,"Health, Safety & Security of People",partial,,False,5,False,False,False,False
a2,Mubadala2024,phase6,32,0,GRI 403: Occupational Health and Safety 2018,403-3,"Health, Safety & Security of People",pass,,False,1,False,False,False,False
a2,Mubadala2024,phase6,33,0,GRI 403: Occupational Health and Safety 2018,403-4,"Health, Safety & Security of People",partial,,False,2,False,False,False,False
a2,Mubadala2024,phase6,34,0,GRI 403: Occupational Health and Safety 2018,403-5,"Health, Safety & Security of People",pass,,False,1,False,False,False,False
a2,Mubadala2024,phase6,35,0,GRI 403: Occupational Health and Safety 2018,403-6,"Health, Safety & Security of People",partial,,False,2,False,False,False,False
a2,Mubadala2024,phase6,36,0,GRI 403: Occupational Health and Safety 2018,403-7,"Health, Safety & Security of People",pass,,False,1,False,False,False,False
a2,Mubadala2024,phase6,37,0,GRI 403: Occupational Health and Safety 2018,403-8,"Health, Safety & Security of People",no_evidence,,False,4,False,False,False,False
a2,Mubadala2024,phase6,38,0,GRI 403: Occupational Health and Safety 2018,403-9,"Health, Safety & Security of People",partial,,False,16,False,False,False,False
a2,Mubadala2024,phase6,39,0,GRI 403: Occupational Health and Safety 2018,403-10,"Health, Safety & Security of People",partial,,False,10,False,False,False,False
a2,Mubadala2024,phase6,40,0,GRI 404: Training and Education 2016,404-1,"Talent Attraction, Retention, & Development",partial,,False,2,False,False,False,False
a2,Mubadala2024,phase6,41,0,GRI 404: Training and Education 2016,404-2,"Talent Attraction, Retention, & Development",partial,,False,2,False,False,False,False
a2,Mubadala2024,phase6,42,0,GRI 404: Training and Education 2016,404-3,"Talent Attraction, Retention, & Development",partial,,False,1,False,False,False,False
a2,Mubadala2024,phase6,43,0,GRI 405: Diversity and Equal Opportunity 2016,405-1,Diversity & Inclusion,partial,,False,6,False,False,False,False
a2,Mubadala2024,phase6,44,0,GRI 406: Non-discrimination 2016,406-1,Diversity & Inclusion,no_evidence,,False,5,False,False,False,False
a2,Mubadala2024,phase6,45,0,GRI 413: Local Communities 2016,413-1,Communities & Societies,no_evidence,,False,8,False,False,False,False
a2,Mubadala2024,phase6,46,0,GRI 413: Local Communities 2016,413-2,Communities & Societies,no_evidence,,False,2,False,False,False,False
a2,Mubadala2024,phase6,47,0,GRI 401: Employment 2016,401-2,Employment Practices,no_evidence,,False,8,False,False,False,False
a2,Mubadala2024,phase6,48,0,GRI 408: Child Labor 2016,408-1,Human Rights,no_evidence,,False,5,False,False,False,False
a2,Mubadala2024,phase6,49,0,GRI 205: Anti-corruption 2016,205-1,Governance & Business Ethics,partial,,False,2,False,False,False,False
a2,Mubadala2024,phase6,50,0,GRI 205: Anti-corruption 2016,205-2,Governance & Business Ethics,no_evidence,,False,5,False,False,False,False
a2,Mubadala2024,phase6,51,0,GRI 205: Anti-corruption 2016,205-3,Governance & Business Ethics,partial,,False,4,False,False,False,False
a2,Mubadala2024,phase6,52,0,GRI 418: Customer Privacy 2016,418-1,Data Governance & AI Use,no_evidence,,False,4,False,False,False,False
a2,Mubadala2024,phase6,53,0,GRI 414: Supplier Social Assessment 2016,414-1,Responsible Procurement,no_evidence,,False,1,False,False,False,False
a2,Mubadala2024,phase6,54,0,GRI 414: Supplier Social Assessment 2016,414-2,Responsible Procurement,no_evidence,,False,5,False,False,False,False
a2,Mubadala2024,phase6,55,0,GRI 204: Procurement Practices 2016,204-1,Responsible Procurement,partial,,False,3,False,False,False,False
a2,OKQ82023,phase3,0,0,GRI 2,2-1,,partial,,False,4,False,False,False,False
a2,OKQ82023,phase3,1,0,GRI 2,2-2,,partial,,False,5,False,False,False,False
a2,OKQ82023,phase3,2,0,GRI 2,2-3,,partial,,False,4,False,False,False,False
a2,OKQ82023,phase3,3,0,GRI 2,2-4,,no_evidence,,False,2,False,False,False,False
a2,OKQ82023,phase3,4,0,GRI 2,2-5,,pass,,False,4,False,False,False,False
a2,OKQ82023,phase3,5,0,GRI 2,2-6,,partial,,False,6,False,False,False,False
a2,OKQ82023,phase3,6,0,GRI 2,2-7,,no_evidence,,False,10,False,False,False,False
a2,OKQ82023,phase3,7,0,GRI 2,2-8,,omitted,no page pack: omitted,False,0,True,False,True,True
a2,OKQ82023,phase3,8,0,GRI 2,2-9,,omitted,no page pack: omitted,False,0,True,False,True,True
a2,OKQ82023,phase3,9,0,GRI 2,2-10,,omitted,no page pack: omitted,False,0,True,False,True,True
a2,OKQ82023,phase3,10,0,GRI 2,2-11,,partial,,False,2,False,False,False,False
a2,OKQ82023,phase3,11,0,GRI 2,2-12,,partial,,False,4,False,False,False,False
a2,OKQ82023,phase3,12,0,GRI 2,2-13,,pass,,False,3,False,False,False,False
a2,OKQ82023,phase3,13,0,GRI 2,2-14,,partial,,False,2,False,False,False,False
a2,OKQ82023,phase3,14,0,GRI 2,2-15,,omitted,no page pack: omitted,False,0,True,False,True,True
a2,OKQ82023,phase3,15,0,GRI 2,2-16,,partial,,False,2,False,False,False,False
a2,OKQ82023,phase3,16,0,GRI 2,2-17,,no_evidence,,False,1,False,False,False,False
a2,OKQ82023,phase3,17,0,GRI 2,2-18,,partial,,False,3,False,False,False,False
a2,OKQ82023,phase3,18,0,GRI 2,2-19,,omitted,no page pack: omitted,False,0,True,False,True,True
a2,OKQ82023,phase3,19,0,GRI 2,2-20,,omitted,no page pack: omitted,False,0,True,False,True,True
a2,OKQ82023,phase3,20,0,GRI 2,2-21,,omitted,no page pack: omitted,False,0,True,False,True,True
a2,OKQ82023,phase3,21,0,GRI 2,2-22,,pass,,False,1,False,False,False,False
a2,OKQ82023,phase3,22,0,GRI 2,2-23,,partial,,False,10,False,False,False,False
a2,OKQ82023,phase3,23,0,GRI 2,2-24,,partial,,False,4,False,False,False,False
a2,OKQ82023,phase3,24,0,GRI 2,2-25,,partial,,False,5,False,False,False,False
a2,OKQ82023,phase3,25,0,GRI 2,2-26,,partial,,False,2,False,False,False,False
a2,OKQ82023,phase3,26,0,GRI 2,2-27,,no_evidence,,False,6,False,False,False,False
a2,OKQ82023,phase3,27,0,GRI 2,2-28,,pass,,False,1,False,False,False,False
a2,OKQ82023,phase3,28,0,GRI 2,2-29,,partial,,False,3,False,False,False,False
a2,OKQ82023,phase3,29,0,GRI 2,2-30,,no_evidence,,False,2,False,False,False,False
a2,OKQ82023,phase5,0,0,GRI 3,3-1,,partial,,False,3,False,False,False,False
a2,OKQ82023,phase5,1,0,GRI 3,3-2,,partial,,False,2,False,False,False,False
a2,OKQ82023,phase5,2,0,GRI 3,3-3,Anti-competitive behavior,partial,,False,11,False,False,False,False
a2,OKQ82023,phase5,3,0,GRI 3,3-3,Anti-corruption,partial,,False,11,False,False,False,False
a2,OKQ82023,phase5,4,0,GRI 3,3-3,Biodiversity,partial,,False,11,False,False,False,False
a2,OKQ82023,phase5,5,0,GRI 3,3-3,Diversity and equal opportunity,partial,,False,11,False,False,False,False
a2,OKQ82023,phase5,6,0,GRI 3,3-3,Emissions,partial,,False,11,False,False,False,False
a2,OKQ82023,phase5,7,0,GRI 3,3-3,Employment,partial,,False,11,False,False,False,False
a2,OKQ82023,phase5,8,0,GRI 3,3-3,Energy,partial,,False,11,False,False,False,False
a2,OKQ82023,phase5,9,0,GRI 3,3-3,Forced or compulsory labour,partial,,False,11,False,False,False,False
a2,OKQ82023,phase5,10,0,GRI 3,3-3,Freedom of association and collective bargaining,no_evidence,,False,11,False,False,False,False
a2,OKQ82023,phase5,11,0,GRI 3,3-3,Labour/management relations,partial,,False,11,False,False,False,False
a2,OKQ82023,phase5,12,0,GRI 3,3-3,Non-discrimination,partial,,False,11,False,False,False,False
a2,OKQ82023,phase5,13,0,GRI 3,3-3,Occupational health and safety,partial,,False,11,False,False,False,False
a2,OKQ82023,phase5,14,0,GRI 3,3-3,Supplier environmental assessment,partial,,False,11,False,False,False,False
a2,OKQ82023,phase5,15,0,GRI 3,3-3,Supplier social assessment,partial,,False,11,False,False,False,False
a2,OKQ82023,phase5,16,0,GRI 3,3-3,Training and education,partial,,False,11,False,False,False,False
a2,OKQ82023,phase5,17,0,GRI 3,3-3,Waste,partial,,False,11,False,False,False,False
a2,OKQ82023,phase5,18,0,GRI 3,3-3,Water and effluents,partial,,False,11,False,False,False,False
a2,OKQ82023,phase6,0,0,GRI 302: Energy 2016,302-2,Energy,omitted,no page pack: omitted,False,0,True,False,True,True
a2,OKQ82023,phase6,1,0,GRI 303: Water and Effluents 2018,303-1,Water and effluents,omitted,no page pack: omitted,False,0,True,False,True,True
a2,OKQ82023,phase6,2,0,GRI 303: Water and Effluents 2018,303-2,Water and effluents,omitted,no page pack: omitted,False,0,True,False,True,True
a2,OKQ82023,phase6,3,0,GRI 303: Water and Effluents 2018,303-3,Water and effluents,omitted,no page pack: omitted,False,0,True,False,True,True
a2,OKQ82023,phase6,4,0,GRI 303: Water and Effluents 2018,303-4,Water and effluents,omitted,no page pack: omitted,False,0,True,False,True,True
a2,OKQ82023,phase6,5,0,GRI 303: Water and Effluents 2018,303-5,Water and effluents,omitted,no page pack: omitted,False,0,True,False,True,True
a2,OKQ82023,phase6,6,0,GRI 304: Biodiversity 2016,304-1,Biodiversity,omitted,no page pack: omitted,False,0,True,False,True,True
a2,OKQ82023,phase6,7,0,GRI 304: Biodiversity 2016,304-4,Biodiversity,omitted,no page pack: omitted,False,0,True,False,True,True
a2,OKQ82023,phase6,8,0,GRI 401: Employment 2016,401-3,Employment,omitted,no page pack: omitted,False,0,True,False,True,True
a2,OKQ82023,phase6,9,0,GRI 404: Training and Education 2016,404-1,Training and education,omitted,no page pack: omitted,False,0,True,False,True,True
a2,OKQ82023,phase6,10,0,GRI 405: Diversity and Equal Opportunity 2016,405-2,Diversity and equal opportunity,omitted,no page pack: omitted,False,0,True,False,True,True
a2,OKQ82023,phase6,11,0,GRI 407: Freedom of Association and Collective Bargaining 2016,407-1,Freedom of association and collective bargaining,omitted,no page pack: omitted,False,0,True,False,True,True
a2,OKQ82023,phase6,12,0,GRI 409: Forced or Compulsory Labour 2016,409-1,Forced or compulsory labour,omitted,no page pack: omitted,False,0,True,False,True,True
a2,OKQ82023,phase6,13,0,GRI 414: Supplier Social Assessment 2016,414-1,Supplier social assessment,omitted,no page pack: omitted,False,0,True,False,True,True
a2,OKQ82023,phase6,14,0,GRI 205: Anti-corruption 2016,205-1,Anti-corruption,no_evidence,,False,2,False,False,False,False
a2,OKQ82023,phase6,15,0,GRI 205: Anti-corruption 2016,205-2,Anti-corruption,no_evidence,,False,5,False,False,False,False
a2,OKQ82023,phase6,16,0,GRI 205: Anti-corruption 2016,205-3,Anti-corruption,no_evidence,,False,4,False,False,False,False
a2,OKQ82023,phase6,17,0,GRI 206: Anti-competitive Behavior 2016,206-1,Anti-competitive behavior,no_evidence,,False,2,False,False,False,False
a2,OKQ82023,phase6,18,0,GRI 302: Energy 2016,302-1,Energy,partial,,False,13,False,False,False,False
a2,OKQ82023,phase6,19,0,GRI 302: Energy 2016,302-3,Energy,partial,,False,4,False,False,False,False
a2,OKQ82023,phase6,20,0,GRI 302: Energy 2016,302-4,Energy,no_evidence,,False,4,False,False,False,False
a2,OKQ82023,phase6,21,0,GRI 304: Biodiversity 2016,304-2,Biodiversity,partial,,False,10,False,False,False,False
a2,OKQ82023,phase6,22,0,GRI 304: Biodiversity 2016,304-3,Biodiversity,no_evidence,,False,4,False,False,False,False
a2,OKQ82023,phase6,23,0,GRI 305: Emissions 2016,305-1,Emissions,partial,,False,9,False,False,False,False
a2,OKQ82023,phase6,24,0,GRI 305: Emissions 2016,305-2,Emissions,partial,,False,9,False,False,False,False
a2,OKQ82023,phase6,25,0,GRI 305: Emissions 2016,305-3,Emissions,partial,,False,9,False,False,False,False
a2,OKQ82023,phase6,26,0,GRI 305: Emissions 2016,305-4,Emissions,partial,,False,4,False,False,False,False
a2,OKQ82023,phase6,27,0,GRI 305: Emissions 2016,305-5,Emissions,partial,,False,5,False,False,False,False
a2,OKQ82023,phase6,28,0,GRI 305: Emissions 2016,305-7,Emissions,partial,,False,7,False,False,False,False
a2,OKQ82023,phase6,29,0,GRI 306: Effluents and Waste 2016,306-3,Waste,partial,,False,7,False,False,False,False
a2,OKQ82023,phase6,30,0,GRI 306: Waste 2020,306-1,Waste,no_evidence,,False,6,False,False,False,False
a2,OKQ82023,phase6,31,0,GRI 306: Waste 2020,306-2,Waste,partial,,False,24,False,False,False,False
a2,OKQ82023,phase6,32,1,GRI 306: Waste 2020,306-3,Waste,partial,,False,7,False,False,False,False
a2,OKQ82023,phase6,33,0,GRI 306: Waste 2020,306-4,Waste,no_evidence,,False,16,False,False,False,False
a2,OKQ82023,phase6,34,0,GRI 306: Waste 2020,306-5,Waste,no_evidence,,False,15,False,False,False,False
a2,OKQ82023,phase6,35,0,GRI 308: Supplier Environmental Assessment 2016,308-2,Supplier environmental assessment,partial,,False,5,False,False,False,False
a2,OKQ82023,phase6,36,0,GRI 401: Employment 2016,401-1,Employment,no_evidence,,False,2,False,False,False,False
a2,OKQ82023,phase6,37,0,GRI 401: Employment 2016,401-2,Employment,partial,,False,8,False,False,False,False
a2,OKQ82023,phase6,38,0,GRI 402: Labour/Management Relations 2016,402-1,Labour/management relations,no_evidence,,False,2,False,False,False,False
a2,OKQ82023,phase6,39,0,GRI 403: Occupational Health and Safety 2018,403-1,Occupational health and safety,partial,,False,3,False,False,False,False
a2,OKQ82023,phase6,40,0,GRI 403: Occupational Health and Safety 2018,403-2,Occupational health and safety,partial,,False,5,False,False,False,False
a2,OKQ82023,phase6,41,0,GRI 403: Occupational Health and Safety 2018,403-3,Occupational health and safety,partial,,False,1,False,False,False,False
a2,OKQ82023,phase6,42,0,GRI 403: Occupational Health and Safety 2018,403-4,Occupational health and safety,partial,,False,2,False,False,False,False
a2,OKQ82023,phase6,43,0,GRI 403: Occupational Health and Safety 2018,403-5,Occupational health and safety,pass,,False,1,False,False,False,False
a2,OKQ82023,phase6,44,0,GRI 403: Occupational Health and Safety 2018,403-6,Occupational health and safety,partial,,False,2,False,False,False,False
a2,OKQ82023,phase6,45,0,GRI 403: Occupational Health and Safety 2018,403-7,Occupational health and safety,pass,,False,1,False,False,False,False
a2,OKQ82023,phase6,46,0,GRI 403: Occupational Health and Safety 2018,403-8,Occupational health and safety,no_evidence,,False,4,False,False,False,False
a2,OKQ82023,phase6,47,0,GRI 403: Occupational Health and Safety 2018,403-9,Occupational health and safety,partial,,False,16,False,False,False,False
a2,OKQ82023,phase6,48,0,GRI 403: Occupational Health and Safety 2018,403-10,Occupational health and safety,partial,,False,10,False,False,False,False
a2,OKQ82023,phase6,49,0,GRI 404: Training and Education 2016,404-2,Training and education,partial,,False,2,False,False,False,False
a2,OKQ82023,phase6,50,0,GRI 404: Training and Education 2016,404-3,Training and education,no_evidence,,False,1,False,False,False,False
a2,OKQ82023,phase6,51,0,GRI 405: Diversity and Equal Opportunity 2016,405-1,Diversity and equal opportunity,no_evidence,,False,6,False,False,False,False
a2,OKQ82023,phase6,52,0,GRI 406: Non-discrimination 2016,406-1,Non-discrimination,no_evidence,,False,5,False,False,False,False
a2,OKQ82023,phase6,53,0,GRI 414: Supplier Social Assessment 2016,414-2,Supplier social assessment,no_evidence,,False,5,False,False,False,False
a2,OKQ82024,phase3,0,0,GRI 2,2-1,,partial,,False,4,False,False,False,False
a2,OKQ82024,phase3,1,0,GRI 2,2-2,,partial,,False,5,False,False,False,False
a2,OKQ82024,phase3,2,0,GRI 2,2-3,,partial,,False,4,False,False,False,False
a2,OKQ82024,phase3,3,0,GRI 2,2-4,,no_evidence,,False,2,False,False,False,False
a2,OKQ82024,phase3,4,0,GRI 2,2-5,,partial,,False,4,False,False,False,False
a2,OKQ82024,phase3,5,0,GRI 2,2-6,,partial,,False,6,False,False,False,False
a2,OKQ82024,phase3,6,0,GRI 2,2-7,,partial,,False,10,False,False,False,False
a2,OKQ82024,phase3,7,0,GRI 2,2-8,,omitted,no page pack: omitted,False,0,True,False,True,True
a2,OKQ82024,phase3,8,0,GRI 2,2-9,,omitted,no page pack: omitted,False,0,True,False,True,True
a2,OKQ82024,phase3,9,0,GRI 2,2-10,,omitted,no page pack: omitted,False,0,True,False,True,True
a2,OKQ82024,phase3,10,0,GRI 2,2-11,,no_evidence,,False,2,False,False,False,False
a2,OKQ82024,phase3,11,0,GRI 2,2-12,,partial,,False,4,False,False,False,False
a2,OKQ82024,phase3,12,0,GRI 2,2-13,,pass,,False,3,False,False,False,False
a2,OKQ82024,phase3,13,0,GRI 2,2-14,,pass,,False,2,False,False,False,False
a2,OKQ82024,phase3,14,0,GRI 2,2-15,,omitted,no page pack: omitted,False,0,True,False,True,True
a2,OKQ82024,phase3,15,0,GRI 2,2-16,,partial,,False,2,False,False,False,False
a2,OKQ82024,phase3,16,0,GRI 2,2-17,,no_evidence,,False,1,False,False,False,False
a2,OKQ82024,phase3,17,0,GRI 2,2-18,,partial,,False,3,False,False,False,False
a2,OKQ82024,phase3,18,0,GRI 2,2-19,,omitted,no page pack: omitted,False,0,True,False,True,True
a2,OKQ82024,phase3,19,0,GRI 2,2-20,,omitted,no page pack: omitted,False,0,True,False,True,True
a2,OKQ82024,phase3,20,0,GRI 2,2-21,,omitted,no page pack: omitted,False,0,True,False,True,True
a2,OKQ82024,phase3,21,0,GRI 2,2-22,,pass,,False,1,False,False,False,False
a2,OKQ82024,phase3,22,0,GRI 2,2-23,,partial,,False,10,False,False,False,False
a2,OKQ82024,phase3,23,0,GRI 2,2-24,,partial,,False,4,False,False,False,False
a2,OKQ82024,phase3,24,0,GRI 2,2-25,,partial,,False,5,False,False,False,False
a2,OKQ82024,phase3,25,0,GRI 2,2-26,,partial,,False,2,False,False,False,False
a2,OKQ82024,phase3,26,0,GRI 2,2-27,,no_evidence,,False,6,False,False,False,False
a2,OKQ82024,phase3,27,0,GRI 2,2-28,,pass,,False,1,False,False,False,False
a2,OKQ82024,phase3,28,0,GRI 2,2-29,,partial,,False,3,False,False,False,False
a2,OKQ82024,phase3,29,0,GRI 2,2-30,,partial,,False,2,False,False,False,False
a2,OKQ82024,phase5,0,0,GRI 3,3-1,,partial,,False,3,False,False,False,False
a2,OKQ82024,phase5,1,0,GRI 3,3-2,,partial,,False,2,False,False,False,False
a2,OKQ82024,phase5,2,0,GRI 3,3-3,Anti-competitive behavior,partial,,False,11,False,False,False,False
a2,OKQ82024,phase5,3,0,GRI 3,3-3,Anti-corruption,partial,,False,11,False,False,False,False
a2,OKQ82024,phase5,4,0,GRI 3,3-3,Biodiversity,partial,,False,11,False,False,False,False
a2,OKQ82024,phase5,5,0,GRI 3,3-3,Diversity and equal opportunity,partial,,False,11,False,False,False,False
a2,OKQ82024,phase5,6,0,GRI 3,3-3,Emissions,partial,,False,11,False,False,False,False
a2,OKQ82024,phase5,7,0,GRI 3,3-3,Employment,partial,,False,11,False,False,False,False
a2,OKQ82024,phase5,8,0,GRI 3,3-3,Energy,partial,,False,11,False,False,False,False
a2,OKQ82024,phase5,9,0,GRI 3,3-3,Forced or compulsory labour,no_evidence,,False,11,False,False,False,False
a2,OKQ82024,phase5,10,0,GRI 3,3-3,Freedom of association and collective bargaining,no_evidence,,False,11,False,False,False,False
a2,OKQ82024,phase5,11,0,GRI 3,3-3,Labour/management relations,no_evidence,,False,11,False,False,False,False
a2,OKQ82024,phase5,12,0,GRI 3,3-3,Non-discrimination,partial,,False,11,False,False,False,False
a2,OKQ82024,phase5,13,0,GRI 3,3-3,Occupational health and safety,partial,,False,11,False,False,False,False
a2,OKQ82024,phase5,14,0,GRI 3,3-3,Supplier environmental assessment,partial,,False,11,False,False,False,False
a2,OKQ82024,phase5,15,0,GRI 3,3-3,Supplier social assessment,partial,,False,11,False,False,False,False
a2,OKQ82024,phase5,16,0,GRI 3,3-3,Training and education,partial,,False,11,False,False,False,False
a2,OKQ82024,phase5,17,0,GRI 3,3-3,Waste,partial,,False,11,False,False,False,False
a2,OKQ82024,phase5,18,0,GRI 3,3-3,Water and effluents,partial,,False,11,False,False,False,False
a2,OKQ82024,phase6,0,0,GRI 302: Energy 2016,302-2,Energy,omitted,no page pack: omitted,False,0,True,False,True,True
a2,OKQ82024,phase6,1,0,GRI 303: Water and Effluents 2018,303-1,Water and effluents,omitted,no page pack: omitted,False,0,True,False,True,True
a2,OKQ82024,phase6,2,0,GRI 303: Water and Effluents 2018,303-2,Water and effluents,omitted,no page pack: omitted,False,0,True,False,True,True
a2,OKQ82024,phase6,3,0,GRI 303: Water and Effluents 2018,303-3,Water and effluents,omitted,no page pack: omitted,False,0,True,False,True,True
a2,OKQ82024,phase6,4,0,GRI 303: Water and Effluents 2018,303-4,Water and effluents,omitted,no page pack: omitted,False,0,True,False,True,True
a2,OKQ82024,phase6,5,0,GRI 303: Water and Effluents 2018,303-5,Water and effluents,omitted,no page pack: omitted,False,0,True,False,True,True
a2,OKQ82024,phase6,6,0,GRI 304: Biodiversity 2016,304-1,Biodiversity,omitted,no page pack: omitted,False,0,True,False,True,True
a2,OKQ82024,phase6,7,0,GRI 304: Biodiversity 2016,304-4,Biodiversity,omitted,no page pack: omitted,False,0,True,False,True,True
a2,OKQ82024,phase6,8,0,GRI 305: Emissions 2016,305-7,Emissions,no_evidence,no page pack: page_list_no_matching_chunks; system limitation — human review required,True,0,False,False,True,True
a2,OKQ82024,phase6,9,0,GRI 401: Employment 2016,401-3,Employment,omitted,no page pack: omitted,False,0,True,False,True,True
a2,OKQ82024,phase6,10,0,GRI 404: Training and Education 2016,404-1,Training and education,omitted,no page pack: omitted,False,0,True,False,True,True
a2,OKQ82024,phase6,11,0,GRI 405: Diversity and Equal Opportunity 2016,405-2,Diversity and equal opportunity,omitted,no page pack: omitted,False,0,True,False,True,True
a2,OKQ82024,phase6,12,0,GRI 407: Freedom of Association and Collective Bargaining 2016,407-1,Freedom of association and collective bargaining,omitted,no page pack: omitted,False,0,True,False,True,True
a2,OKQ82024,phase6,13,0,GRI 409: Forced or Compulsory Labour 2016,409-1,Forced or compulsory labour,omitted,no page pack: omitted,False,0,True,False,True,True
a2,OKQ82024,phase6,14,0,GRI 414: Supplier Social Assessment 2016,414-1,Supplier social assessment,omitted,no page pack: omitted,False,0,True,False,True,True
a2,OKQ82024,phase6,15,0,GRI 205: Anti-corruption 2016,205-1,Anti-corruption,no_evidence,,False,2,False,False,False,False
a2,OKQ82024,phase6,16,0,GRI 205: Anti-corruption 2016,205-2,Anti-corruption,no_evidence,,False,5,False,False,False,False
a2,OKQ82024,phase6,17,0,GRI 205: Anti-corruption 2016,205-3,Anti-corruption,no_evidence,,False,4,False,False,False,False
a2,OKQ82024,phase6,18,0,GRI 206: Anti-competitive Behavior 2016,206-1,Anti-competitive behavior,no_evidence,,False,2,False,False,False,False
a2,OKQ82024,phase6,19,0,GRI 302: Energy 2016,302-1,Energy,partial,,False,13,False,False,False,False
a2,OKQ82024,phase6,20,0,GRI 302: Energy 2016,302-3,Energy,partial,,False,4,False,False,False,False
a2,OKQ82024,phase6,21,0,GRI 302: Energy 2016,302-4,Energy,no_evidence,,False,4,False,False,False,False
a2,OKQ82024,phase6,22,0,GRI 304: Biodiversity 2016,304-2,Biodiversity,partial,,False,10,False,False,False,False
a2,OKQ82024,phase6,23,0,GRI 304: Biodiversity 2016,304-3,Biodiversity,no_evidence,,False,4,False,False,False,False
a2,OKQ82024,phase6,24,0,GRI 305: Emissions 2016,305-1,Emissions,partial,,False,9,False,False,False,False
a2,OKQ82024,phase6,25,0,GRI 305: Emissions 2016,305-2,Emissions,partial,,False,9,False,False,False,False
a2,OKQ82024,phase6,26,0,GRI 305: Emissions 2016,305-3,Emissions,partial,,False,9,False,False,False,False
a2,OKQ82024,phase6,27,0,GRI 305: Emissions 2016,305-4,Emissions,partial,,False,4,False,False,False,False
a2,OKQ82024,phase6,28,0,GRI 305: Emissions 2016,305-5,Emissions,partial,,False,5,False,False,False,False
a2,OKQ82024,phase6,29,0,GRI 306: Effluents and Waste 2016,306-3,Waste,no_evidence,,False,7,False,False,False,False
a2,OKQ82024,phase6,30,0,GRI 306: Waste 2020,306-1,Waste,no_evidence,,False,6,False,False,False,False
a2,OKQ82024,phase6,31,0,GRI 306: Waste 2020,306-2,Waste,no_evidence,,False,24,False,False,False,False
a2,OKQ82024,phase6,32,1,GRI 306: Waste 2020,306-3,Waste,no_evidence,,False,7,False,False,False,False
a2,OKQ82024,phase6,33,0,GRI 306: Waste 2020,306-4,Waste,no_evidence,,False,16,False,False,False,False
a2,OKQ82024,phase6,34,0,GRI 306: Waste 2020,306-5,Waste,partial,,False,15,False,False,False,False
a2,OKQ82024,phase6,35,0,GRI 308: Supplier Environmental Assessment 2016,308-2,Supplier environmental assessment,no_evidence,,False,5,False,False,False,False
a2,OKQ82024,phase6,36,0,GRI 401: Employment 2016,401-1,Employment,partial,,False,2,False,False,False,False
a2,OKQ82024,phase6,37,0,GRI 401: Employment 2016,401-2,Employment,no_evidence,,False,8,False,False,False,False
a2,OKQ82024,phase6,38,0,GRI 402: Labour/Management Relations 2016,402-1,Labour/management relations,no_evidence,,False,2,False,False,False,False
a2,OKQ82024,phase6,39,0,GRI 403: Occupational Health and Safety 2018,403-1,Occupational health and safety,partial,,False,3,False,False,False,False
a2,OKQ82024,phase6,40,0,GRI 403: Occupational Health and Safety 2018,403-2,Occupational health and safety,partial,,False,5,False,False,False,False
a2,OKQ82024,phase6,41,0,GRI 403: Occupational Health and Safety 2018,403-3,Occupational health and safety,pass,,False,1,False,False,False,False
a2,OKQ82024,phase6,42,0,GRI 403: Occupational Health and Safety 2018,403-4,Occupational health and safety,partial,,False,2,False,False,False,False
a2,OKQ82024,phase6,43,0,GRI 403: Occupational Health and Safety 2018,403-5,Occupational health and safety,pass,,False,1,False,False,False,False
a2,OKQ82024,phase6,44,0,GRI 403: Occupational Health and Safety 2018,403-6,Occupational health and safety,partial,,False,2,False,False,False,False
a2,OKQ82024,phase6,45,0,GRI 403: Occupational Health and Safety 2018,403-7,Occupational health and safety,pass,,False,1,False,False,False,False
a2,OKQ82024,phase6,46,0,GRI 403: Occupational Health and Safety 2018,403-8,Occupational health and safety,no_evidence,,False,4,False,False,False,False
a2,OKQ82024,phase6,47,0,GRI 403: Occupational Health and Safety 2018,403-9,Occupational health and safety,partial,,False,16,False,False,False,False
a2,OKQ82024,phase6,48,0,GRI 403: Occupational Health and Safety 2018,403-10,Occupational health and safety,partial,,False,10,False,False,False,False
a2,OKQ82024,phase6,49,0,GRI 404: Training and Education 2016,404-2,Training and education,partial,,False,2,False,False,False,False
a2,OKQ82024,phase6,50,0,GRI 404: Training and Education 2016,404-3,Training and education,no_evidence,,False,1,False,False,False,False
a2,OKQ82024,phase6,51,0,GRI 405: Diversity and Equal Opportunity 2016,405-1,Diversity and equal opportunity,no_evidence,,False,6,False,False,False,False
a2,OKQ82024,phase6,52,0,GRI 406: Non-discrimination 2016,406-1,Non-discrimination,no_evidence,,False,5,False,False,False,False
a2,OKQ82024,phase6,53,0,GRI 414: Supplier Social Assessment 2016,414-2,Supplier social assessment,no_evidence,,False,5,False,False,False,False
a2,OQ2023,phase3,0,0,GRI 2,2-1,,partial,,False,4,False,False,False,False
a2,OQ2023,phase3,1,0,GRI 2,2-2,,partial,,False,5,False,False,False,False
a2,OQ2023,phase3,2,0,GRI 2,2-3,,partial,,False,4,False,False,False,False
a2,OQ2023,phase3,3,0,GRI 2,2-4,,no_evidence,,False,2,False,False,False,False
a2,OQ2023,phase3,4,0,GRI 2,2-5,,no_evidence,,False,4,False,False,False,False
a2,OQ2023,phase3,5,0,GRI 2,2-6,,no_evidence,,False,6,False,False,False,False
a2,OQ2023,phase3,6,0,GRI 2,2-7,,partial,,False,10,False,False,False,False
a2,OQ2023,phase3,7,0,GRI 2,2-8,,no_evidence,,False,5,False,False,False,False
a2,OQ2023,phase3,8,0,GRI 2,2-9,,partial,,False,10,False,False,False,False
a2,OQ2023,phase3,9,0,GRI 2,2-10,,partial,,False,5,False,False,False,False
a2,OQ2023,phase3,10,0,GRI 2,2-11,,no_evidence,,False,2,False,False,False,False
a2,OQ2023,phase3,11,0,GRI 2,2-12,,partial,,False,4,False,False,False,False
a2,OQ2023,phase3,12,0,GRI 2,2-13,,no_evidence,,False,3,False,False,False,False
a2,OQ2023,phase3,13,0,GRI 2,2-14,,no_evidence,,False,2,False,False,False,False
a2,OQ2023,phase3,14,0,GRI 2,2-15,,no_evidence,,False,5,False,False,False,False
a2,OQ2023,phase3,15,0,GRI 2,2-16,,no_evidence,,False,2,False,False,False,False
a2,OQ2023,phase3,16,0,GRI 2,2-17,,no_evidence,,False,1,False,False,False,False
a2,OQ2023,phase3,17,0,GRI 2,2-18,,no_evidence,,False,3,False,False,False,False
a2,OQ2023,phase3,18,0,GRI 2,2-19,,no_evidence,,False,6,False,False,False,False
a2,OQ2023,phase3,19,0,GRI 2,2-20,,no_evidence,,False,4,False,False,False,False
a2,OQ2023,phase3,20,0,GRI 2,2-21,,omitted,no page pack: omitted,False,0,True,False,True,True
a2,OQ2023,phase3,21,0,GRI 2,2-22,,no_evidence,,False,1,False,False,False,False
a2,OQ2023,phase3,22,0,GRI 2,2-23,,partial,,False,10,False,False,False,False
a2,OQ2023,phase3,23,0,GRI 2,2-24,,partial,,False,4,False,False,False,False
a2,OQ2023,phase3,24,0,GRI 2,2-25,,partial,,False,5,False,False,False,False
a2,OQ2023,phase3,25,0,GRI 2,2-26,,partial,,False,2,False,False,False,False
a2,OQ2023,phase3,26,0,GRI 2,2-27,,no_evidence,,False,6,False,False,False,False
a2,OQ2023,phase3,27,0,GRI 2,2-28,,no_evidence,,False,1,False,False,False,False
a2,OQ2023,phase3,28,0,GRI 2,2-29,,no_evidence,,False,3,False,False,False,False
a2,OQ2023,phase3,29,0,GRI 2,2-30,,omitted,no page pack: omitted,False,0,True,False,True,True
a2,OQ2023,phase5,0,0,GRI 3,3-1,,no_evidence,,False,3,False,False,False,False
a2,OQ2023,phase5,1,0,GRI 3,3-2,,partial,,False,2,False,False,False,False
a2,OQ2023,phase5,2,0,GRI 3,3-3,"Agility, Innovation, & Digital Transformation",partial,,False,11,False,False,False,False
a2,OQ2023,phase5,3,0,GRI 3,3-3,Asset Integrity & Critical Incident Management,partial,,False,11,False,False,False,False
a2,OQ2023,phase5,4,0,GRI 3,3-3,Biodiversity,partial,,False,11,False,False,False,False
a2,OQ2023,phase5,5,0,GRI 3,3-3,Business Ethics & Anti-corruption,partial,,False,11,False,False,False,False
a2,OQ2023,phase5,6,1,GRI 3,3-3,Business Ethics & Anti-corruption,partial,,False,11,False,False,False,False
a2,OQ2023,phase5,7,0,GRI 3,3-3,Climate Change & Energy Transition,partial,,False,11,False,False,False,False
a2,OQ2023,phase5,8,1,GRI 3,3-3,Climate Change & Energy Transition,partial,,False,11,False,False,False,False
a2,OQ2023,phase5,9,0,GRI 3,3-3,Cybersecurity and Data Privacy,partial,,False,11,False,False,False,False
a2,OQ2023,phase5,10,0,GRI 3,3-3,"Diversity, Equity, and Inclusion",partial,,False,11,False,False,False,False
a2,OQ2023,phase5,11,0,GRI 3,3-3,Economic Impact,partial,,False,11,False,False,False,False
a2,OQ2023,phase5,12,1,GRI 3,3-3,Economic Impact,no_evidence,,False,11,False,False,False,False
a2,OQ2023,phase5,13,2,GRI 3,3-3,Economic Impact,partial,,False,11,False,False,False,False
a2,OQ2023,phase5,14,3,GRI 3,3-3,Economic Impact,partial,,False,11,False,False,False,False
a2,OQ2023,phase5,15,0,GRI 3,3-3,Employment Practices & Development,partial,,False,11,False,False,False,False
a2,OQ2023,phase5,16,0,GRI 3,3-3,Government Relations & Tax,partial,,False,11,False,False,False,False
a2,OQ2023,phase5,17,0,GRI 3,3-3,Human Right Protection & Labour Management,partial,,False,11,False,False,False,False
a2,OQ2023,phase5,18,0,GRI 3,3-3,Local Community & Social Investments,partial,,False,11,False,False,False,False
a2,OQ2023,phase5,19,0,GRI 3,3-3,Occupational Health and Safety,partial,,False,11,False,False,False,False
a2,OQ2023,phase5,20,0,GRI 3,3-3,Supply Chain Management & ICV,partial,,False,11,False,False,False,False
a2,OQ2023,phase5,21,0,GRI 3,3-3,Sustainable Finance,partial,,False,11,False,False,False,False
a2,OQ2023,phase5,22,0,GRI 3,3-3,Waste Management,partial,,False,11,False,False,False,False
a2,OQ2023,phase5,23,0,GRI 3,3-3,Water Management,partial,,False,11,False,False,False,False
a2,OQ2023,phase6,0,0,GRI 202: Market Presence 2016,202-1,Economic Impact,external_verification,no page pack: external_document_reference,False,0,False,True,True,True
a2,OQ2023,phase6,1,0,GRI 201: Economic Performance 2016,201-1,Economic Impact,no_evidence,,False,4,False,False,False,False
a2,OQ2023,phase6,2,0,GRI 201: Economic Performance 2016,201-2,Economic Impact,no_evidence,,False,5,False,False,False,False
a2,OQ2023,phase6,3,0,GRI 201: Economic Performance 2016,201-3,Economic Impact,no_evidence,,False,7,False,False,False,False
a2,OQ2023,phase6,4,0,GRI 201: Economic Performance 2016,201-4,Economic Impact,no_evidence,,False,10,False,False,False,False
a2,OQ2023,phase6,5,0,GRI 202: Market Presence 2016,202-2,Economic Impact,no_evidence,,False,4,False,False,False,False
a2,OQ2023,phase6,6,0,GRI 203: Indirect Economic Impacts 2016,203-1,Economic Impact,partial,,False,3,False,False,False,False
a2,OQ2023,phase6,7,0,GRI 203: Indirect Economic Impacts 2016,203-2,Economic Impact,no_evidence,,False,2,False,False,False,False
a2,OQ2023,phase6,8,0,GRI 204: Procurement Practices 2016,204-1,Economic Impact,no_evidence,,False,3,False,False,False,False
a2,OQ2023,phase6,9,0,GRI 205: Anti-corruption 2016,205-1,Business Ethics & Anti-corruption,no_evidence,,False,2,False,False,False,False
a2,OQ2023,phase6,10,0,GRI 205: Anti-corruption 2016,205-2,Business Ethics & Anti-corruption,no_evidence,,False,5,False,False,False,False
a2,OQ2023,phase6,11,0,GRI 205: Anti-corruption 2016,205-3,Business Ethics & Anti-corruption,pass,,False,4,False,False,False,False
a2,OQ2023,phase6,12,0,GRI 207: Tax 2019,207-1,Government Relations & Tax,no_evidence,,False,4,False,False,False,False
a2,OQ2023,phase6,13,0,GRI 207: Tax 2019,207-2,Government Relations & Tax,no_evidence,,False,6,False,False,False,False
a2,OQ2023,phase6,14,0,GRI 207: Tax 2019,207-3,Government Relations & Tax,no_evidence,,False,3,False,False,False,False
a2,OQ2023,phase6,15,0,GRI 302: Energy 2016,302-1,Climate Change & Energy Transition,partial,,False,13,False,False,False,False
a2,OQ2023,phase6,16,0,GRI 302: Energy 2016,302-2,Climate Change & Energy Transition,partial,,False,3,False,False,False,False
a2,OQ2023,phase6,17,0,GRI 302: Energy 2016,302-3,Climate Change & Energy Transition,partial,,False,4,False,False,False,False
a2,OQ2023,phase6,18,0,GRI 305: Emissions 2016,305-1,Climate Change & Energy Transition,partial,,False,9,False,False,False,False
a2,OQ2023,phase6,19,0,GRI 305: Emissions 2016,305-2,Climate Change & Energy Transition,partial,,False,9,False,False,False,False
a2,OQ2023,phase6,20,0,GRI 303: Water and Effluents 2018,303-1,Water Management,partial,,False,4,False,False,False,False
a2,OQ2023,phase6,21,0,GRI 303: Water and Effluents 2018,303-2,Water Management,no_evidence,,False,4,False,False,False,False
a2,OQ2023,phase6,22,0,GRI 303: Water and Effluents 2018,303-3,Water Management,no_evidence,,False,13,False,False,False,False
a2,OQ2023,phase6,23,0,GRI 303: Water and Effluents 2018,303-4,Water Management,partial,,False,12,False,False,False,False
a2,OQ2023,phase6,24,0,GRI 303: Water and Effluents 2018,303-5,Water Management,no_evidence,,False,4,False,False,False,False
a2,OQ2023,phase6,25,0,GRI 304: Biodiversity 2016,304-1,Biodiversity,no_evidence,,False,7,False,False,False,False
a2,OQ2023,phase6,26,0,GRI 304: Biodiversity 2016,304-2,Biodiversity,no_evidence,,False,10,False,False,False,False
a2,OQ2023,phase6,27,0,GRI 304: Biodiversity 2016,304-3,Biodiversity,no_evidence,,False,4,False,False,False,False
a2,OQ2023,phase6,28,0,GRI 306: Waste 2020,306-1,Waste Management,no_evidence,,False,6,False,False,False,False
a2,OQ2023,phase6,29,0,GRI 306: Waste 2020,306-2,Waste Management,no_evidence,,False,24,False,False,False,False
a2,OQ2023,phase6,30,0,GRI 306: Waste 2020,306-3,Waste Management,no_evidence,,False,7,False,False,False,False
a2,OQ2023,phase6,31,0,GRI 403: Occupational Health and Safety 2018,403-1,Occupational Health and Safety,no_evidence,,False,3,False,False,False,False
a2,OQ2023,phase6,32,0,GRI 403: Occupational Health and Safety 2018,403-2,Occupational Health and Safety,partial,,False,5,False,False,False,False
a2,OQ2023,phase6,33,0,GRI 403: Occupational Health and Safety 2018,403-3,Occupational Health and Safety,no_evidence,,False,1,False,False,False,False
a2,OQ2023,phase6,34,0,GRI 403: Occupational Health and Safety 2018,403-4,Occupational Health and Safety,partial,,False,2,False,False,False,False
a2,OQ2023,phase6,35,0,GRI 403: Occupational Health and Safety 2018,403-5,Occupational Health and Safety,pass,,False,1,False,False,False,False
a2,OQ2023,phase6,36,0,GRI 403: Occupational Health and Safety 2018,403-6,Occupational Health and Safety,no_evidence,,False,2,False,False,False,False
a2,OQ2023,phase6,37,0,GRI 403: Occupational Health and Safety 2018,403-7,Occupational Health and Safety,pass,,False,1,False,False,False,False
a2,OQ2023,phase6,38,0,GRI 403: Occupational Health and Safety 2018,403-8,Occupational Health and Safety,no_evidence,,False,4,False,False,False,False
a2,OQ2023,phase6,39,0,GRI 403: Occupational Health and Safety 2018,403-9,Occupational Health and Safety,partial,,False,16,False,False,False,False
a2,OQ2023,phase6,40,0,GRI 403: Occupational Health and Safety 2018,403-10,Occupational Health and Safety,partial,,False,10,False,False,False,False
a2,OQ2023,phase6,41,0,GRI 405: Diversity and Equal Opportunity 2016,405-1,"Diversity, Equity, and Inclusion",no_evidence,,False,6,False,False,False,False
a2,OQ2023,phase6,42,0,GRI 405: Diversity and Equal Opportunity 2016,405-2,"Diversity, Equity, and Inclusion",no_evidence,,False,2,False,False,False,False
a2,OQ2023,phase6,43,0,GRI 404: Training and Education 2016,404-1,Employment Practices & Development,no_evidence,,False,2,False,False,False,False
a2,OQ2023,phase6,44,0,GRI 404: Training and Education 2016,404-2,Employment Practices & Development,partial,,False,2,False,False,False,False
a2,OQ2023,phase6,45,0,GRI 404: Training and Education 2016,404-3,Employment Practices & Development,no_evidence,,False,1,False,False,False,False
a2,OQ2023,phase6,46,0,GRI 413: Local Communities 2016,413-1,Local Community & Social Investments,no_evidence,,False,8,False,False,False,False
a2,OQ2023,phase6,47,0,GRI 413: Local Communities 2016,413-2,Local Community & Social Investments,no_evidence,,False,2,False,False,False,False
v_new,Bangchak2024,phase3,0,0,GRI 2,2-1,,partial,,False,4,False,False,False,False
v_new,Bangchak2024,phase3,1,0,GRI 2,2-2,,partial,,False,5,False,False,False,False
v_new,Bangchak2024,phase3,2,0,GRI 2,2-3,,partial,,False,4,False,False,False,False
v_new,Bangchak2024,phase3,3,0,GRI 2,2-4,,pass,,False,2,False,False,False,False
v_new,Bangchak2024,phase3,4,0,GRI 2,2-5,,no_evidence,no page pack: page_list_no_matching_chunks; system limitation — human review required,True,0,False,False,True,True
v_new,Bangchak2024,phase3,5,0,GRI 2,2-6,,external_verification,no page pack: external_document_reference,False,0,False,True,True,True
v_new,Bangchak2024,phase3,6,0,GRI 2,2-7,,no_evidence,no page pack: page_list_no_matching_chunks; system limitation — human review required,True,0,False,False,True,True
v_new,Bangchak2024,phase3,7,0,GRI 2,2-8,,no_evidence,no page pack: page_list_no_matching_chunks; system limitation — human review required,True,0,False,False,True,True
v_new,Bangchak2024,phase3,8,0,GRI 2,2-9,,external_verification,no page pack: external_document_reference,False,0,False,True,True,True
v_new,Bangchak2024,phase3,9,0,GRI 2,2-10,,external_verification,no page pack: external_document_reference,False,0,False,True,True,True
v_new,Bangchak2024,phase3,10,0,GRI 2,2-11,,external_verification,no page pack: external_document_reference,False,0,False,True,True,True
v_new,Bangchak2024,phase3,11,0,GRI 2,2-12,,no_evidence,,False,4,False,False,False,False
v_new,Bangchak2024,phase3,12,0,GRI 2,2-13,,partial,,False,3,False,False,False,False
v_new,Bangchak2024,phase3,13,0,GRI 2,2-14,,no_evidence,,False,2,False,False,False,False
v_new,Bangchak2024,phase3,14,0,GRI 2,2-15,,external_verification,no page pack: external_document_reference,False,0,False,True,True,True
v_new,Bangchak2024,phase3,15,0,GRI 2,2-16,,no_evidence,,False,2,False,False,False,False
v_new,Bangchak2024,phase3,16,0,GRI 2,2-17,,external_verification,no page pack: external_document_reference,False,0,False,True,True,True
v_new,Bangchak2024,phase3,17,0,GRI 2,2-18,,external_verification,no page pack: external_document_reference,False,0,False,True,True,True
v_new,Bangchak2024,phase3,18,0,GRI 2,2-19,,external_verification,no page pack: external_document_reference,False,0,False,True,True,True
v_new,Bangchak2024,phase3,19,0,GRI 2,2-20,,external_verification,no page pack: external_document_reference,False,0,False,True,True,True
v_new,Bangchak2024,phase3,20,0,GRI 2,2-21,,omitted,no page pack: omitted,False,0,True,False,True,True
v_new,Bangchak2024,phase3,21,0,GRI 2,2-22,,pass,,False,1,False,False,False,False
v_new,Bangchak2024,phase3,22,0,GRI 2,2-23,,partial,,False,10,False,False,False,False
v_new,Bangchak2024,phase3,23,0,GRI 2,2-24,,partial,,False,4,False,False,False,False
v_new,Bangchak2024,phase3,24,0,GRI 2,2-25,,no_evidence,no page pack: page_list_no_matching_chunks; system limitation — human review required,True,0,False,False,True,True
v_new,Bangchak2024,phase3,25,0,GRI 2,2-26,,no_evidence,,False,2,False,False,False,False
v_new,Bangchak2024,phase3,26,0,GRI 2,2-27,,no_evidence,,False,6,False,False,False,False
v_new,Bangchak2024,phase3,27,0,GRI 2,2-28,,no_evidence,,False,1,False,False,False,False
v_new,Bangchak2024,phase3,28,0,GRI 2,2-29,,pass,,False,3,False,False,False,False
v_new,Bangchak2024,phase3,29,0,GRI 2,2-30,,no_evidence,,False,2,False,False,False,False
v_new,Bangchak2024,phase5,0,0,GRI 3,3-1,,partial,,False,3,False,False,False,False
v_new,Bangchak2024,phase5,1,0,GRI 3,3-2,,pass,,False,2,False,False,False,False
v_new,Bangchak2024,phase5,2,0,GRI 3,3-3,Air emissions,partial,,False,11,False,False,False,False
v_new,Bangchak2024,phase5,3,0,GRI 3,3-3,Anti-corruption & Anti-competitive behavior,partial,,False,11,False,False,False,False
v_new,Bangchak2024,phase5,4,0,GRI 3,3-3,Asset integrity and critical incident management,partial,,False,11,False,False,False,False
v_new,Bangchak2024,phase5,5,0,GRI 3,3-3,Biodiversity,partial,,False,11,False,False,False,False
v_new,Bangchak2024,phase5,6,0,GRI 3,3-3,Conflict and security,partial,,False,11,False,False,False,False
v_new,Bangchak2024,phase5,7,0,GRI 3,3-3,Economic impacts,partial,,False,11,False,False,False,False
v_new,Bangchak2024,phase5,8,0,GRI 3,3-3,Employment Practices,partial,,False,11,False,False,False,False
v_new,Bangchak2024,phase5,9,0,GRI 3,3-3,Energy Accessibility & Security,partial,,False,11,False,False,False,False
v_new,Bangchak2024,phase5,10,0,GRI 3,3-3,Forced labor and modern slavery,partial,,False,11,False,False,False,False
v_new,Bangchak2024,phase5,11,0,GRI 3,3-3,Freedom of association and collective bargaining,no_evidence,,False,11,False,False,False,False
v_new,Bangchak2024,phase5,12,0,GRI 3,3-3,"GHG Emissions & Climate adaptation, resilience, and transition",partial,,False,11,False,False,False,False
v_new,Bangchak2024,phase5,13,0,GRI 3,3-3,Information technology and cybersecurity,partial,,False,11,False,False,False,False
v_new,Bangchak2024,phase5,14,0,GRI 3,3-3,Land and Resource Rights,partial,,False,11,False,False,False,False
v_new,Bangchak2024,phase5,15,0,GRI 3,3-3,Local communities,partial,,False,11,False,False,False,False
v_new,Bangchak2024,phase5,16,0,GRI 3,3-3,Non-discrimination and equal opportunity,partial,,False,11,False,False,False,False
v_new,Bangchak2024,phase5,17,0,GRI 3,3-3,Occupational health and safety,partial,,False,11,False,False,False,False
v_new,Bangchak2024,phase5,18,0,GRI 3,3-3,Payments to governments,partial,,False,11,False,False,False,False
v_new,Bangchak2024,phase5,19,0,GRI 3,3-3,Product and service quality & customer relationship,partial,,False,11,False,False,False,False
v_new,Bangchak2024,phase5,20,0,GRI 3,3-3,Public policy,external_verification,no page pack: external_document_reference,False,0,False,True,True,True
v_new,Bangchak2024,phase5,21,0,GRI 3,3-3,Rights of indigenous peoples,partial,,False,11,False,False,False,False
v_new,Bangchak2024,phase5,22,0,GRI 3,3-3,Supplier chain management,partial,,False,11,False,False,False,False
v_new,Bangchak2024,phase5,23,0,GRI 3,3-3,Waste,partial,,False,11,False,False,False,False
v_new,Bangchak2024,phase5,24,0,GRI 3,3-3,Water and effluents,partial,,False,11,False,False,False,False
v_new,Bangchak2024,phase6,0,0,GRI 202: Market Presence 2016,202-2,Economic impacts,no_evidence,no page pack: page_list_no_matching_chunks; system limitation — human review required,True,0,False,False,True,True
v_new,Bangchak2024,phase6,1,0,GRI 206: Anti-competitive Behavior 2016,206-1,Anti-corruption & Anti-competitive behavior,external_verification,no page pack: external_document_reference,False,0,False,True,True,True
v_new,Bangchak2024,phase6,2,0,GRI 205: Anti-corruption 2016,,Anti-corruption & Anti-competitive behavior,fail,GCI row has missing/blank disclosure_id — cannot judge,False,0,False,False,False,True
v_new,Bangchak2024,phase6,3,1,GRI 205: Anti-corruption 2016,,Anti-corruption & Anti-competitive behavior,fail,GCI row has missing/blank disclosure_id — cannot judge,False,0,False,False,False,True
v_new,Bangchak2024,phase6,4,0,GRI 201: Economic Performance 2016,201-4,Payments to governments,external_verification,no page pack: external_document_reference,False,0,False,True,True,True
v_new,Bangchak2024,phase6,5,0,,,Information technology and cybersecurity,fail,GCI row has missing/blank disclosure_id — cannot judge,False,0,False,False,False,True
v_new,Bangchak2024,phase6,6,0,GRI 302: Energy 2016,302-2,"GHG Emissions & Climate adaptation, resilience, and transition",omitted,no page pack: omitted,False,0,True,False,True,True
v_new,Bangchak2024,phase6,7,0,,,"GHG Emissions & Climate adaptation, resilience, and transition",fail,GCI row has missing/blank disclosure_id — cannot judge,False,0,False,False,False,True
v_new,Bangchak2024,phase6,8,0,,,Air emissions,fail,GCI row has missing/blank disclosure_id — cannot judge,False,0,False,False,False,True
v_new,Bangchak2024,phase6,9,0,GRI 304: Biodiversity 2016,304-1,Biodiversity,omitted,no page pack: omitted,False,0,True,False,True,True
v_new,Bangchak2024,phase6,10,0,GRI 306: Effluents and Waste 2016,,Asset integrity and critical incident management,fail,GCI row has missing/blank disclosure_id — cannot judge,False,0,False,False,False,True
v_new,Bangchak2024,phase6,11,0,,,Occupational health and safety,fail,GCI row has missing/blank disclosure_id — cannot judge,False,0,False,False,False,True
v_new,Bangchak2024,phase6,12,0,GRI 202: Market Presence 2016,202-2,Non-discrimination and equal opportunity,no_evidence,no page pack: page_list_no_matching_chunks; system limitation — human review required,True,0,False,False,True,True
v_new,Bangchak2024,phase6,13,0,GRI 405: Diversity and Equal Opportunity 2016,405-2,Non-discrimination and equal opportunity,no_evidence,no page pack: page_list_no_matching_chunks; system limitation — human review required,True,0,False,False,True,True
v_new,Bangchak2024,phase6,14,0,,,Local communities,fail,GCI row has missing/blank disclosure_id — cannot judge,False,0,False,False,False,True
v_new,Bangchak2024,phase6,15,0,GRI 412: Human Rights Assessment 2016,,Land and Resource Rights,fail,GCI row has missing/blank disclosure_id — cannot judge,False,0,False,False,False,True
v_new,Bangchak2024,phase6,16,0,GRI 411: Rights of Indigenous Peoples 2016,,Rights of indigenous peoples,fail,GCI row has missing/blank disclosure_id — cannot judge,False,0,False,False,False,True
v_new,Bangchak2024,phase6,17,1,GRI 411: Rights of Indigenous Peoples 2016,,Rights of indigenous peoples,fail,GCI row has missing/blank disclosure_id — cannot judge,False,0,False,False,False,True
v_new,Bangchak2024,phase6,18,0,GRI 415: Public Policy 2016,415-1,Public policy,external_verification,no page pack: external_document_reference,False,0,False,True,True,True
v_new,Bangchak2024,phase6,19,0,GRI 201: Economic Performance 2016,201-1,Economic impacts,no_evidence,,False,4,False,False,False,False
v_new,Bangchak2024,phase6,20,0,GRI 201: Economic Performance 2016,201-1,Payments to governments,no_evidence,,False,4,False,False,False,False
v_new,Bangchak2024,phase6,21,0,GRI 203: Indirect Economic Impacts 2016,203-1,Economic impacts,partial,,False,3,False,False,False,False
v_new,Bangchak2024,phase6,22,0,GRI 203: Indirect Economic Impacts 2016,203-2,Economic impacts,partial,,False,2,False,False,False,False
v_new,Bangchak2024,phase6,23,0,GRI 204: Procurement Practices 2016,204-1,Economic impacts,no_evidence,,False,3,False,False,False,False
v_new,Bangchak2024,phase6,24,0,GRI 205: Anti-corruption 2016,205-1,Anti-corruption & Anti-competitive behavior,partial,,False,2,False,False,False,False
v_new,Bangchak2024,phase6,25,0,GRI 205: Anti-corruption 2016,205-2,Anti-corruption & Anti-competitive behavior,no_evidence,,False,5,False,False,False,False
v_new,Bangchak2024,phase6,26,0,GRI 205: Anti-corruption 2016,205-3,Anti-corruption & Anti-competitive behavior,partial,,False,4,False,False,False,False
v_new,Bangchak2024,phase6,27,0,GRI 207: Tax 2019,207-1,Payments to governments,pass,,False,4,False,False,False,False
v_new,Bangchak2024,phase6,28,0,GRI 207: Tax 2019,207-2,Payments to governments,partial,,False,6,False,False,False,False
v_new,Bangchak2024,phase6,29,0,GRI 207: Tax 2019,207-3,Payments to governments,partial,,False,3,False,False,False,False
v_new,Bangchak2024,phase6,30,0,GRI 207: Tax 2019,207-4,Payments to governments,no_evidence,,False,12,False,False,False,False
v_new,Bangchak2024,phase6,31,0,GRI 308: Supplier Environmental Assessment 2016,308-1,Supplier chain management,no_evidence,,False,1,False,False,False,False
v_new,Bangchak2024,phase6,32,0,GRI 308: Supplier Environmental Assessment 2016,308-2,Supplier chain management,partial,,False,5,False,False,False,False
v_new,Bangchak2024,phase6,33,0,GRI 414: Supplier Social Assessment 2016,414-1,Supplier chain management,no_evidence,,False,1,False,False,False,False
v_new,Bangchak2024,phase6,34,0,GRI 414: Supplier Social Assessment 2016,414-2,Supplier chain management,partial,,False,5,False,False,False,False
v_new,Bangchak2024,phase6,35,0,GRI 416: Customer Health and Safety 2016,416-1,Product and service quality & customer relationship,no_evidence,,False,1,False,False,False,False
v_new,Bangchak2024,phase6,36,0,GRI 417: Marketing and Labeling 2016,417-3,Product and service quality & customer relationship,no_evidence,,False,4,False,False,False,False
v_new,Bangchak2024,phase6,37,0,GRI 201: Economic Performance 2016,201-2,"GHG Emissions & Climate adaptation, resilience, and transition",partial,,False,5,False,False,False,False
v_new,Bangchak2024,phase6,38,0,GRI 302: Energy 2016,302-1,"GHG Emissions & Climate adaptation, resilience, and transition",partial,,False,13,False,False,False,False
v_new,Bangchak2024,phase6,39,0,GRI 302: Energy 2016,302-3,"GHG Emissions & Climate adaptation, resilience, and transition",no_evidence,,False,4,False,False,False,False
v_new,Bangchak2024,phase6,40,0,GRI 302: Energy 2016,302-4,"GHG Emissions & Climate adaptation, resilience, and transition",pass,,False,4,False,False,False,False
v_new,Bangchak2024,phase6,41,0,GRI 305: Emissions 2016,305-1,"GHG Emissions & Climate adaptation, resilience, and transition",no_evidence,,False,9,False,False,False,False
v_new,Bangchak2024,phase6,42,0,GRI 305: Emissions 2016,305-2,"GHG Emissions & Climate adaptation, resilience, and transition",no_evidence,,False,9,False,False,False,False
v_new,Bangchak2024,phase6,43,0,GRI 305: Emissions 2016,305-3,"GHG Emissions & Climate adaptation, resilience, and transition",partial,,False,9,False,False,False,False
v_new,Bangchak2024,phase6,44,0,GRI 305: Emissions 2016,305-4,"GHG Emissions & Climate adaptation, resilience, and transition",no_evidence,,False,4,False,False,False,False
v_new,Bangchak2024,phase6,45,0,GRI 305: Emissions 2016,305-5,"GHG Emissions & Climate adaptation, resilience, and transition",no_evidence,,False,5,False,False,False,False
v_new,Bangchak2024,phase6,46,0,GRI 305: Emissions 2016,305-7,Air emissions,partial,,False,7,False,False,False,False
v_new,Bangchak2024,phase6,47,0,GRI 304: Biodiversity 2016,304-2,Biodiversity,no_evidence,,False,10,False,False,False,False
v_new,Bangchak2024,phase6,48,0,GRI 304: Biodiversity 2016,304-3,Biodiversity,partial,,False,4,False,False,False,False
v_new,Bangchak2024,phase6,49,0,GRI 304: Biodiversity 2016,304-4,Biodiversity,no_evidence,,False,5,False,False,False,False
v_new,Bangchak2024,phase6,50,0,GRI 306: Waste 2020,306-1,Waste,no_evidence,,False,6,False,False,False,False
v_new,Bangchak2024,phase6,51,0,GRI 306: Waste 2020,306-2,Waste,partial,,False,24,False,False,False,False
v_new,Bangchak2024,phase6,52,0,GRI 306: Waste 2020,306-3,Waste,no_evidence,,False,7,False,False,False,False
v_new,Bangchak2024,phase6,53,0,GRI 306: Waste 2020,306-4,Waste,partial,,False,16,False,False,False,False
v_new,Bangchak2024,phase6,54,0,GRI 306: Waste 2020,306-5,Waste,partial,,False,15,False,False,False,False
v_new,Bangchak2024,phase6,55,0,GRI 303: Water and Effluents 2018,303-1,Water and effluents,partial,,False,4,False,False,False,False
v_new,Bangchak2024,phase6,56,0,GRI 303: Water and Effluents 2018,303-2,Water and effluents,no_evidence,,False,4,False,False,False,False
v_new,Bangchak2024,phase6,57,0,GRI 303: Water and Effluents 2018,303-3,Water and effluents,no_evidence,,False,13,False,False,False,False
v_new,Bangchak2024,phase6,58,0,GRI 303: Water and Effluents 2018,303-4,Water and effluents,no_evidence,,False,12,False,False,False,False
v_new,Bangchak2024,phase6,59,0,GRI 303: Water and Effluents 2018,303-5,Water and effluents,no_evidence,,False,4,False,False,False,False
v_new,Bangchak2024,phase6,60,0,GRI 306: Effluents and Waste 2016,306-3,Asset integrity and critical incident management,no_evidence,,False,7,False,False,False,False
v_new,Bangchak2024,phase6,61,0,GRI 403: Occupational Health and Safety 2018,403-1,Occupational health and safety,pass,,False,3,False,False,False,False
v_new,Bangchak2024,phase6,62,0,GRI 403: Occupational Health and Safety 2018,403-2,Occupational health and safety,partial,,False,5,False,False,False,False
v_new,Bangchak2024,phase6,63,0,GRI 403: Occupational Health and Safety 2018,403-3,Occupational health and safety,partial,,False,1,False,False,False,False
v_new,Bangchak2024,phase6,64,0,GRI 403: Occupational Health and Safety 2018,403-4,Occupational health and safety,partial,,False,2,False,False,False,False
v_new,Bangchak2024,phase6,65,0,GRI 403: Occupational Health and Safety 2018,403-5,Occupational health and safety,pass,,False,1,False,False,False,False
v_new,Bangchak2024,phase6,66,0,GRI 403: Occupational Health and Safety 2018,403-6,Occupational health and safety,pass,,False,2,False,False,False,False
v_new,Bangchak2024,phase6,67,0,GRI 403: Occupational Health and Safety 2018,403-7,Occupational health and safety,pass,,False,1,False,False,False,False
v_new,Bangchak2024,phase6,68,0,GRI 403: Occupational Health and Safety 2018,403-8,Occupational health and safety,no_evidence,,False,4,False,False,False,False
v_new,Bangchak2024,phase6,69,0,GRI 403: Occupational Health and Safety 2018,403-9,Occupational health and safety,no_evidence,,False,16,False,False,False,False
v_new,Bangchak2024,phase6,70,0,GRI 403: Occupational Health and Safety 2018,403-10,Occupational health and safety,no_evidence,,False,10,False,False,False,False
v_new,Bangchak2024,phase6,71,0,GRI 401: Employment 2016,401-1,Employment Practices,no_evidence,,False,2,False,False,False,False
v_new,Bangchak2024,phase6,72,0,GRI 401: Employment 2016,401-2,Employment Practices,no_evidence,,False,8,False,False,False,False
v_new,Bangchak2024,phase6,73,0,GRI 401: Employment 2016,401-3,Employment Practices,no_evidence,,False,5,False,False,False,False
v_new,Bangchak2024,phase6,74,0,GRI 402: Labor/Management Relations 2016,402-1,Employment Practices,partial,,False,2,False,False,False,False
v_new,Bangchak2024,phase6,75,0,GRI 404: Training and Education 2016,404-1,Employment Practices,no_evidence,,False,2,False,False,False,False
v_new,Bangchak2024,phase6,76,0,GRI 404: Training and Education 2016,404-2,Employment Practices,partial,,False,2,False,False,False,False
v_new,Bangchak2024,phase6,77,0,GRI 404: Training and Education 2016,404-3,Employment Practices,no_evidence,,False,1,False,False,False,False
v_new,Bangchak2024,phase6,78,0,GRI 405: Diversity and Equal Opportunity 2016,405-1,Non-discrimination and equal opportunity,no_evidence,,False,6,False,False,False,False
v_new,Bangchak2024,phase6,79,0,GRI 406: Non-discrimination 2016,406-1,Non-discrimination and equal opportunity,partial,,False,5,False,False,False,False
v_new,Bangchak2024,phase6,80,0,GRI 409: Forced or Compulsory Labor 2016,409-1,Forced labor and modern slavery,partial,,False,3,False,False,False,False
v_new,Bangchak2024,phase6,81,0,GRI 407: Freedom of Association and Collective Bargaining 2016,407-1,Freedom of association and collective bargaining,no_evidence,,False,3,False,False,False,False
v_new,Bangchak2024,phase6,82,0,GRI 413: Local Communities 2016,413-1,Local communities,no_evidence,,False,8,False,False,False,False
v_new,Bangchak2024,phase6,83,0,GRI 413: Local Communities 2016,413-2,Local communities,pass,,False,2,False,False,False,False
v_new,Bangchak2024,phase6,84,0,GRI 411: Rights of Indigenous Peoples 2016,411-1,Rights of indigenous peoples,no_evidence,,False,5,False,False,False,False
v_new,Bangchak2024,phase6,85,0,GRI 410: Security Practices 2016,410-1,Conflict and security,no_evidence,,False,2,False,False,False,False
v_new,Bangchak2025,phase3,0,0,GRI 2,2-1,,partial,,False,4,False,False,False,False
v_new,Bangchak2025,phase3,1,0,GRI 2,2-2,,partial,,False,5,False,False,False,False
v_new,Bangchak2025,phase3,2,0,GRI 2,2-3,,partial,,False,4,False,False,False,False
v_new,Bangchak2025,phase3,3,0,GRI 2,2-4,,pass,,False,2,False,False,False,False
v_new,Bangchak2025,phase3,4,0,GRI 2,2-5,,partial,,False,4,False,False,False,False
v_new,Bangchak2025,phase3,5,0,GRI 2,2-6,,external_verification,no page pack: external_document_reference,False,0,False,True,True,True
v_new,Bangchak2025,phase3,6,0,GRI 2,2-7,,no_evidence,no page pack: page_list_no_matching_chunks; system limitation — human review required,True,0,False,False,True,True
v_new,Bangchak2025,phase3,7,0,GRI 2,2-8,,partial,,False,5,False,False,False,False
v_new,Bangchak2025,phase3,8,0,GRI 2,2-9,,external_verification,no page pack: external_document_reference,False,0,False,True,True,True
v_new,Bangchak2025,phase3,9,0,GRI 2,2-10,,external_verification,no page pack: external_document_reference,False,0,False,True,True,True
v_new,Bangchak2025,phase3,10,0,GRI 2,2-11,,external_verification,no page pack: external_document_reference,False,0,False,True,True,True
v_new,Bangchak2025,phase3,11,0,GRI 2,2-12,,partial,,False,4,False,False,False,False
v_new,Bangchak2025,phase3,12,0,GRI 2,2-13,,pass,,False,3,False,False,False,False
v_new,Bangchak2025,phase3,13,0,GRI 2,2-14,,no_evidence,,False,2,False,False,False,False
v_new,Bangchak2025,phase3,14,0,GRI 2,2-15,,external_verification,no page pack: external_document_reference,False,0,False,True,True,True
v_new,Bangchak2025,phase3,15,0,GRI 2,2-16,,no_evidence,,False,2,False,False,False,False
v_new,Bangchak2025,phase3,16,0,GRI 2,2-17,,external_verification,no page pack: external_document_reference,False,0,False,True,True,True
v_new,Bangchak2025,phase3,17,0,GRI 2,2-18,,external_verification,no page pack: external_document_reference,False,0,False,True,True,True
v_new,Bangchak2025,phase3,18,0,GRI 2,2-19,,external_verification,no page pack: external_document_reference,False,0,False,True,True,True
v_new,Bangchak2025,phase3,19,0,GRI 2,2-20,,external_verification,no page pack: external_document_reference,False,0,False,True,True,True
v_new,Bangchak2025,phase3,20,0,GRI 2,2-21,,omitted,no page pack: omitted,False,0,True,False,True,True
v_new,Bangchak2025,phase3,21,0,GRI 2,2-22,,pass,,False,1,False,False,False,False
v_new,Bangchak2025,phase3,22,0,GRI 2,2-23,,partial,,False,10,False,False,False,False
v_new,Bangchak2025,phase3,23,0,GRI 2,2-24,,partial,,False,4,False,False,False,False
v_new,Bangchak2025,phase3,24,0,GRI 2,2-25,,no_evidence,,False,5,False,False,False,False
v_new,Bangchak2025,phase3,25,0,GRI 2,2-26,,no_evidence,,False,2,False,False,False,False
v_new,Bangchak2025,phase3,26,0,GRI 2,2-27,,no_evidence,,False,6,False,False,False,False
v_new,Bangchak2025,phase3,27,0,GRI 2,2-28,,no_evidence,,False,1,False,False,False,False
v_new,Bangchak2025,phase3,28,0,GRI 2,2-29,,pass,,False,3,False,False,False,False
v_new,Bangchak2025,phase3,29,0,GRI 2,2-30,,partial,,False,2,False,False,False,False
v_new,Bangchak2025,phase5,0,0,GRI 3,3-1,,partial,,False,3,False,False,False,False
v_new,Bangchak2025,phase5,1,0,GRI 3,3-2,,pass,,False,2,False,False,False,False
v_new,Bangchak2025,phase5,2,0,GRI 3,3-3,Air emissions,partial,,False,11,False,False,False,False
v_new,Bangchak2025,phase5,3,0,GRI 3,3-3,Anti-corruption & Anti-competitive behavior,partial,,False,11,False,False,False,False
v_new,Bangchak2025,phase5,4,0,GRI 3,3-3,Asset integrity and critical incident management,partial,,False,11,False,False,False,False
v_new,Bangchak2025,phase5,5,0,GRI 3,3-3,Biodiversity,partial,,False,11,False,False,False,False
v_new,Bangchak2025,phase5,6,0,GRI 3,3-3,Conflict and security,partial,,False,11,False,False,False,False
v_new,Bangchak2025,phase5,7,0,GRI 3,3-3,Economic impacts,partial,,False,11,False,False,False,False
v_new,Bangchak2025,phase5,8,0,GRI 3,3-3,Employment Practices,partial,,False,11,False,False,False,False
v_new,Bangchak2025,phase5,9,0,GRI 3,3-3,Forced labor and modern slavery,partial,,False,11,False,False,False,False
v_new,Bangchak2025,phase5,10,0,GRI 3,3-3,Freedom of association and collective bargaining,partial,,False,11,False,False,False,False
v_new,Bangchak2025,phase5,11,0,GRI 3,3-3,"GHG Emissions & Climate adaptation, resilience, and transition",partial,,False,11,False,False,False,False
v_new,Bangchak2025,phase5,12,0,GRI 3,3-3,Information technology and cybersecurity,partial,,False,11,False,False,False,False
v_new,Bangchak2025,phase5,13,0,GRI 3,3-3,Land and Resouce Rights,partial,,False,11,False,False,False,False
v_new,Bangchak2025,phase5,14,0,GRI 3,3-3,Local communities,partial,,False,11,False,False,False,False
v_new,Bangchak2025,phase5,15,0,GRI 3,3-3,Non-discrimination and equal opportunity,partial,,False,11,False,False,False,False
v_new,Bangchak2025,phase5,16,0,GRI 3,3-3,Occupational health and safety,partial,,False,11,False,False,False,False
v_new,Bangchak2025,phase5,17,0,GRI 3,3-3,Payments to governments,partial,,False,11,False,False,False,False
v_new,Bangchak2025,phase5,18,0,GRI 3,3-3,Product and service quality & customer relationship,partial,,False,11,False,False,False,False
v_new,Bangchak2025,phase5,19,0,GRI 3,3-3,Public policy,external_verification,no page pack: external_document_reference,False,0,False,True,True,True
v_new,Bangchak2025,phase5,20,0,GRI 3,3-3,Rights of indigenous peoples,partial,,False,11,False,False,False,False
v_new,Bangchak2025,phase5,21,0,GRI 3,3-3,Supplier chain management,partial,,False,11,False,False,False,False
v_new,Bangchak2025,phase5,22,0,GRI 3,3-3,Waste,partial,,False,11,False,False,False,False
v_new,Bangchak2025,phase5,23,0,GRI 3,3-3,Water and effluents,partial,,False,11,False,False,False,False
v_new,Bangchak2025,phase6,0,0,GRI 202: Market Presence 2016,202-2,Economic impacts,no_evidence,no page pack: page_list_no_matching_chunks; system limitation — human review required,True,0,False,False,True,True
v_new,Bangchak2025,phase6,1,0,GRI 206: Anti-competitive Behavior 2016,206-1,Anti-corruption & Anti-competitive behavior,external_verification,no page pack: external_document_reference,False,0,False,True,True,True
v_new,Bangchak2025,phase6,2,0,GRI 201: Economic Performance 2016,201-4,Payments to governments,external_verification,no page pack: external_document_reference,False,0,False,True,True,True
v_new,Bangchak2025,phase6,3,0,GRI 302: Energy 2016,302-2,"GHG Emissions & Climate adaptation, resilience, and transition",omitted,no page pack: omitted,False,0,True,False,True,True
v_new,Bangchak2025,phase6,4,0,GRI 304: Biodiversity 2016,304-1,Biodiversity,omitted,no page pack: omitted,False,0,True,False,True,True
v_new,Bangchak2025,phase6,5,0,GRI 304: Biodiversity 2016,304-3,Biodiversity,external_verification,no page pack: external_document_reference,False,0,False,True,True,True
v_new,Bangchak2025,phase6,6,0,GRI 304: Biodiversity 2016,304-4,Biodiversity,external_verification,no page pack: external_document_reference,False,0,False,True,True,True
v_new,Bangchak2025,phase6,7,0,GRI 306: Waste 2020,306-3,Waste,no_evidence,no page pack: page_list_no_matching_chunks; system limitation — human review required,True,0,False,False,True,True
v_new,Bangchak2025,phase6,8,0,GRI 303: Water and Effluents 2018,303-3,Water and effluents,no_evidence,no page pack: page_list_no_matching_chunks; system limitation — human review required,True,0,False,False,True,True
v_new,Bangchak2025,phase6,9,0,GRI 303: Water and Effluents 2018,303-4,Water and effluents,no_evidence,no page pack: page_list_no_matching_chunks; system limitation — human review required,True,0,False,False,True,True
v_new,Bangchak2025,phase6,10,0,GRI 401: Employment 2016,401-1,Employment Practices,no_evidence,no page pack: page_list_no_matching_chunks; system limitation — human review required,True,0,False,False,True,True
v_new,Bangchak2025,phase6,11,0,GRI 401: Employment 2016,401-3,Employment Practices,no_evidence,no page pack: page_list_no_matching_chunks; system limitation — human review required,True,0,False,False,True,True
v_new,Bangchak2025,phase6,12,0,GRI 404: Training and Education 2016,404-1,Employment Practices,no_evidence,no page pack: page_list_no_matching_chunks; system limitation — human review required,True,0,False,False,True,True
v_new,Bangchak2025,phase6,13,0,GRI 202: Market Presence 2016,202-2,Non-discrimination and equal opportunity,no_evidence,no page pack: page_list_no_matching_chunks; system limitation — human review required,True,0,False,False,True,True
v_new,Bangchak2025,phase6,14,0,GRI 405: Diversity and Equal Opportunity 2016,405-1,Non-discrimination and equal opportunity,no_evidence,no page pack: page_list_no_matching_chunks; system limitation — human review required,True,0,False,False,True,True
v_new,Bangchak2025,phase6,15,0,GRI 405: Diversity and Equal Opportunity 2016,405-2,Non-discrimination and equal opportunity,no_evidence,no page pack: page_list_no_matching_chunks; system limitation — human review required,True,0,False,False,True,True
v_new,Bangchak2025,phase6,16,0,GRI 415: Public Policy 2016,415-1,Public policy,external_verification,no page pack: external_document_reference,False,0,False,True,True,True
v_new,Bangchak2025,phase6,17,0,GRI 201: Economic Performance 2016,201-1,Economic impacts,no_evidence,,False,4,False,False,False,False
v_new,Bangchak2025,phase6,18,0,GRI 201: Economic Performance 2016,201-1,Payments to governments,no_evidence,,False,4,False,False,False,False
v_new,Bangchak2025,phase6,19,0,GRI 203: Indirect Economic Impacts 2016,203-1,Economic impacts,partial,,False,3,False,False,False,False
v_new,Bangchak2025,phase6,20,0,GRI 203: Indirect Economic Impacts 2016,203-2,Economic impacts,partial,,False,2,False,False,False,False
v_new,Bangchak2025,phase6,21,0,GRI 204: Procurement Practices 2016,204-1,Economic impacts,no_evidence,,False,3,False,False,False,False
v_new,Bangchak2025,phase6,22,0,GRI 205: Anti-corruption 2016,205-1,Anti-corruption & Anti-competitive behavior,partial,,False,2,False,False,False,False
v_new,Bangchak2025,phase6,23,0,GRI 205: Anti-corruption 2016,205-2,Anti-corruption & Anti-competitive behavior,no_evidence,,False,5,False,False,False,False
v_new,Bangchak2025,phase6,24,0,GRI 205: Anti-corruption 2016,205-3,Anti-corruption & Anti-competitive behavior,partial,,False,4,False,False,False,False
v_new,Bangchak2025,phase6,25,0,GRI 207: Tax 2019,207-1,Payments to governments,partial,,False,4,False,False,False,False
v_new,Bangchak2025,phase6,26,0,GRI 207: Tax 2019,207-2,Payments to governments,partial,,False,6,False,False,False,False
v_new,Bangchak2025,phase6,27,0,GRI 207: Tax 2019,207-3,Payments to governments,partial,,False,3,False,False,False,False
v_new,Bangchak2025,phase6,28,0,GRI 207: Tax 2019,207-4,Payments to governments,no_evidence,,False,12,False,False,False,False
v_new,Bangchak2025,phase6,29,0,GRI 308: Supplier Environmental Assessment 2016,308-1,Supplier chain management,no_evidence,,False,1,False,False,False,False
v_new,Bangchak2025,phase6,30,0,GRI 308: Supplier Environmental Assessment 2016,308-2,Supplier chain management,partial,,False,5,False,False,False,False
v_new,Bangchak2025,phase6,31,0,GRI 414: Supplier Social Assessment 2016,414-1,Supplier chain management,no_evidence,,False,1,False,False,False,False
v_new,Bangchak2025,phase6,32,0,GRI 414: Supplier Social Assessment 2016,414-2,Supplier chain management,partial,,False,5,False,False,False,False
v_new,Bangchak2025,phase6,33,0,GRI 416: Customer Health and Safety 2016,416-1,Product and service quality & customer relationship,no_evidence,,False,1,False,False,False,False
v_new,Bangchak2025,phase6,34,0,GRI 417: Marketing and Labeling 2016,417-3,Product and service quality & customer relationship,no_evidence,,False,4,False,False,False,False
v_new,Bangchak2025,phase6,35,0,GRI 201: Economic Performance 2016,201-2,"GHG Emissions & Climate adaptation, resilience, and transition",partial,,False,5,False,False,False,False
v_new,Bangchak2025,phase6,36,0,GRI 302: Energy 2016,302-1,"GHG Emissions & Climate adaptation, resilience, and transition",partial,,False,13,False,False,False,False
v_new,Bangchak2025,phase6,37,0,GRI 302: Energy 2016,302-3,"GHG Emissions & Climate adaptation, resilience, and transition",no_evidence,,False,4,False,False,False,False
v_new,Bangchak2025,phase6,38,0,GRI 302: Energy 2016,302-4,"GHG Emissions & Climate adaptation, resilience, and transition",partial,,False,4,False,False,False,False
v_new,Bangchak2025,phase6,39,0,GRI 305: Emissions 2016,305-1,"GHG Emissions & Climate adaptation, resilience, and transition",partial,,False,9,False,False,False,False
v_new,Bangchak2025,phase6,40,0,GRI 305: Emissions 2016,305-2,"GHG Emissions & Climate adaptation, resilience, and transition",partial,,False,9,False,False,False,False
v_new,Bangchak2025,phase6,41,0,GRI 305: Emissions 2016,305-3,"GHG Emissions & Climate adaptation, resilience, and transition",partial,,False,9,False,False,False,False
v_new,Bangchak2025,phase6,42,0,GRI 305: Emissions 2016,305-4,"GHG Emissions & Climate adaptation, resilience, and transition",partial,,False,4,False,False,False,False
v_new,Bangchak2025,phase6,43,0,GRI 305: Emissions 2016,305-5,"GHG Emissions & Climate adaptation, resilience, and transition",partial,,False,5,False,False,False,False
v_new,Bangchak2025,phase6,44,0,GRI 305: Emissions 2016,305-7,Air emissions,partial,,False,7,False,False,False,False
v_new,Bangchak2025,phase6,45,0,GRI 304: Biodiversity 2016,304-2,Biodiversity,partial,,False,10,False,False,False,False
v_new,Bangchak2025,phase6,46,0,GRI 306: Waste 2020,306-1,Waste,no_evidence,,False,6,False,False,False,False
v_new,Bangchak2025,phase6,47,0,GRI 306: Waste 2020,306-2,Waste,partial,,False,24,False,False,False,False
v_new,Bangchak2025,phase6,48,0,GRI 306: Waste 2020,306-4,Waste,partial,,False,16,False,False,False,False
v_new,Bangchak2025,phase6,49,0,GRI 306: Waste 2020,306-5,Waste,partial,,False,15,False,False,False,False
v_new,Bangchak2025,phase6,50,0,GRI 303: Water and Effluents 2018,303-1,Water and effluents,partial,,False,4,False,False,False,False
v_new,Bangchak2025,phase6,51,0,GRI 303: Water and Effluents 2018,303-2,Water and effluents,no_evidence,,False,4,False,False,False,False
v_new,Bangchak2025,phase6,52,0,GRI 303: Water and Effluents 2018,303-5,Water and effluents,partial,,False,4,False,False,False,False
v_new,Bangchak2025,phase6,53,0,GRI 306: Effluents and Waste 2016,306-3,Asset integrity and critical incident management,no_evidence,,False,7,False,False,False,False
v_new,Bangchak2025,phase6,54,0,GRI 403: Occupational Health and Safety 2018,403-1,Occupational health and safety,pass,,False,3,False,False,False,False
v_new,Bangchak2025,phase6,55,0,GRI 403: Occupational Health and Safety 2018,403-2,Occupational health and safety,partial,,False,5,False,False,False,False
v_new,Bangchak2025,phase6,56,0,GRI 403: Occupational Health and Safety 2018,403-3,Occupational health and safety,partial,,False,1,False,False,False,False
v_new,Bangchak2025,phase6,57,0,GRI 403: Occupational Health and Safety 2018,403-4,Occupational health and safety,partial,,False,2,False,False,False,False
v_new,Bangchak2025,phase6,58,0,GRI 403: Occupational Health and Safety 2018,403-5,Occupational health and safety,pass,,False,1,False,False,False,False
v_new,Bangchak2025,phase6,59,0,GRI 403: Occupational Health and Safety 2018,403-6,Occupational health and safety,pass,,False,2,False,False,False,False
v_new,Bangchak2025,phase6,60,0,GRI 403: Occupational Health and Safety 2018,403-7,Occupational health and safety,pass,,False,1,False,False,False,False
v_new,Bangchak2025,phase6,61,0,GRI 403: Occupational Health and Safety 2018,403-8,Occupational health and safety,no_evidence,,False,4,False,False,False,False
v_new,Bangchak2025,phase6,62,0,GRI 403: Occupational Health and Safety 2018,403-9,Occupational health and safety,no_evidence,,False,16,False,False,False,False
v_new,Bangchak2025,phase6,63,0,GRI 403: Occupational Health and Safety 2018,403-10,Occupational health and safety,no_evidence,,False,10,False,False,False,False
v_new,Bangchak2025,phase6,64,0,GRI 401: Employment 2016,401-2,Employment Practices,no_evidence,,False,8,False,False,False,False
v_new,Bangchak2025,phase6,65,0,GRI 402: Labor/Management Relations 2016,402-1,Employment Practices,partial,,False,2,False,False,False,False
v_new,Bangchak2025,phase6,66,0,GRI 404: Training and Education 2016,404-2,Employment Practices,partial,,False,2,False,False,False,False
v_new,Bangchak2025,phase6,67,0,GRI 404: Training and Education 2016,404-3,Employment Practices,partial,,False,1,False,False,False,False
v_new,Bangchak2025,phase6,68,0,GRI 406: Non-discrimination 2016,406-1,Non-discrimination and equal opportunity,partial,,False,5,False,False,False,False
v_new,Bangchak2025,phase6,69,0,GRI 409: Forced or Compulsory Labor 2016,409-1,Forced labor and modern slavery,partial,,False,3,False,False,False,False
v_new,Bangchak2025,phase6,70,0,GRI 407: Freedom of Association and Collective Bargaining 2016,407-1,Freedom of association and collective bargaining,no_evidence,,False,3,False,False,False,False
v_new,Bangchak2025,phase6,71,0,GRI 413: Local Communities 2016,413-1,Local communities,partial,,False,8,False,False,False,False
v_new,Bangchak2025,phase6,72,0,GRI 413: Local Communities 2016,413-2,Local communities,partial,,False,2,False,False,False,False
v_new,Bangchak2025,phase6,73,0,GRI 411: Rights of Indigenous Peoples 2016,411-1,Rights of indigenous peoples,partial,,False,5,False,False,False,False
v_new,Bangchak2025,phase6,74,0,GRI 410: Security Practices 2016,410-1,Conflict and security,no_evidence,,False,2,False,False,False,False
v_new,Bapco2023,phase3,0,0,GRI 2,2-1,,partial,,False,4,False,False,False,False
v_new,Bapco2023,phase3,1,0,GRI 2,2-2,,fail,,False,5,False,False,False,False
v_new,Bapco2023,phase3,2,0,GRI 2,2-3,,partial,,False,4,False,False,False,False
v_new,Bapco2023,phase3,3,0,GRI 2,2-4,,no_evidence,,False,2,False,False,False,False
v_new,Bapco2023,phase3,4,0,GRI 2,2-5,,partial,,False,4,False,False,False,False
v_new,Bapco2023,phase3,5,0,GRI 2,2-6,,no_evidence,,False,6,False,False,False,False
v_new,Bapco2023,phase3,6,0,GRI 2,2-7,,no_evidence,,False,10,False,False,False,False
v_new,Bapco2023,phase3,7,0,GRI 2,2-8,,no_evidence,,False,5,False,False,False,False
v_new,Bapco2023,phase3,8,0,GRI 2,2-9,,partial,,False,10,False,False,False,False
v_new,Bapco2023,phase3,9,0,GRI 2,2-10,,no_evidence,,False,5,False,False,False,False
v_new,Bapco2023,phase3,10,0,GRI 2,2-11,,no_evidence,,False,2,False,False,False,False
v_new,Bapco2023,phase3,11,0,GRI 2,2-12,,no_evidence,,False,4,False,False,False,False
v_new,Bapco2023,phase3,12,0,GRI 2,2-13,,no_evidence,,False,3,False,False,False,False
v_new,Bapco2023,phase3,13,0,GRI 2,2-14,,no_evidence,,False,2,False,False,False,False
v_new,Bapco2023,phase3,14,0,GRI 2,2-15,,no_evidence,,False,5,False,False,False,False
v_new,Bapco2023,phase3,15,0,GRI 2,2-16,,no_evidence,,False,2,False,False,False,False
v_new,Bapco2023,phase3,16,0,GRI 2,2-17,,partial,,False,1,False,False,False,False
v_new,Bapco2023,phase3,17,0,GRI 2,2-18,,no_evidence,,False,3,False,False,False,False
v_new,Bapco2023,phase3,18,0,GRI 2,2-19,,omitted,no page pack: omitted,False,0,True,False,True,True
v_new,Bapco2023,phase3,19,0,GRI 2,2-20,,omitted,no page pack: omitted,False,0,True,False,True,True
v_new,Bapco2023,phase3,20,0,GRI 2,2-21,,omitted,no page pack: omitted,False,0,True,False,True,True
v_new,Bapco2023,phase3,21,0,GRI 2,2-22,,no_evidence,,False,1,False,False,False,False
v_new,Bapco2023,phase3,22,0,GRI 2,2-23,,no_evidence,,False,10,False,False,False,False
v_new,Bapco2023,phase3,23,0,GRI 2,2-24,,partial,,False,4,False,False,False,False
v_new,Bapco2023,phase3,24,0,GRI 2,2-25,,no_evidence,,False,5,False,False,False,False
v_new,Bapco2023,phase3,25,0,GRI 2,2-26,,no_evidence,,False,2,False,False,False,False
v_new,Bapco2023,phase3,26,0,GRI 2,2-27,,no_evidence,,False,6,False,False,False,False
v_new,Bapco2023,phase3,27,0,GRI 2,2-28,,no_evidence,,False,1,False,False,False,False
v_new,Bapco2023,phase3,28,0,GRI 2,2-29,,no_evidence,,False,3,False,False,False,False
v_new,Bapco2023,phase3,29,0,GRI 2,2-30,,omitted,no page pack: omitted,False,0,True,False,True,True
v_new,Bapco2023,phase5,0,0,GRI 3,3-1,,partial,,False,3,False,False,False,False
v_new,Bapco2023,phase5,1,0,GRI 3,3-2,,partial,,False,2,False,False,False,False
v_new,Bapco2023,phase5,2,0,GRI 3,3-3,"Anti-corruption, Business Ethics & Transparency",partial,,False,11,False,False,False,False
v_new,Bapco2023,phase5,3,0,GRI 3,3-3,Biodiversity and landscape,partial,,False,11,False,False,False,False
v_new,Bapco2023,phase5,4,0,GRI 3,3-3,Corporate Governance & Compliance,partial,,False,11,False,False,False,False
v_new,Bapco2023,phase5,5,0,GRI 3,3-3,Cybersecurity & Data Privacy,partial,,False,11,False,False,False,False
v_new,Bapco2023,phase5,6,0,GRI 3,3-3,"Diversity, Inclusion & Equal Opportunity",partial,,False,11,False,False,False,False
v_new,Bapco2023,phase5,7,0,GRI 3,3-3,Economic Performance,partial,,False,11,False,False,False,False
v_new,Bapco2023,phase5,8,0,GRI 3,3-3,Emissions & Climate Action,partial,,False,11,False,False,False,False
v_new,Bapco2023,phase5,9,0,GRI 3,3-3,Employment (Employment Attraction & Retention),partial,,False,11,False,False,False,False
v_new,Bapco2023,phase5,10,0,GRI 3,3-3,Energy Management,partial,,False,11,False,False,False,False
v_new,Bapco2023,phase5,11,0,GRI 3,3-3,Environmental Policy & Management,partial,,False,11,False,False,False,False
v_new,Bapco2023,phase5,12,0,GRI 3,3-3,"Health, safety and well-being",partial,,False,11,False,False,False,False
v_new,Bapco2023,phase5,13,0,GRI 3,3-3,Human Rights,partial,,False,11,False,False,False,False
v_new,Bapco2023,phase5,14,0,GRI 3,3-3,Investments in Renewables & Clean Tech,partial,,False,11,False,False,False,False
v_new,Bapco2023,phase5,15,0,GRI 3,3-3,Local Community Impact and Investment,partial,,False,11,False,False,False,False
v_new,Bapco2023,phase5,16,0,GRI 3,3-3,Risk & Crisis Management,partial,,False,11,False,False,False,False
v_new,Bapco2023,phase5,17,0,GRI 3,3-3,Training & Development,partial,,False,11,False,False,False,False
v_new,Bapco2023,phase5,18,0,GRI 3,3-3,Water and effluents,partial,,False,11,False,False,False,False
v_new,Bapco2023,phase6,0,0,GRI 414: Supplier Social Assessment 2016,414-1,Employment (Employment Attraction & Retention),omitted,no page pack: omitted,False,0,True,False,True,True
v_new,Bapco2023,phase6,1,0,GRI 414: Supplier Social Assessment 2016,414-2,Employment (Employment Attraction & Retention),omitted,no page pack: omitted,False,0,True,False,True,True
v_new,Bapco2023,phase6,2,0,GRI 202: Market Presence 2016,202-2,"Diversity, Inclusion & Equal Opportunity",omitted,no page pack: omitted,False,0,True,False,True,True
v_new,Bapco2023,phase6,3,0,GRI 405: Diversity and Equal Opportunity 2016,405-2,"Diversity, Inclusion & Equal Opportunity",omitted,no page pack: omitted,False,0,True,False,True,True
v_new,Bapco2023,phase6,4,0,GRI 205: Anti-corruption 2016,205-1,"Anti-corruption, Business Ethics & Transparency",omitted,no page pack: omitted,False,0,True,False,True,True
v_new,Bapco2023,phase6,5,0,GRI 205: Anti-corruption 2016,205-3,"Anti-corruption, Business Ethics & Transparency",omitted,no page pack: omitted,False,0,True,False,True,True
v_new,Bapco2023,phase6,6,0,GRI 202: Market Presence 2016,202-2,Economic Performance,omitted,no page pack: omitted,False,0,True,False,True,True
v_new,Bapco2023,phase6,7,0,GRI 302: Energy 2016,302-1,Emissions & Climate Action,partial,,False,13,False,False,False,False
v_new,Bapco2023,phase6,8,0,GRI 302: Energy 2016,302-2,Emissions & Climate Action,no_evidence,,False,3,False,False,False,False
v_new,Bapco2023,phase6,9,0,GRI 302: Energy 2016,302-3,Emissions & Climate Action,no_evidence,,False,4,False,False,False,False
v_new,Bapco2023,phase6,10,0,GRI 305: Emissions 2016,305-1,Emissions & Climate Action,partial,,False,9,False,False,False,False
v_new,Bapco2023,phase6,11,0,GRI 305: Emissions 2016,305-2,Emissions & Climate Action,partial,,False,9,False,False,False,False
v_new,Bapco2023,phase6,12,0,GRI 305: Emissions 2016,305-3,Emissions & Climate Action,partial,,False,9,False,False,False,False
v_new,Bapco2023,phase6,13,0,GRI 305: Emissions 2016,305-4,Emissions & Climate Action,partial,,False,4,False,False,False,False
v_new,Bapco2023,phase6,14,0,GRI 305: Emissions 2016,305-7,Emissions & Climate Action,partial,,False,7,False,False,False,False
v_new,Bapco2023,phase6,15,0,GRI 416: Customer Health and Safety 2016,416-1,Emissions & Climate Action,no_evidence,,False,1,False,False,False,False
v_new,Bapco2023,phase6,16,0,GRI 303: Water and Effluents 2018,303-1,Water and effluents,partial,,False,4,False,False,False,False
v_new,Bapco2023,phase6,17,0,GRI 303: Water and Effluents 2018,303-2,Water and effluents,no_evidence,,False,4,False,False,False,False
v_new,Bapco2023,phase6,18,0,GRI 303: Water and Effluents 2018,303-3,Water and effluents,no_evidence,,False,13,False,False,False,False
v_new,Bapco2023,phase6,19,0,GRI 303: Water and Effluents 2018,303-4,Water and effluents,no_evidence,,False,12,False,False,False,False
v_new,Bapco2023,phase6,20,0,GRI 303: Water and Effluents 2018,303-5,Water and effluents,no_evidence,,False,4,False,False,False,False
v_new,Bapco2023,phase6,21,0,GRI 304: Biodiversity 2016,304-1,Biodiversity and landscape,no_evidence,,False,7,False,False,False,False
v_new,Bapco2023,phase6,22,0,GRI 304: Biodiversity 2016,304-2,Biodiversity and landscape,partial,,False,10,False,False,False,False
v_new,Bapco2023,phase6,23,0,GRI 304: Biodiversity 2016,304-3,Biodiversity and landscape,partial,,False,4,False,False,False,False
v_new,Bapco2023,phase6,24,0,GRI 304: Biodiversity 2016,304-4,Biodiversity and landscape,no_evidence,,False,5,False,False,False,False
v_new,Bapco2023,phase6,25,0,GRI 403: Occupational Health and Safety 2018,403-1,"Health, safety and well-being",partial,,False,3,False,False,False,False
v_new,Bapco2023,phase6,26,0,GRI 403: Occupational Health and Safety 2018,403-2,"Health, safety and well-being",partial,,False,5,False,False,False,False
v_new,Bapco2023,phase6,27,0,GRI 403: Occupational Health and Safety 2018,403-3,"Health, safety and well-being",no_evidence,,False,1,False,False,False,False
v_new,Bapco2023,phase6,28,0,GRI 403: Occupational Health and Safety 2018,403-4,"Health, safety and well-being",partial,,False,2,False,False,False,False
v_new,Bapco2023,phase6,29,0,GRI 403: Occupational Health and Safety 2018,403-5,"Health, safety and well-being",no_evidence,,False,1,False,False,False,False
v_new,Bapco2023,phase6,30,0,GRI 403: Occupational Health and Safety 2018,403-6,"Health, safety and well-being",partial,,False,2,False,False,False,False
v_new,Bapco2023,phase6,31,0,GRI 403: Occupational Health and Safety 2018,403-7,"Health, safety and well-being",pass,,False,1,False,False,False,False
v_new,Bapco2023,phase6,32,0,GRI 403: Occupational Health and Safety 2018,403-8,"Health, safety and well-being",pass,,False,4,False,False,False,False
v_new,Bapco2023,phase6,33,0,GRI 403: Occupational Health and Safety 2018,403-9,"Health, safety and well-being",partial,,False,16,False,False,False,False
v_new,Bapco2023,phase6,34,0,GRI 403: Occupational Health and Safety 2018,403-10,"Health, safety and well-being",partial,,False,10,False,False,False,False
v_new,Bapco2023,phase6,35,0,GRI 401: Employment 2016,401-1,Employment (Employment Attraction & Retention),no_evidence,,False,2,False,False,False,False
v_new,Bapco2023,phase6,36,0,GRI 401: Employment 2016,401-2,Employment (Employment Attraction & Retention),no_evidence,,False,8,False,False,False,False
v_new,Bapco2023,phase6,37,0,GRI 401: Employment 2016,401-3,Employment (Employment Attraction & Retention),no_evidence,,False,5,False,False,False,False
v_new,Bapco2023,phase6,38,0,GRI 401: Employment 2016,401-3,"Diversity, Inclusion & Equal Opportunity",no_evidence,,False,5,False,False,False,False
v_new,Bapco2023,phase6,39,0,GRI 402: Labor/Management Relations 2016,402-1,Employment (Employment Attraction & Retention),no_evidence,,False,2,False,False,False,False
v_new,Bapco2023,phase6,40,0,GRI 404: Training and Education 2016,404-1,Employment (Employment Attraction & Retention),no_evidence,,False,2,False,False,False,False
v_new,Bapco2023,phase6,41,0,GRI 404: Training and Education 2016,404-1,"Diversity, Inclusion & Equal Opportunity",no_evidence,,False,2,False,False,False,False
v_new,Bapco2023,phase6,42,0,GRI 404: Training and Education 2016,404-2,Employment (Employment Attraction & Retention),partial,,False,2,False,False,False,False
v_new,Bapco2023,phase6,43,0,GRI 405: Diversity and Equal Opportunity 2016,405-1,"Diversity, Inclusion & Equal Opportunity",partial,,False,6,False,False,False,False
v_new,Bapco2023,phase6,44,0,GRI 406: Non-discrimination 2016,406-1,"Diversity, Inclusion & Equal Opportunity",pass,,False,5,False,False,False,False
v_new,Bapco2023,phase6,45,0,GRI 413: Local Communities 2016,413-1,Local Community Impact and Investment,no_evidence,,False,8,False,False,False,False
v_new,Bapco2023,phase6,46,0,GRI 413: Local Communities 2016,413-2,Local Community Impact and Investment,no_evidence,,False,2,False,False,False,False
v_new,Bapco2023,phase6,47,0,GRI 205: Anti-corruption 2016,205-2,"Anti-corruption, Business Ethics & Transparency",no_evidence,,False,5,False,False,False,False
v_new,Bapco2023,phase6,48,0,GRI 201: Economic Performance 2016,201-1,Economic Performance,no_evidence,,False,4,False,False,False,False
v_new,Bapco2023,phase6,49,0,GRI 203: Indirect Economic Impacts 2016,203-1,Economic Performance,no_evidence,,False,3,False,False,False,False
v_new,Bapco2023,phase6,50,0,GRI 203: Indirect Economic Impacts 2016,203-2,Economic Performance,no_evidence,,False,2,False,False,False,False
v_new,Bapco2023,phase6,51,0,GRI 204: Procurement Practices 2016,204-1,Economic Performance,no_evidence,,False,3,False,False,False,False
v_new,Bapco2024,phase3,0,0,GRI 2,2-1,,partial,,False,4,False,False,False,False
v_new,Bapco2024,phase3,1,0,GRI 2,2-2,,no_evidence,,False,5,False,False,False,False
v_new,Bapco2024,phase3,2,0,GRI 2,2-3,,no_evidence,,False,4,False,False,False,False
v_new,Bapco2024,phase3,3,0,GRI 2,2-4,,no_evidence,,False,2,False,False,False,False
v_new,Bapco2024,phase3,4,0,GRI 2,2-5,,partial,,False,4,False,False,False,False
v_new,Bapco2024,phase3,5,0,GRI 2,2-6,,no_evidence,,False,6,False,False,False,False
v_new,Bapco2024,phase3,6,0,GRI 2,2-7,,no_evidence,,False,10,False,False,False,False
v_new,Bapco2024,phase3,7,0,GRI 2,2-8,,no_evidence,,False,5,False,False,False,False
v_new,Bapco2024,phase3,8,0,GRI 2,2-9,,partial,,False,10,False,False,False,False
v_new,Bapco2024,phase3,9,0,GRI 2,2-10,,no_evidence,,False,5,False,False,False,False
v_new,Bapco2024,phase3,10,0,GRI 2,2-11,,pass,,False,2,False,False,False,False
v_new,Bapco2024,phase3,11,0,GRI 2,2-12,,no_evidence,,False,4,False,False,False,False
v_new,Bapco2024,phase3,12,0,GRI 2,2-13,,no_evidence,,False,3,False,False,False,False
v_new,Bapco2024,phase3,13,0,GRI 2,2-14,,no_evidence,,False,2,False,False,False,False
v_new,Bapco2024,phase3,14,0,GRI 2,2-15,,no_evidence,,False,5,False,False,False,False
v_new,Bapco2024,phase3,15,0,GRI 2,2-16,,no_evidence,,False,2,False,False,False,False
v_new,Bapco2024,phase3,16,0,GRI 2,2-17,,no_evidence,,False,1,False,False,False,False
v_new,Bapco2024,phase3,17,0,GRI 2,2-18,,no_evidence,,False,3,False,False,False,False
v_new,Bapco2024,phase3,18,0,GRI 2,2-19,,omitted,no page pack: omitted,False,0,True,False,True,True
v_new,Bapco2024,phase3,19,0,GRI 2,2-20,,omitted,no page pack: omitted,False,0,True,False,True,True
v_new,Bapco2024,phase3,20,0,GRI 2,2-21,,omitted,no page pack: omitted,False,0,True,False,True,True
v_new,Bapco2024,phase3,21,0,GRI 2,2-22,,pass,,False,1,False,False,False,False
v_new,Bapco2024,phase3,22,0,GRI 2,2-23,,partial,,False,10,False,False,False,False
v_new,Bapco2024,phase3,23,0,GRI 2,2-24,,no_evidence,,False,4,False,False,False,False
v_new,Bapco2024,phase3,24,0,GRI 2,2-25,,no_evidence,,False,5,False,False,False,False
v_new,Bapco2024,phase3,25,0,GRI 2,2-26,,no_evidence,,False,2,False,False,False,False
v_new,Bapco2024,phase3,26,0,GRI 2,2-27,,no_evidence,,False,6,False,False,False,False
v_new,Bapco2024,phase3,27,0,GRI 2,2-28,,partial,,False,1,False,False,False,False
v_new,Bapco2024,phase3,28,0,GRI 2,2-29,,pass,,False,3,False,False,False,False
v_new,Bapco2024,phase3,29,0,GRI 2,2-30,,omitted,no page pack: omitted,False,0,True,False,True,True
v_new,Bapco2024,phase5,0,0,GRI 3,3-1,,pass,,False,3,False,False,False,False
v_new,Bapco2024,phase5,1,0,GRI 3,3-2,,pass,,False,2,False,False,False,False
v_new,Bapco2024,phase5,2,0,GRI 3,3-3,"Anti-corruption, Business Ethics & Transparency",partial,,False,11,False,False,False,False
v_new,Bapco2024,phase5,3,0,GRI 3,3-3,Asset Integrity and Critical Incident Management,partial,,False,11,False,False,False,False
v_new,Bapco2024,phase5,4,0,GRI 3,3-3,Corporate Governance & Compliance,partial,,False,11,False,False,False,False
v_new,Bapco2024,phase5,5,0,GRI 3,3-3,Cybersecurity & Data Privacy,partial,,False,11,False,False,False,False
v_new,Bapco2024,phase5,6,0,GRI 3,3-3,"Diversity, Inclusion & Equal Opportunity",partial,,False,11,False,False,False,False
v_new,Bapco2024,phase5,7,0,GRI 3,3-3,Economic Performance,no_evidence,no page pack: page_list_no_matching_chunks; system limitation - human review required,True,0,False,False,True,True
v_new,Bapco2024,phase5,8,0,GRI 3,3-3,Emissions & Climate Action,partial,,False,11,False,False,False,False
v_new,Bapco2024,phase5,9,1,GRI 3,3-3,Emissions & Climate Action,partial,,False,11,False,False,False,False
v_new,Bapco2024,phase5,10,0,GRI 3,3-3,Employment (Employment Attraction & Retention),partial,,False,11,False,False,False,False
v_new,Bapco2024,phase5,11,0,GRI 3,3-3,Energy Management,partial,,False,11,False,False,False,False
v_new,Bapco2024,phase5,12,0,GRI 3,3-3,"Health, safety and well-being",partial,,False,11,False,False,False,False
v_new,Bapco2024,phase5,13,0,GRI 3,3-3,Human Rights,partial,,False,11,False,False,False,False
v_new,Bapco2024,phase5,14,0,GRI 3,3-3,Investments in Renewables & Clean Tech,partial,,False,11,False,False,False,False
v_new,Bapco2024,phase5,15,0,GRI 3,3-3,Local Community Impact and Investment,partial,,False,11,False,False,False,False
v_new,Bapco2024,phase5,16,0,GRI 3,3-3,Risk & Crisis Management,partial,,False,11,False,False,False,False
v_new,Bapco2024,phase5,17,0,GRI 3,3-3,Training & Development,partial,,False,11,False,False,False,False
v_new,Bapco2024,phase5,18,0,GRI 3,3-3,Waste,partial,,False,11,False,False,False,False
v_new,Bapco2024,phase5,19,0,GRI 3,3-3,Water and effluents,partial,,False,11,False,False,False,False
v_new,Bapco2024,phase6,0,0,GRI 414: Supplier Social Assessment 2016,414-1,Employment (Employment Attraction & Retention),omitted,no page pack: omitted,False,0,True,False,True,True
v_new,Bapco2024,phase6,1,0,GRI 414: Supplier Social Assessment 2016,414-2,Employment (Employment Attraction & Retention),omitted,no page pack: omitted,False,0,True,False,True,True
v_new,Bapco2024,phase6,2,0,GRI 202: Market Presence 2016,202-2,"Diversity, Inclusion & Equal Opportunity",omitted,no page pack: omitted,False,0,True,False,True,True
v_new,Bapco2024,phase6,3,0,GRI 405: Diversity and Equal Opportunity 2016,405-2,"Diversity, Inclusion & Equal Opportunity",omitted,no page pack: omitted,False,0,True,False,True,True
v_new,Bapco2024,phase6,4,0,GRI 205: Anti-corruption 2016,205-1,"Anti-corruption, Business Ethics & Transparency",omitted,no page pack: omitted,False,0,True,False,True,True
v_new,Bapco2024,phase6,5,0,GRI 205: Anti-corruption 2016,205-3,"Anti-corruption, Business Ethics & Transparency",omitted,no page pack: omitted,False,0,True,False,True,True
v_new,Bapco2024,phase6,6,0,GRI 201: Economic Performance 2016,201-1,Economic Performance,no_evidence,no page pack: page_list_no_matching_chunks; system limitation — human review required,True,0,False,False,True,True
v_new,Bapco2024,phase6,7,0,GRI 202: Market Presence 2016,202-2,Economic Performance,omitted,no page pack: omitted,False,0,True,False,True,True
v_new,Bapco2024,phase6,8,0,GRI 203: Indirect Economic Impacts 2016,203-1,Economic Performance,no_evidence,no page pack: page_list_no_matching_chunks; system limitation — human review required,True,0,False,False,True,True
v_new,Bapco2024,phase6,9,0,GRI 203: Indirect Economic Impacts 2016,203-2,Economic Performance,no_evidence,no page pack: page_list_no_matching_chunks; system limitation — human review required,True,0,False,False,True,True
v_new,Bapco2024,phase6,10,0,GRI 204: Procurement Practices 2016,204-1,Economic Performance,no_evidence,no page pack: page_list_no_matching_chunks; system limitation — human review required,True,0,False,False,True,True
v_new,Bapco2024,phase6,11,0,GRI 302: Energy 2016,302-1,Emissions & Climate Action,partial,,False,13,False,False,False,False
v_new,Bapco2024,phase6,12,0,GRI 302: Energy 2016,302-2,Emissions & Climate Action,no_evidence,,False,3,False,False,False,False
v_new,Bapco2024,phase6,13,0,GRI 302: Energy 2016,302-3,Emissions & Climate Action,no_evidence,,False,4,False,False,False,False
v_new,Bapco2024,phase6,14,0,GRI 305: Emissions 2016,305-1,Emissions & Climate Action,partial,,False,9,False,False,False,False
v_new,Bapco2024,phase6,15,0,GRI 305: Emissions 2016,305-2,Emissions & Climate Action,partial,,False,9,False,False,False,False
v_new,Bapco2024,phase6,16,0,GRI 305: Emissions 2016,305-3,Emissions & Climate Action,no_evidence,,False,9,False,False,False,False
v_new,Bapco2024,phase6,17,0,GRI 305: Emissions 2016,305-4,Emissions & Climate Action,partial,,False,4,False,False,False,False
v_new,Bapco2024,phase6,18,0,GRI 305: Emissions 2016,305-7,Emissions & Climate Action,partial,,False,7,False,False,False,False
v_new,Bapco2024,phase6,19,0,GRI 416: Customer Health and Safety 2016,416-1,Emissions & Climate Action,no_evidence,,False,1,False,False,False,False
v_new,Bapco2024,phase6,20,0,GRI 306: Waste 2020,306-1,Waste,no_evidence,,False,6,False,False,False,False
v_new,Bapco2024,phase6,21,0,GRI 306: Waste 2020,306-2,Waste,partial,,False,24,False,False,False,False
v_new,Bapco2024,phase6,22,0,GRI 306: Waste 2020,306-3,Waste,no_evidence,,False,7,False,False,False,False
v_new,Bapco2024,phase6,23,0,GRI 306: Waste 2020,306-4,Waste,partial,,False,16,False,False,False,False
v_new,Bapco2024,phase6,24,0,GRI 306: Waste 2020,306-5,Waste,no_evidence,,False,15,False,False,False,False
v_new,Bapco2024,phase6,25,0,GRI 303: Water and Effluents 2018,303-1,Water and effluents,no_evidence,,False,4,False,False,False,False
v_new,Bapco2024,phase6,26,0,GRI 303: Water and Effluents 2018,303-2,Water and effluents,no_evidence,,False,4,False,False,False,False
v_new,Bapco2024,phase6,27,0,GRI 303: Water and Effluents 2018,303-3,Water and effluents,no_evidence,,False,13,False,False,False,False
v_new,Bapco2024,phase6,28,0,GRI 303: Water and Effluents 2018,303-4,Water and effluents,no_evidence,,False,12,False,False,False,False
v_new,Bapco2024,phase6,29,0,GRI 303: Water and Effluents 2018,303-5,Water and effluents,no_evidence,,False,4,False,False,False,False
v_new,Bapco2024,phase6,30,0,GRI 306: Effluents and Waste 2016,306-3,Asset Integrity and Critical Incident Management,no_evidence,,False,7,False,False,False,False
v_new,Bapco2024,phase6,31,0,GRI 403: Occupational Health and Safety 2018,403-1,"Health, safety and well-being",pass,,False,3,False,False,False,False
v_new,Bapco2024,phase6,32,0,GRI 403: Occupational Health and Safety 2018,403-2,"Health, safety and well-being",no_evidence,,False,5,False,False,False,False
v_new,Bapco2024,phase6,33,0,GRI 403: Occupational Health and Safety 2018,403-3,"Health, safety and well-being",no_evidence,,False,1,False,False,False,False
v_new,Bapco2024,phase6,34,0,GRI 403: Occupational Health and Safety 2018,403-4,"Health, safety and well-being",no_evidence,,False,2,False,False,False,False
v_new,Bapco2024,phase6,35,0,GRI 403: Occupational Health and Safety 2018,403-5,"Health, safety and well-being",pass,,False,1,False,False,False,False
v_new,Bapco2024,phase6,36,0,GRI 403: Occupational Health and Safety 2018,403-6,"Health, safety and well-being",no_evidence,,False,2,False,False,False,False
v_new,Bapco2024,phase6,37,0,GRI 403: Occupational Health and Safety 2018,403-7,"Health, safety and well-being",pass,,False,1,False,False,False,False
v_new,Bapco2024,phase6,38,0,GRI 403: Occupational Health and Safety 2018,403-8,"Health, safety and well-being",partial,,False,4,False,False,False,False
v_new,Bapco2024,phase6,39,0,GRI 403: Occupational Health and Safety 2018,403-9,"Health, safety and well-being",partial,,False,16,False,False,False,False
v_new,Bapco2024,phase6,40,0,GRI 403: Occupational Health and Safety 2018,403-10,"Health, safety and well-being",no_evidence,,False,10,False,False,False,False
v_new,Bapco2024,phase6,41,0,GRI 401: Employment 2016,401-1,Employment (Employment Attraction & Retention),no_evidence,,False,2,False,False,False,False
v_new,Bapco2024,phase6,42,0,GRI 401: Employment 2016,401-2,Employment (Employment Attraction & Retention),no_evidence,,False,8,False,False,False,False
v_new,Bapco2024,phase6,43,0,GRI 401: Employment 2016,401-3,Employment (Employment Attraction & Retention),partial,,False,5,False,False,False,False
v_new,Bapco2024,phase6,44,0,GRI 401: Employment 2016,401-3,"Diversity, Inclusion & Equal Opportunity",partial,,False,5,False,False,False,False
v_new,Bapco2024,phase6,45,0,GRI 402: Labor/Management Relations 2016,402-1,Employment (Employment Attraction & Retention),no_evidence,,False,2,False,False,False,False
v_new,Bapco2024,phase6,46,0,GRI 404: Training and Education 2016,404-1,Employment (Employment Attraction & Retention),no_evidence,,False,2,False,False,False,False
v_new,Bapco2024,phase6,47,0,GRI 404: Training and Education 2016,404-1,"Diversity, Inclusion & Equal Opportunity",no_evidence,,False,2,False,False,False,False
v_new,Bapco2024,phase6,48,0,GRI 404: Training and Education 2016,404-2,Employment (Employment Attraction & Retention),partial,,False,2,False,False,False,False
v_new,Bapco2024,phase6,49,0,GRI 405: Diversity and Equal Opportunity 2016,405-1,"Diversity, Inclusion & Equal Opportunity",no_evidence,,False,6,False,False,False,False
v_new,Bapco2024,phase6,50,0,GRI 406: Non-discrimination 2016,406-1,"Diversity, Inclusion & Equal Opportunity",pass,,False,5,False,False,False,False
v_new,Bapco2024,phase6,51,0,GRI 413: Local Communities 2016,413-1,Local Community Impact and Investment,no_evidence,,False,8,False,False,False,False
v_new,Bapco2024,phase6,52,0,GRI 413: Local Communities 2016,413-2,Local Community Impact and Investment,no_evidence,,False,2,False,False,False,False
v_new,Bapco2024,phase6,53,0,GRI 205: Anti-corruption 2016,205-2,"Anti-corruption, Business Ethics & Transparency",no_evidence,,False,5,False,False,False,False
v_new,Bunduq2023,phase3,0,0,GRI 2,2-1,,partial,,False,4,False,False,False,False
v_new,Bunduq2023,phase3,1,0,GRI 2,2-2,,partial,,False,5,False,False,False,False
v_new,Bunduq2023,phase3,2,0,GRI 2,2-3,,partial,,False,4,False,False,False,False
v_new,Bunduq2023,phase3,3,0,GRI 2,2-4,,partial,,False,2,False,False,False,False
v_new,Bunduq2023,phase3,4,0,GRI 2,2-5,,partial,,False,4,False,False,False,False
v_new,Bunduq2023,phase3,5,0,GRI 2,2-6,,partial,,False,6,False,False,False,False
v_new,Bunduq2023,phase3,6,0,GRI 2,2-7,,partial,,False,10,False,False,False,False
v_new,Bunduq2023,phase3,7,0,GRI 2,2-8,,no_evidence,,False,5,False,False,False,False
v_new,Bunduq2023,phase3,8,0,GRI 2,2-9,,partial,,False,10,False,False,False,False
v_new,Bunduq2023,phase3,9,0,GRI 2,2-10,,omitted,no page pack: omitted,False,0,True,False,True,True
v_new,Bunduq2023,phase3,10,0,GRI 2,2-11,,no_evidence,,False,2,False,False,False,False
v_new,Bunduq2023,phase3,11,0,GRI 2,2-12,,no_evidence,,False,4,False,False,False,False
v_new,Bunduq2023,phase3,12,0,GRI 2,2-13,,partial,,False,3,False,False,False,False
v_new,Bunduq2023,phase3,13,0,GRI 2,2-14,,omitted,no page pack: omitted,False,0,True,False,True,True
v_new,Bunduq2023,phase3,14,0,GRI 2,2-15,,omitted,no page pack: omitted,False,0,True,False,True,True
v_new,Bunduq2023,phase3,15,0,GRI 2,2-16,,no_evidence,,False,2,False,False,False,False
v_new,Bunduq2023,phase3,16,0,GRI 2,2-17,,omitted,no page pack: omitted,False,0,True,False,True,True
v_new,Bunduq2023,phase3,17,0,GRI 2,2-18,,omitted,no page pack: omitted,False,0,True,False,True,True
v_new,Bunduq2023,phase3,18,0,GRI 2,2-19,,omitted,no page pack: omitted,False,0,True,False,True,True
v_new,Bunduq2023,phase3,19,0,GRI 2,2-20,,omitted,no page pack: omitted,False,0,True,False,True,True
v_new,Bunduq2023,phase3,20,0,GRI 2,2-21,,omitted,no page pack: omitted,False,0,True,False,True,True
v_new,Bunduq2023,phase3,21,0,GRI 2,2-22,,pass,,False,1,False,False,False,False
v_new,Bunduq2023,phase3,22,0,GRI 2,2-23,,partial,,False,10,False,False,False,False
v_new,Bunduq2023,phase3,23,0,GRI 2,2-24,,partial,,False,4,False,False,False,False
v_new,Bunduq2023,phase3,24,0,GRI 2,2-25,,omitted,no page pack: omitted,False,0,True,False,True,True
v_new,Bunduq2023,phase3,25,0,GRI 2,2-26,,partial,,False,2,False,False,False,False
v_new,Bunduq2023,phase3,26,0,GRI 2,2-27,,partial,,False,6,False,False,False,False
v_new,Bunduq2023,phase3,27,0,GRI 2,2-28,,omitted,no page pack: omitted,False,0,True,False,True,True
v_new,Bunduq2023,phase3,28,0,GRI 2,2-29,,partial,,False,3,False,False,False,False
v_new,Bunduq2023,phase3,29,0,GRI 2,2-30,,omitted,no page pack: omitted,False,0,True,False,True,True
v_new,Bunduq2023,phase5,0,0,GRI 3,3-1,,no_evidence,no page pack: page_list_no_matching_chunks; system limitation - human review required,True,0,False,False,True,True
v_new,Bunduq2023,phase5,1,0,GRI 3,3-2,,no_evidence,,False,2,False,False,False,False
v_new,Bunduq2023,phase5,2,0,GRI 3,3-3,Asset Integrity and Process Safety,partial,,False,11,False,False,False,False
v_new,Bunduq2023,phase5,3,0,GRI 3,3-3,Biodiversity and Natural Capital,partial,,False,11,False,False,False,False
v_new,Bunduq2023,phase5,4,0,GRI 3,3-3,Business Ethics and Integrity Practices,partial,,False,11,False,False,False,False
v_new,Bunduq2023,phase5,5,0,GRI 3,3-3,Community Development and Partnerships and Social Risk Management,partial,,False,11,False,False,False,False
v_new,Bunduq2023,phase5,6,0,GRI 3,3-3,Crisis Management & Incident Response,partial,,False,11,False,False,False,False
v_new,Bunduq2023,phase5,7,0,GRI 3,3-3,Cyber Security,partial,,False,11,False,False,False,False
v_new,Bunduq2023,phase5,8,0,GRI 3,3-3,Digital Transformation and Innovation,partial,,False,11,False,False,False,False
v_new,Bunduq2023,phase5,9,0,GRI 3,3-3,ESG Compliance,partial,,False,11,False,False,False,False
v_new,Bunduq2023,phase5,10,0,GRI 3,3-3,Economic performance,external_verification,no page pack: external_document_reference,False,0,False,True,True,True
v_new,Bunduq2023,phase5,11,0,GRI 3,3-3,Employee Diversity and Inclusion,partial,,False,11,False,False,False,False
v_new,Bunduq2023,phase5,12,0,GRI 3,3-3,Employment Practices and Employee Welfare,partial,,False,11,False,False,False,False
v_new,Bunduq2023,phase5,13,0,GRI 3,3-3,Energy Management,partial,,False,11,False,False,False,False
v_new,Bunduq2023,phase5,14,0,GRI 3,3-3,"Greenhouse Gas (GHG) Emissions, Climate Resilience and Adaptation Strategy and Flaring",partial,,False,11,False,False,False,False
v_new,Bunduq2023,phase5,15,0,GRI 3,3-3,Occupational health and safety,partial,,False,11,False,False,False,False
v_new,Bunduq2023,phase5,16,0,GRI 3,3-3,Spills,partial,,False,11,False,False,False,False
v_new,Bunduq2023,phase5,17,0,GRI 3,3-3,Sustainable Procurement,partial,,False,11,False,False,False,False
v_new,Bunduq2023,phase5,18,0,GRI 3,3-3,Talent Management and Development,partial,,False,11,False,False,False,False
v_new,Bunduq2023,phase5,19,0,GRI 3,3-3,Waste Management,partial,,False,11,False,False,False,False
v_new,Bunduq2023,phase5,20,0,GRI 3,3-3,Water and Effluents Management,partial,,False,11,False,False,False,False
v_new,Bunduq2023,phase5,21,0,GRI 3,3-3,Workforce Nationalization,partial,,False,11,False,False,False,False
v_new,Bunduq2023,phase6,0,0,GRI 205: Anti-corruption 2016,205-1,Business Ethics and Integrity Practices,omitted,no page pack: omitted,False,0,True,False,True,True
v_new,Bunduq2023,phase6,1,0,GRI 205: Anti-corruption 2016,205-2,Business Ethics and Integrity Practices,omitted,no page pack: omitted,False,0,True,False,True,True
v_new,Bunduq2023,phase6,2,0,GRI 206: Anti-competitive Behavior 2016,206-1,Business Ethics and Integrity Practices,omitted,no page pack: omitted,False,0,True,False,True,True
v_new,Bunduq2023,phase6,3,0,GRI 302: Energy 2016,302-2,Energy Management,omitted,no page pack: omitted,False,0,True,False,True,True
v_new,Bunduq2023,phase6,4,0,GRI 302: Energy 2016,302-5,Energy Management,omitted,no page pack: omitted,False,0,True,False,True,True
v_new,Bunduq2023,phase6,5,0,GRI 305: Emissions 2016,305-3,"Greenhouse Gas (GHG) Emissions, Climate Resilience and Adaptation Strategy and Flaring",omitted,no page pack: omitted,False,0,True,False,True,True
v_new,Bunduq2023,phase6,6,0,GRI 305: Emissions 2016,305-6,"Greenhouse Gas (GHG) Emissions, Climate Resilience and Adaptation Strategy and Flaring",omitted,no page pack: omitted,False,0,True,False,True,True
v_new,Bunduq2023,phase6,7,0,GRI 305: Emissions 2016,305-7,"Greenhouse Gas (GHG) Emissions, Climate Resilience and Adaptation Strategy and Flaring",no_evidence,no page pack: page_list_no_matching_chunks; system limitation — human review required,True,0,False,False,True,True
v_new,Bunduq2023,phase6,8,0,GRI 306: Waste 2020,306-4,Waste Management,omitted,no page pack: omitted,False,0,True,False,True,True
v_new,Bunduq2023,phase6,9,0,GRI 306: Waste 2020,306-5,Waste Management,omitted,no page pack: omitted,False,0,True,False,True,True
v_new,Bunduq2023,phase6,10,0,GRI 303: Water and Effluents 2018,303-4,Water and Effluents Management,omitted,no page pack: omitted,False,0,True,False,True,True
v_new,Bunduq2023,phase6,11,0,GRI 303: Water and Effluents 2018,303-5,Water and Effluents Management,omitted,no page pack: omitted,False,0,True,False,True,True
v_new,Bunduq2023,phase6,12,0,GRI 304: Biodiversity 2016,304-3,Biodiversity and Natural Capital,omitted,no page pack: omitted,False,0,True,False,True,True
v_new,Bunduq2023,phase6,13,0,GRI 304: Biodiversity 2016,304-4,Biodiversity and Natural Capital,omitted,no page pack: omitted,False,0,True,False,True,True
v_new,Bunduq2023,phase6,14,0,GRI 308: Supplier Environmental Assessment 2016,308-1,Sustainable Procurement,omitted,no page pack: omitted,False,0,True,False,True,True
v_new,Bunduq2023,phase6,15,0,GRI 308: Supplier Environmental Assessment 2016,308-2,Sustainable Procurement,omitted,no page pack: omitted,False,0,True,False,True,True
v_new,Bunduq2023,phase6,16,0,GRI 203: Indirect Economic Impacts 2016,203-1,Community Development and Partnerships and Social Risk Management,omitted,no page pack: omitted,False,0,True,False,True,True
v_new,Bunduq2023,phase6,17,0,GRI 202: Market Presence 2016,202-1,Employee Diversity and Inclusion,omitted,no page pack: omitted,False,0,True,False,True,True
v_new,Bunduq2023,phase6,18,0,GRI 405: Diversity and Equal Opportunity 2016,405-2,Employee Diversity and Inclusion,omitted,no page pack: omitted,False,0,True,False,True,True
v_new,Bunduq2023,phase6,19,0,GRI 402: Labor/Management Relations 2016,402-1,Employment Practices and Employee Welfare,omitted,no page pack: omitted,False,0,True,False,True,True
v_new,Bunduq2023,phase6,20,0,GRI 201: Economic Performance 2016,201-1,Economic performance,omitted,no page pack: omitted,False,0,True,False,True,True
v_new,Bunduq2023,phase6,21,0,GRI 201: Economic Performance 2016,201-3,Economic performance,omitted,no page pack: omitted,False,0,True,False,True,True
v_new,Bunduq2023,phase6,22,0,GRI 201: Economic Performance 2016,201-4,Economic performance,omitted,no page pack: omitted,False,0,True,False,True,True
v_new,Bunduq2023,phase6,23,0,GRI 205: Anti-corruption 2016,205-3,Business Ethics and Integrity Practices,no_evidence,,False,4,False,False,False,False
v_new,Bunduq2023,phase6,24,0,GRI 406: Non-discrimination 2016,406-1,Business Ethics and Integrity Practices,no_evidence,,False,5,False,False,False,False
v_new,Bunduq2023,phase6,25,0,GRI 406: Non-discrimination 2016,406-1,Employment Practices and Employee Welfare,no_evidence,,False,5,False,False,False,False
v_new,Bunduq2023,phase6,26,0,GRI 302: Energy 2016,302-1,Energy Management,partial,,False,13,False,False,False,False
v_new,Bunduq2023,phase6,27,0,GRI 302: Energy 2016,302-3,Energy Management,partial,,False,4,False,False,False,False
v_new,Bunduq2023,phase6,28,0,GRI 302: Energy 2016,302-4,Energy Management,partial,,False,4,False,False,False,False
v_new,Bunduq2023,phase6,29,0,GRI 305: Emissions 2016,305-1,"Greenhouse Gas (GHG) Emissions, Climate Resilience and Adaptation Strategy and Flaring",no_evidence,,False,9,False,False,False,False
v_new,Bunduq2023,phase6,30,0,GRI 305: Emissions 2016,305-2,"Greenhouse Gas (GHG) Emissions, Climate Resilience and Adaptation Strategy and Flaring",no_evidence,,False,9,False,False,False,False
v_new,Bunduq2023,phase6,31,0,GRI 305: Emissions 2016,305-4,"Greenhouse Gas (GHG) Emissions, Climate Resilience and Adaptation Strategy and Flaring",no_evidence,,False,4,False,False,False,False
v_new,Bunduq2023,phase6,32,0,GRI 305: Emissions 2016,305-5,"Greenhouse Gas (GHG) Emissions, Climate Resilience and Adaptation Strategy and Flaring",no_evidence,,False,5,False,False,False,False
v_new,Bunduq2023,phase6,33,0,GRI 306: Waste 2020,306-1,Waste Management,no_evidence,,False,6,False,False,False,False
v_new,Bunduq2023,phase6,34,0,GRI 306: Waste 2020,306-2,Waste Management,partial,,False,24,False,False,False,False
v_new,Bunduq2023,phase6,35,0,GRI 306: Waste 2020,306-3,Waste Management,no_evidence,,False,7,False,False,False,False
v_new,Bunduq2023,phase6,36,0,GRI 303: Water and Effluents 2018,303-1,Water and Effluents Management,partial,,False,4,False,False,False,False
v_new,Bunduq2023,phase6,37,0,GRI 303: Water and Effluents 2018,303-2,Water and Effluents Management,no_evidence,,False,4,False,False,False,False
v_new,Bunduq2023,phase6,38,0,GRI 303: Water and Effluents 2018,303-3,Water and Effluents Management,partial,,False,13,False,False,False,False
v_new,Bunduq2023,phase6,39,0,GRI 304: Biodiversity 2016,304-1,Biodiversity and Natural Capital,no_evidence,,False,7,False,False,False,False
v_new,Bunduq2023,phase6,40,0,GRI 304: Biodiversity 2016,304-2,Biodiversity and Natural Capital,no_evidence,,False,10,False,False,False,False
v_new,Bunduq2023,phase6,41,0,GRI 306: Effluents and Waste 2016,306-3,Spills,no_evidence,,False,7,False,False,False,False
v_new,Bunduq2023,phase6,42,0,GRI 403: Occupational Health and Safety 2018,403-1,Occupational health and safety,partial,,False,3,False,False,False,False
v_new,Bunduq2023,phase6,43,0,GRI 403: Occupational Health and Safety 2018,403-2,Occupational health and safety,partial,,False,5,False,False,False,False
v_new,Bunduq2023,phase6,44,0,GRI 403: Occupational Health and Safety 2018,403-3,Occupational health and safety,no_evidence,,False,1,False,False,False,False
v_new,Bunduq2023,phase6,45,0,GRI 403: Occupational Health and Safety 2018,403-4,Occupational health and safety,partial,,False,2,False,False,False,False
v_new,Bunduq2023,phase6,46,0,GRI 403: Occupational Health and Safety 2018,403-5,Occupational health and safety,pass,,False,1,False,False,False,False
v_new,Bunduq2023,phase6,47,0,GRI 403: Occupational Health and Safety 2018,403-6,Occupational health and safety,partial,,False,2,False,False,False,False
v_new,Bunduq2023,phase6,48,0,GRI 403: Occupational Health and Safety 2018,403-7,Occupational health and safety,pass,,False,1,False,False,False,False
v_new,Bunduq2023,phase6,49,0,GRI 403: Occupational Health and Safety 2018,403-8,Occupational health and safety,no_evidence,,False,4,False,False,False,False
v_new,Bunduq2023,phase6,50,0,GRI 403: Occupational Health and Safety 2018,403-9,Occupational health and safety,no_evidence,,False,16,False,False,False,False
v_new,Bunduq2023,phase6,51,0,GRI 403: Occupational Health and Safety 2018,403-10,Occupational health and safety,partial,,False,10,False,False,False,False
v_new,Bunduq2023,phase6,52,0,GRI 204: Procurement Practices 2016,204-1,Sustainable Procurement,partial,,False,3,False,False,False,False
v_new,Bunduq2023,phase6,53,0,GRI 414: Supplier Social Assessment 2016,414-1,Sustainable Procurement,no_evidence,,False,1,False,False,False,False
v_new,Bunduq2023,phase6,54,0,GRI 414: Supplier Social Assessment 2016,414-2,Sustainable Procurement,no_evidence,,False,5,False,False,False,False
v_new,Bunduq2023,phase6,55,0,GRI 203: Indirect Economic Impacts 2016,203-2,Community Development and Partnerships and Social Risk Management,partial,,False,2,False,False,False,False
v_new,Bunduq2023,phase6,56,0,GRI 413: Local Communities 2016,413-1,Community Development and Partnerships and Social Risk Management,no_evidence,,False,8,False,False,False,False
v_new,Bunduq2023,phase6,57,0,GRI 413: Local Communities 2016,413-2,Community Development and Partnerships and Social Risk Management,pass,,False,2,False,False,False,False
v_new,Bunduq2023,phase6,58,0,GRI 405: Diversity and Equal Opportunity 2016,405-1,Employee Diversity and Inclusion,no_evidence,,False,6,False,False,False,False
v_new,Bunduq2023,phase6,59,0,GRI 202: Market Presence 2016,202-2,Workforce Nationalization,no_evidence,,False,4,False,False,False,False
v_new,Bunduq2023,phase6,60,0,GRI 404: Training and Education 2016,404-1,Talent Management and Development,no_evidence,,False,2,False,False,False,False
v_new,Bunduq2023,phase6,61,0,GRI 404: Training and Education 2016,404-2,Talent Management and Development,partial,,False,2,False,False,False,False
v_new,Bunduq2023,phase6,62,0,GRI 404: Training and Education 2016,404-3,Talent Management and Development,no_evidence,,False,1,False,False,False,False
v_new,Bunduq2023,phase6,63,0,GRI 401: Employment 2016,401-1,Employment Practices and Employee Welfare,no_evidence,,False,2,False,False,False,False
v_new,Bunduq2023,phase6,64,0,GRI 401: Employment 2016,401-2,Employment Practices and Employee Welfare,no_evidence,,False,8,False,False,False,False
v_new,Bunduq2023,phase6,65,0,GRI 401: Employment 2016,401-3,Employment Practices and Employee Welfare,no_evidence,,False,5,False,False,False,False
v_new,Bunduq2023,phase6,66,0,GRI 201: Economic Performance 2016,201-2,Economic performance,partial,,False,5,False,False,False,False
v_new,Desfa2023,phase3,0,0,GRI 2,2-1,,partial,,False,4,False,False,False,False
v_new,Desfa2023,phase3,1,0,GRI 2,2-2,,fail,,False,5,False,False,False,False
v_new,Desfa2023,phase3,2,0,GRI 2,2-3,,partial,,False,4,False,False,False,False
v_new,Desfa2023,phase3,3,0,GRI 2,2-4,,partial,,False,2,False,False,False,False
v_new,Desfa2023,phase3,4,0,GRI 2,2-5,,partial,,False,4,False,False,False,False
v_new,Desfa2023,phase3,5,0,GRI 2,2-6,,partial,,False,6,False,False,False,False
v_new,Desfa2023,phase3,6,0,GRI 2,2-7,,partial,,False,10,False,False,False,False
v_new,Desfa2023,phase3,7,0,GRI 2,2-8,,partial,,False,5,False,False,False,False
v_new,Desfa2023,phase3,8,0,GRI 2,2-9,,partial,,False,10,False,False,False,False
v_new,Desfa2023,phase3,9,0,GRI 2,2-10,,omitted,no page pack: omitted,False,0,True,False,True,True
v_new,Desfa2023,phase3,10,0,GRI 2,2-11,,partial,,False,2,False,False,False,False
v_new,Desfa2023,phase3,11,0,GRI 2,2-12,,partial,,False,4,False,False,False,False
v_new,Desfa2023,phase3,12,0,GRI 2,2-13,,partial,,False,3,False,False,False,False
v_new,Desfa2023,phase3,13,0,GRI 2,2-14,,no_evidence,,False,2,False,False,False,False
v_new,Desfa2023,phase3,14,0,GRI 2,2-15,,no_evidence,,False,5,False,False,False,False
v_new,Desfa2023,phase3,15,0,GRI 2,2-16,,no_evidence,,False,2,False,False,False,False
v_new,Desfa2023,phase3,16,0,GRI 2,2-17,,no_evidence,,False,1,False,False,False,False
v_new,Desfa2023,phase3,17,0,GRI 2,2-18,,omitted,no page pack: omitted,False,0,True,False,True,True
v_new,Desfa2023,phase3,18,0,GRI 2,2-19,,partial,,False,6,False,False,False,False
v_new,Desfa2023,phase3,19,0,GRI 2,2-20,,omitted,no page pack: omitted,False,0,True,False,True,True
v_new,Desfa2023,phase3,20,0,GRI 2,2-21,,omitted,no page pack: omitted,False,0,True,False,True,True
v_new,Desfa2023,phase3,21,0,GRI 2,2-22,,pass,,False,1,False,False,False,False
v_new,Desfa2023,phase3,22,0,GRI 2,2-23,,partial,,False,10,False,False,False,False
v_new,Desfa2023,phase3,23,0,GRI 2,2-24,,partial,,False,4,False,False,False,False
v_new,Desfa2023,phase3,24,0,GRI 2,2-25,,partial,,False,5,False,False,False,False
v_new,Desfa2023,phase3,25,0,GRI 2,2-26,,partial,,False,2,False,False,False,False
v_new,Desfa2023,phase3,26,0,GRI 2,2-27,,partial,,False,6,False,False,False,False
v_new,Desfa2023,phase3,27,0,GRI 2,2-28,,pass,,False,1,False,False,False,False
v_new,Desfa2023,phase3,28,0,GRI 2,2-29,,pass,,False,3,False,False,False,False
v_new,Desfa2023,phase3,29,0,GRI 2,2-30,,partial,,False,2,False,False,False,False
v_new,Desfa2023,phase5,0,0,GRI 3,3-1,,partial,,False,3,False,False,False,False
v_new,Desfa2023,phase5,1,0,GRI 3,3-2,,no_evidence,,False,2,False,False,False,False
v_new,Desfa2023,phase5,2,0,GRI 3,3-3,Asset Integrity and critical incident management,partial,,False,11,False,False,False,False
v_new,Desfa2023,phase5,3,0,GRI 3,3-3,Business conduct,partial,,False,11,False,False,False,False
v_new,Desfa2023,phase5,4,0,GRI 3,3-3,Carbon Footprint,partial,,False,11,False,False,False,False
v_new,Desfa2023,phase5,5,0,GRI 3,3-3,"Climate adaptation, resilience, and transition/Innovation",partial,,False,11,False,False,False,False
v_new,Desfa2023,phase5,6,0,GRI 3,3-3,Economic impacts,partial,,False,11,False,False,False,False
v_new,Desfa2023,phase5,7,0,GRI 3,3-3,Employment practices,partial,,False,11,False,False,False,False
v_new,Desfa2023,phase5,8,0,GRI 3,3-3,Freedom of association and collective bargaining,partial,,False,11,False,False,False,False
v_new,Desfa2023,phase5,9,0,GRI 3,3-3,Land rights,partial,,False,11,False,False,False,False
v_new,Desfa2023,phase5,10,0,GRI 3,3-3,Local communities,partial,,False,11,False,False,False,False
v_new,Desfa2023,phase5,11,0,GRI 3,3-3,Occupational health and safety,partial,,False,11,False,False,False,False
v_new,Desfa2023,phase5,12,0,GRI 3,3-3,Privacy,partial,,False,11,False,False,False,False
v_new,Desfa2023,phase6,0,0,GRI 302: Energy 2016,302-2,Carbon Footprint,omitted,no page pack: omitted,False,0,True,False,True,True
v_new,Desfa2023,phase6,1,0,GRI 414: Supplier Social Assessment 2016,414-1,Employment practices,omitted,no page pack: omitted,False,0,True,False,True,True
v_new,Desfa2023,phase6,2,0,GRI 414: Supplier Social Assessment 2016,414-2,Employment practices,omitted,no page pack: omitted,False,0,True,False,True,True
v_new,Desfa2023,phase6,3,0,GRI 407: Freedom of Association and Collective Bargaining 2016,407-1,Freedom of association and collective bargaining,omitted,no page pack: omitted,False,0,True,False,True,True
v_new,Desfa2023,phase6,4,0,GRI 203: Indirect Economic Impacts 2016,203-2,Economic impacts,omitted,no page pack: omitted,False,0,True,False,True,True
v_new,Desfa2023,phase6,5,0,GRI 205: Anti-corruption 2016,205-2,Business conduct,omitted,no page pack: omitted,False,0,True,False,True,True
v_new,Desfa2023,phase6,6,0,GRI 203: Indirect Economic Impacts 2016,203-1,"Climate adaptation, resilience, and transition/Innovation",partial,,False,3,False,False,False,False
v_new,Desfa2023,phase6,7,0,GRI 305: Emissions 2016,305-5,"Climate adaptation, resilience, and transition/Innovation",partial,,False,5,False,False,False,False
v_new,Desfa2023,phase6,8,0,GRI 302: Energy 2016,302-1,Carbon Footprint,partial,,False,13,False,False,False,False
v_new,Desfa2023,phase6,9,0,GRI 302: Energy 2016,302-3,Carbon Footprint,partial,,False,4,False,False,False,False
v_new,Desfa2023,phase6,10,0,GRI 305: Emissions 2016,305-1,Carbon Footprint,partial,,False,9,False,False,False,False
v_new,Desfa2023,phase6,11,0,GRI 305: Emissions 2016,305-2,Carbon Footprint,partial,,False,9,False,False,False,False
v_new,Desfa2023,phase6,12,0,GRI 305: Emissions 2016,305-3,Carbon Footprint,partial,,False,9,False,False,False,False
v_new,Desfa2023,phase6,13,0,GRI 305: Emissions 2016,305-4,Carbon Footprint,partial,,False,4,False,False,False,False
v_new,Desfa2023,phase6,14,0,GRI 401: Employment 2016,401-1,Employment practices,no_evidence,,False,2,False,False,False,False
v_new,Desfa2023,phase6,15,0,GRI 401: Employment 2016,401-2,Employment practices,no_evidence,,False,8,False,False,False,False
v_new,Desfa2023,phase6,16,0,GRI 401: Employment 2016,401-3,Employment practices,no_evidence,,False,5,False,False,False,False
v_new,Desfa2023,phase6,17,0,GRI 402: Labor / Management Relations 2016,402-1,Employment practices,partial,,False,2,False,False,False,False
v_new,Desfa2023,phase6,18,0,GRI 404: Training & Education 2016,404-1,Employment practices,partial,,False,2,False,False,False,False
v_new,Desfa2023,phase6,19,0,GRI 404: Training & Education 2016,404-2,Employment practices,partial,,False,2,False,False,False,False
v_new,Desfa2023,phase6,20,0,GRI 403: Occupational Health & Safety 2018,403-1,Occupational health and safety,partial,,False,3,False,False,False,False
v_new,Desfa2023,phase6,21,0,GRI 403: Occupational Health & Safety 2018,403-2,Occupational health and safety,partial,,False,5,False,False,False,False
v_new,Desfa2023,phase6,22,0,GRI 403: Occupational Health & Safety 2018,403-3,Occupational health and safety,pass,,False,1,False,False,False,False
v_new,Desfa2023,phase6,23,0,GRI 403: Occupational Health & Safety 2018,403-4,Occupational health and safety,partial,,False,2,False,False,False,False
v_new,Desfa2023,phase6,24,0,GRI 403: Occupational Health & Safety 2018,403-5,Occupational health and safety,pass,,False,1,False,False,False,False
v_new,Desfa2023,phase6,25,0,GRI 403: Occupational Health & Safety 2018,403-6,Occupational health and safety,pass,,False,2,False,False,False,False
v_new,Desfa2023,phase6,26,0,GRI 403: Occupational Health & Safety 2018,403-7,Occupational health and safety,pass,,False,1,False,False,False,False
v_new,Desfa2023,phase6,27,0,GRI 403: Occupational Health & Safety 2018,403-8,Occupational health and safety,partial,,False,4,False,False,False,False
v_new,Desfa2023,phase6,28,0,GRI 403: Occupational Health & Safety 2018,403-9,Occupational health and safety,partial,,False,16,False,False,False,False
v_new,Desfa2023,phase6,29,0,GRI 403: Occupational Health & Safety 2018,403-10,Occupational health and safety,partial,,False,10,False,False,False,False
v_new,Desfa2023,phase6,30,0,GRI 306: Effluents and Waste 2016,306-3,Asset Integrity and critical incident management,partial,,False,7,False,False,False,False
v_new,Desfa2023,phase6,31,0,GRI 413: Local Communities 2016,413-1,Local communities,partial,,False,8,False,False,False,False
v_new,Desfa2023,phase6,32,0,GRI 413: Local Communities 2016,413-2,Local communities,partial,,False,2,False,False,False,False
v_new,Desfa2023,phase6,33,0,GRI 201: Economic Performance 2016,201-1,Economic impacts,no_evidence,,False,4,False,False,False,False
v_new,Desfa2023,phase6,34,0,GRI 202: Market Presence 2016,202-2,Economic impacts,pass,,False,4,False,False,False,False
v_new,Desfa2023,phase6,35,0,GRI 203: Indirect Economic Impacts 2016,203-1,Economic impacts,partial,,False,3,False,False,False,False
v_new,Desfa2023,phase6,36,0,GRI 204: Procurement Practices 2016,204-1,Economic impacts,partial,,False,3,False,False,False,False
v_new,Desfa2023,phase6,37,0,GRI 201: Anti-corruption 2016,201-4,Business conduct,partial,,False,10,False,False,False,False
v_new,Desfa2023,phase6,38,0,GRI 205: Anti-corruption 2016,205-1,Business conduct,no_evidence,,False,2,False,False,False,False
v_new,Desfa2023,phase6,39,0,GRI 205: Anti-corruption 2016,205-3,Business conduct,pass,,False,4,False,False,False,False
v_new,Desfa2023,phase6,40,0,GRI 206: Anti-competitive Behavior 2016,206-1,Business conduct,no_evidence,,False,2,False,False,False,False
v_new,Desfa2023,phase6,41,0,GRI 415: Public Policy 2016,415-1,Business conduct,no_evidence,,False,2,False,False,False,False
v_new,Desfa2023,phase6,42,0,GRI 418: Customer Privacy 2016,418-1,Privacy,pass,,False,4,False,False,False,False
v_new,Energean2023,phase3,0,0,GRI 2,2-1,,external_verification,no page pack: external_document_reference,False,0,False,True,True,True
v_new,Energean2023,phase3,1,0,GRI 2,2-2,,external_verification,no page pack: external_document_reference,False,0,False,True,True,True
v_new,Energean2023,phase3,2,0,GRI 2,2-3,,external_verification,no page pack: external_document_reference,False,0,False,True,True,True
v_new,Energean2023,phase3,3,0,GRI 2,2-4,,external_verification,no page pack: external_document_reference,False,0,False,True,True,True
v_new,Energean2023,phase3,4,0,GRI 2,2-5,,external_verification,no page pack: external_document_reference,False,0,False,True,True,True
v_new,Energean2023,phase3,5,0,GRI 2,2-6,,external_verification,no page pack: external_document_reference,False,0,False,True,True,True
v_new,Energean2023,phase3,6,0,GRI 2,2-7,,external_verification,no page pack: external_document_reference,False,0,False,True,True,True
v_new,Energean2023,phase3,7,0,GRI 2,2-8,,external_verification,no page pack: external_document_reference,False,0,False,True,True,True
v_new,Energean2023,phase3,8,0,GRI 2,2-9,,external_verification,no page pack: external_document_reference,False,0,False,True,True,True
v_new,Energean2023,phase3,9,0,GRI 2,2-10,,external_verification,no page pack: external_document_reference,False,0,False,True,True,True
v_new,Energean2023,phase3,10,0,GRI 2,2-11,,external_verification,no page pack: external_document_reference,False,0,False,True,True,True
v_new,Energean2023,phase3,11,0,GRI 2,2-12,,external_verification,no page pack: external_document_reference,False,0,False,True,True,True
v_new,Energean2023,phase3,12,0,GRI 2,2-13,,external_verification,no page pack: external_document_reference,False,0,False,True,True,True
v_new,Energean2023,phase3,13,0,GRI 2,2-14,,external_verification,no page pack: external_document_reference,False,0,False,True,True,True
v_new,Energean2023,phase3,14,0,GRI 2,2-15,,no_evidence,,False,5,False,False,False,False
v_new,Energean2023,phase3,15,0,GRI 2,2-16,,external_verification,no page pack: external_document_reference,False,0,False,True,True,True
v_new,Energean2023,phase3,16,0,GRI 2,2-17,,external_verification,no page pack: external_document_reference,False,0,False,True,True,True
v_new,Energean2023,phase3,17,0,GRI 2,2-18,,external_verification,no page pack: external_document_reference,False,0,False,True,True,True
v_new,Energean2023,phase3,18,0,GRI 2,2-19,,external_verification,no page pack: external_document_reference,False,0,False,True,True,True
v_new,Energean2023,phase3,19,0,GRI 2,2-20,,external_verification,no page pack: external_document_reference,False,0,False,True,True,True
v_new,Energean2023,phase3,20,0,GRI 2,2-21,,external_verification,no page pack: external_document_reference,False,0,False,True,True,True
v_new,Energean2023,phase3,21,0,GRI 2,2-22,,external_verification,no page pack: external_document_reference,False,0,False,True,True,True
v_new,Energean2023,phase3,22,0,GRI 2,2-23,,external_verification,no page pack: external_document_reference,False,0,False,True,True,True
v_new,Energean2023,phase3,23,0,GRI 2,2-24,,external_verification,no page pack: external_document_reference,False,0,False,True,True,True
v_new,Energean2023,phase3,24,0,GRI 2,2-25,,external_verification,no page pack: external_document_reference,False,0,False,True,True,True
v_new,Energean2023,phase3,25,0,GRI 2,2-26,,external_verification,no page pack: external_document_reference,False,0,False,True,True,True
v_new,Energean2023,phase3,26,0,GRI 2,2-27,,external_verification,no page pack: external_document_reference,False,0,False,True,True,True
v_new,Energean2023,phase3,27,0,GRI 2,2-28,,external_verification,no page pack: external_document_reference,False,0,False,True,True,True
v_new,Energean2023,phase3,28,0,GRI 2,2-29,,external_verification,no page pack: external_document_reference,False,0,False,True,True,True
v_new,Energean2023,phase3,29,0,GRI 2,2-30,,external_verification,no page pack: external_document_reference,False,0,False,True,True,True
v_new,Energean2023,phase5,0,0,GRI 3,3-1,,external_verification,no page pack: external_document_reference,False,0,False,True,True,True
v_new,Energean2023,phase5,1,0,GRI 3,3-2,,external_verification,no page pack: external_document_reference,False,0,False,True,True,True
v_new,Energean2023,phase5,2,0,GRI 3,3-3,Building and maintaining community relations,fail,no page pack: missing_disclosure,False,0,False,False,True,True
v_new,Energean2023,phase5,3,0,GRI 3,3-3,Ensuring data security,external_verification,no page pack: external_document_reference,False,0,False,True,True,True
v_new,Energean2023,phase5,4,0,GRI 3,3-3,Ensuring emergency preparedness,external_verification,no page pack: external_document_reference,False,0,False,True,True,True
v_new,Energean2023,phase5,5,0,GRI 3,3-3,Ensuring regulatory compliance,external_verification,no page pack: external_document_reference,False,0,False,True,True,True
v_new,Energean2023,phase5,6,0,GRI 3,3-3,Focusing on employment practices,external_verification,no page pack: external_document_reference,False,0,False,True,True,True
v_new,Energean2023,phase5,7,0,GRI 3,3-3,Fostering diversity and inclusion,fail,no page pack: missing_disclosure,False,0,False,False,True,True
v_new,Energean2023,phase5,8,0,GRI 3,3-3,Generating economic value,external_verification,no page pack: external_document_reference,False,0,False,True,True,True
v_new,Energean2023,phase5,9,0,GRI 3,3-3,Growing the share of natural gas in our product portfolio,external_verification,no page pack: external_document_reference,False,0,False,True,True,True
v_new,Energean2023,phase5,10,0,GRI 3,3-3,Increasing the implementation of water efficiency innovations,fail,no page pack: missing_disclosure,False,0,False,False,True,True
v_new,Energean2023,phase5,11,0,GRI 3,3-3,Minimising waste and increasing the implementation of circular economy practices,fail,no page pack: missing_disclosure,False,0,False,False,True,True
v_new,Energean2023,phase5,12,0,GRI 3,3-3,Protecting and preserving biodiversity,external_verification,no page pack: external_document_reference,False,0,False,True,True,True
v_new,Energean2023,phase5,13,0,GRI 3,3-3,Reducing (non-renewable) energy consumption,fail,no page pack: missing_disclosure,False,0,False,False,True,True
v_new,Energean2023,phase5,14,0,GRI 3,3-3,Reducing greenhouse gases and air emissions,external_verification,no page pack: external_document_reference,False,0,False,True,True,True
v_new,Energean2023,phase5,15,0,GRI 3,3-3,Safeguarding business ethics and transparent relationships,external_verification,no page pack: external_document_reference,False,0,False,True,True,True
v_new,Energean2023,phase5,16,0,GRI 3,3-3,Safeguarding health and safety,external_verification,no page pack: external_document_reference,False,0,False,True,True,True
v_new,Energean2023,phase5,17,0,GRI 3,3-3,Safeguarding human rights at work,external_verification,no page pack: external_document_reference,False,0,False,True,True,True
v_new,Energean2023,phase6,0,0,GRI 305: Emissions 2016,305-1,Reducing greenhouse gases and air emissions,external_verification,no page pack: external_document_reference,False,0,False,True,True,True
v_new,Energean2023,phase6,1,0,GRI 305: Emissions 2016,305-2,Reducing greenhouse gases and air emissions,external_verification,no page pack: external_document_reference,False,0,False,True,True,True
v_new,Energean2023,phase6,2,0,GRI 305: Emissions 2016,305-3,Reducing greenhouse gases and air emissions,external_verification,no page pack: external_document_reference,False,0,False,True,True,True
v_new,Energean2023,phase6,3,0,GRI 305: Emissions 2016,305-4,Reducing greenhouse gases and air emissions,external_verification,no page pack: external_document_reference,False,0,False,True,True,True
v_new,Energean2023,phase6,4,0,GRI 305: Emissions 2016,305-5,Reducing greenhouse gases and air emissions,external_verification,no page pack: external_document_reference,False,0,False,True,True,True
v_new,Energean2023,phase6,5,0,GRI 305: Emissions 2016,305-6,Reducing greenhouse gases and air emissions,omitted,no page pack: omitted,False,0,True,False,True,True
v_new,Energean2023,phase6,6,0,GRI 305: Emissions 2016,305-7,Reducing greenhouse gases and air emissions,external_verification,no page pack: external_document_reference,False,0,False,True,True,True
v_new,Energean2023,phase6,7,0,Internal KPI,,Growing the share of natural gas in our product portfolio,fail,GCI row has missing/blank disclosure_id — cannot judge,False,0,False,False,False,True
v_new,Energean2023,phase6,8,0,GRI 304: Biodiversity 2016,304-1,Protecting and preserving biodiversity,external_verification,no page pack: external_document_reference,False,0,False,True,True,True
v_new,Energean2023,phase6,9,0,GRI 304: Biodiversity 2016,304-2,Protecting and preserving biodiversity,external_verification,no page pack: external_document_reference,False,0,False,True,True,True
v_new,Energean2023,phase6,10,0,GRI 304: Biodiversity 2016,304-3,Protecting and preserving biodiversity,external_verification,no page pack: external_document_reference,False,0,False,True,True,True
v_new,Energean2023,phase6,11,0,GRI 304: Biodiversity 2016,304-4,Protecting and preserving biodiversity,external_verification,no page pack: external_document_reference,False,0,False,True,True,True
v_new,Energean2023,phase6,12,0,GRI 403: Occupational Health and Safety 2018,403-1,Safeguarding health and safety,external_verification,no page pack: external_document_reference,False,0,False,True,True,True
v_new,Energean2023,phase6,13,0,GRI 403: Occupational Health and Safety 2018,403-2,Safeguarding health and safety,external_verification,no page pack: external_document_reference,False,0,False,True,True,True
v_new,Energean2023,phase6,14,0,GRI 403: Occupational Health and Safety 2018,403-3,Safeguarding health and safety,external_verification,no page pack: external_document_reference,False,0,False,True,True,True
v_new,Energean2023,phase6,15,0,GRI 403: Occupational Health and Safety 2018,403-4,Safeguarding health and safety,external_verification,no page pack: external_document_reference,False,0,False,True,True,True
v_new,Energean2023,phase6,16,0,GRI 403: Occupational Health and Safety 2018,403-5,Safeguarding health and safety,external_verification,no page pack: external_document_reference,False,0,False,True,True,True
v_new,Energean2023,phase6,17,0,GRI 403: Occupational Health and Safety 2018,403-6,Safeguarding health and safety,external_verification,no page pack: external_document_reference,False,0,False,True,True,True
v_new,Energean2023,phase6,18,0,GRI 403: Occupational Health and Safety 2018,403-7,Safeguarding health and safety,external_verification,no page pack: external_document_reference,False,0,False,True,True,True
v_new,Energean2023,phase6,19,0,GRI 403: Occupational Health and Safety 2018,403-8,Safeguarding health and safety,external_verification,no page pack: external_document_reference,False,0,False,True,True,True
v_new,Energean2023,phase6,20,0,GRI 403: Occupational Health and Safety 2018,403-9,Safeguarding health and safety,external_verification,no page pack: external_document_reference,False,0,False,True,True,True
v_new,Energean2023,phase6,21,0,GRI 403: Occupational Health and Safety 2018,403-10,Safeguarding health and safety,external_verification,no page pack: external_document_reference,False,0,False,True,True,True
v_new,Energean2023,phase6,22,0,GRI 416: Customer Health and Safety 2016,416-1,Safeguarding health and safety,external_verification,no page pack: external_document_reference,False,0,False,True,True,True
v_new,Energean2023,phase6,23,0,GRI 11: Oil and Gas Sector 2021,,Ensuring emergency preparedness,fail,GCI row has missing/blank disclosure_id — cannot judge,False,0,False,False,False,True
v_new,Energean2023,phase6,24,0,GRI 406: Non-discrimination 2016,406-1,Safeguarding human rights at work,external_verification,no page pack: external_document_reference,False,0,False,True,True,True
v_new,Energean2023,phase6,25,0,GRI 407: Freedom of Association and Collective Bargaining 2016,407-1,Safeguarding human rights at work,external_verification,no page pack: external_document_reference,False,0,False,True,True,True
v_new,Energean2023,phase6,26,0,GRI 408: Child Labour 2016,408-1,Safeguarding human rights at work,external_verification,no page pack: external_document_reference,False,0,False,True,True,True
v_new,Energean2023,phase6,27,0,GRI 409: Forced or Compulsory Labour 2016,409-1,Safeguarding human rights at work,external_verification,no page pack: external_document_reference,False,0,False,True,True,True
v_new,Energean2023,phase6,28,0,GRI 411: Rights of Indigenous Peoples 2016,411-1,Safeguarding human rights at work,external_verification,no page pack: external_document_reference,False,0,False,True,True,True
v_new,Energean2023,phase6,29,0,GRI 202: Market Presence 2016,202-1,Focusing on employment practices,external_verification,no page pack: external_document_reference,False,0,False,True,True,True
v_new,Energean2023,phase6,30,0,GRI 202: Market Presence 2016,202-2,Focusing on employment practices,external_verification,no page pack: external_document_reference,False,0,False,True,True,True
v_new,Energean2023,phase6,31,0,GRI 401: Employment 2016,401-1,Focusing on employment practices,external_verification,no page pack: external_document_reference,False,0,False,True,True,True
v_new,Energean2023,phase6,32,0,GRI 401: Employment 2016,401-2,Focusing on employment practices,external_verification,no page pack: external_document_reference,False,0,False,True,True,True
v_new,Energean2023,phase6,33,0,GRI 401: Employment 2016,401-3,Focusing on employment practices,external_verification,no page pack: external_document_reference,False,0,False,True,True,True
v_new,Energean2023,phase6,34,0,GRI 402: Labour/Management Relations 2016,402-1,Focusing on employment practices,external_verification,no page pack: external_document_reference,False,0,False,True,True,True
v_new,Energean2023,phase6,35,0,GRI 404: Training and Education 2016,404-1,Focusing on employment practices,external_verification,no page pack: external_document_reference,False,0,False,True,True,True
v_new,Energean2023,phase6,36,0,GRI 404: Training and Education 2016,404-2,Focusing on employment practices,external_verification,no page pack: external_document_reference,False,0,False,True,True,True
v_new,Energean2023,phase6,37,0,GRI 404: Training and Education 2016,404-3,Focusing on employment practices,external_verification,no page pack: external_document_reference,False,0,False,True,True,True
v_new,Energean2023,phase6,38,0,GRI 410: Security Practices 2016,410-1,Focusing on employment practices,omitted,no page pack: omitted,False,0,True,False,True,True
v_new,Energean2023,phase6,39,0,GRI 414: Supplier Social Assessment 2016,414-1,Focusing on employment practices,external_verification,no page pack: external_document_reference,False,0,False,True,True,True
v_new,Energean2023,phase6,40,0,GRI 414: Supplier Social Assessment 2016,414-2,Focusing on employment practices,omitted,no page pack: omitted,False,0,True,False,True,True
v_new,Energean2023,phase6,41,0,GRI 201: Economic Performance 2016,201-1,Generating economic value,external_verification,no page pack: external_document_reference,False,0,False,True,True,True
v_new,Energean2023,phase6,42,0,GRI 201: Economic Performance 2016,201-2,Generating economic value,external_verification,no page pack: external_document_reference,False,0,False,True,True,True
v_new,Energean2023,phase6,43,0,GRI 201: Economic Performance 2016,201-3,Generating economic value,external_verification,no page pack: external_document_reference,False,0,False,True,True,True
v_new,Energean2023,phase6,44,0,GRI 201: Economic Performance 2016,201-4,Generating economic value,external_verification,no page pack: external_document_reference,False,0,False,True,True,True
v_new,Energean2023,phase6,45,0,GRI 203: Indirect Economic Impacts 2016,203-1,Generating economic value,omitted,no page pack: omitted,False,0,True,False,True,True
v_new,Energean2023,phase6,46,0,GRI 203: Indirect Economic Impacts 2016,203-2,Generating economic value,omitted,no page pack: omitted,False,0,True,False,True,True
v_new,Energean2023,phase6,47,0,GRI 204: Procurement Practices 2016,204-1,Generating economic value,external_verification,no page pack: external_document_reference,False,0,False,True,True,True
v_new,Energean2023,phase6,48,0,GRI 207: Tax 2019,207-1,Generating economic value,external_verification,no page pack: external_document_reference,False,0,False,True,True,True
v_new,Energean2023,phase6,49,0,GRI 207: Tax 2019,207-2,Generating economic value,external_verification,no page pack: external_document_reference,False,0,False,True,True,True
v_new,Energean2023,phase6,50,0,GRI 207: Tax 2019,207-3,Generating economic value,external_verification,no page pack: external_document_reference,False,0,False,True,True,True
v_new,Energean2023,phase6,51,0,GRI 207: Tax 2019,207-4,Generating economic value,external_verification,no page pack: external_document_reference,False,0,False,True,True,True
v_new,Energean2023,phase6,52,0,GRI 205: Anti-corruption 2016,205-1,Safeguarding business ethics and transparent relationships,external_verification,no page pack: external_document_reference,False,0,False,True,True,True
v_new,Energean2023,phase6,53,0,GRI 205: Anti-corruption 2016,205-2,Safeguarding business ethics and transparent relationships,external_verification,no page pack: external_document_reference,False,0,False,True,True,True
v_new,Energean2023,phase6,54,0,GRI 205: Anti-corruption 2016,205-3,Safeguarding business ethics and transparent relationships,external_verification,no page pack: external_document_reference,False,0,False,True,True,True
v_new,Energean2023,phase6,55,0,GRI 415: Public Policy 2016,415-1,Safeguarding business ethics and transparent relationships,external_verification,no page pack: external_document_reference,False,0,False,True,True,True
v_new,Energean2023,phase6,56,0,GRI 206: Anti-competitive Behavior 2016,206-1,Ensuring regulatory compliance,external_verification,no page pack: external_document_reference,False,0,False,True,True,True
v_new,Energean2023,phase6,57,0,GRI 418: Customer Privacy 2016,418-1,Ensuring data security,external_verification,no page pack: external_document_reference,False,0,False,True,True,True
v_new,Energean2023,phase6,58,0,GRI 302: Energy 2016,302-1,Reducing (non-renewable) energy consumption,external_verification,no page pack: external_document_reference,False,0,False,True,True,True
v_new,Energean2023,phase6,59,0,GRI 302: Energy 2016,302-2,Reducing (non-renewable) energy consumption,omitted,no page pack: omitted,False,0,True,False,True,True
v_new,Energean2023,phase6,60,0,GRI 302: Energy 2016,302-3,Reducing (non-renewable) energy consumption,external_verification,no page pack: external_document_reference,False,0,False,True,True,True
v_new,Energean2023,phase6,61,0,GRI 302: Energy 2016,302-4,Reducing (non-renewable) energy consumption,external_verification,no page pack: external_document_reference,False,0,False,True,True,True
v_new,Energean2023,phase6,62,0,GRI 303: Water and Effluents 2018,303-1,Increasing the implementation of water efficiency innovations,external_verification,no page pack: external_document_reference,False,0,False,True,True,True
v_new,Energean2023,phase6,63,0,GRI 303: Water and Effluents 2018,303-2,Increasing the implementation of water efficiency innovations,external_verification,no page pack: external_document_reference,False,0,False,True,True,True
v_new,Energean2023,phase6,64,0,GRI 303: Water and Effluents 2018,303-3,Increasing the implementation of water efficiency innovations,external_verification,no page pack: external_document_reference,False,0,False,True,True,True
v_new,Energean2023,phase6,65,0,GRI 303: Water and Effluents 2018,303-4,Increasing the implementation of water efficiency innovations,external_verification,no page pack: external_document_reference,False,0,False,True,True,True
v_new,Energean2023,phase6,66,0,GRI 303: Water and Effluents 2018,303-5,Increasing the implementation of water efficiency innovations,external_verification,no page pack: external_document_reference,False,0,False,True,True,True
v_new,Energean2023,phase6,67,0,GRI 306: Waste 2020,306-1,Minimising waste and increasing the implementation of circular economy practices,external_verification,no page pack: external_document_reference,False,0,False,True,True,True
v_new,Energean2023,phase6,68,0,GRI 306: Waste 2020,306-2,Minimising waste and increasing the implementation of circular economy practices,external_verification,no page pack: external_document_reference,False,0,False,True,True,True
v_new,Energean2023,phase6,69,0,GRI 306: Waste 2020,306-3,Minimising waste and increasing the implementation of circular economy practices,external_verification,no page pack: external_document_reference,False,0,False,True,True,True
v_new,Energean2023,phase6,70,0,GRI 306: Waste 2020,306-4,Minimising waste and increasing the implementation of circular economy practices,external_verification,no page pack: external_document_reference,False,0,False,True,True,True
v_new,Energean2023,phase6,71,0,GRI 306: Waste 2020,306-5,Minimising waste and increasing the implementation of circular economy practices,external_verification,no page pack: external_document_reference,False,0,False,True,True,True
v_new,Energean2023,phase6,72,0,GRI 405: Diversity and Equal Opportunity 2016,405-1,Fostering diversity and inclusion,external_verification,no page pack: external_document_reference,False,0,False,True,True,True
v_new,Energean2023,phase6,73,0,GRI 405: Diversity and Equal Opportunity 2016,405-2,Fostering diversity and inclusion,external_verification,no page pack: external_document_reference,False,0,False,True,True,True
v_new,Energean2023,phase6,74,0,GRI 413: Local Communities 2016,413-1,Building and maintaining community relations,external_verification,no page pack: external_document_reference,False,0,False,True,True,True
v_new,Energean2023,phase6,75,0,GRI 413: Local Communities 2016,413-2,Building and maintaining community relations,omitted,no page pack: omitted,False,0,True,False,True,True
v_new,Energean2023,phase6,76,0,GRI 11: Oil and Gas Sector 2021,,Building and maintaining community relations,fail,GCI row has missing/blank disclosure_id — cannot judge,False,0,False,False,False,True
v_new,Energean2024,phase3,0,0,GRI 2,2-1,,partial,,False,4,False,False,False,False
v_new,Energean2024,phase3,1,0,GRI 2,2-2,,external_verification,no page pack: external_document_reference,False,0,False,True,True,True
v_new,Energean2024,phase3,2,0,GRI 2,2-3,,partial,,False,4,False,False,False,False
v_new,Energean2024,phase3,3,0,GRI 2,2-4,,no_evidence,,False,2,False,False,False,False
v_new,Energean2024,phase3,4,0,GRI 2,2-5,,partial,,False,4,False,False,False,False
v_new,Energean2024,phase3,5,0,GRI 2,2-6,,partial,,False,6,False,False,False,False
v_new,Energean2024,phase3,6,0,GRI 2,2-7,,partial,,False,10,False,False,False,False
v_new,Energean2024,phase3,7,0,GRI 2,2-8,,pass,,False,5,False,False,False,False
v_new,Energean2024,phase3,8,0,GRI 2,2-9,,external_verification,no page pack: external_document_reference,False,0,False,True,True,True
v_new,Energean2024,phase3,9,0,GRI 2,2-10,,external_verification,no page pack: external_document_reference,False,0,False,True,True,True
v_new,Energean2024,phase3,10,0,GRI 2,2-11,,no_evidence,,False,2,False,False,False,False
v_new,Energean2024,phase3,11,0,GRI 2,2-12,,external_verification,no page pack: external_document_reference,False,0,False,True,True,True
v_new,Energean2024,phase3,12,0,GRI 2,2-13,,no_evidence,,False,3,False,False,False,False
v_new,Energean2024,phase3,13,0,GRI 2,2-14,,partial,,False,2,False,False,False,False
v_new,Energean2024,phase3,14,0,GRI 2,2-15,,no_evidence,,False,5,False,False,False,False
v_new,Energean2024,phase3,15,0,GRI 2,2-16,,no_evidence,,False,2,False,False,False,False
v_new,Energean2024,phase3,16,0,GRI 2,2-17,,no_evidence,,False,1,False,False,False,False
v_new,Energean2024,phase3,17,0,GRI 2,2-18,,no_evidence,,False,3,False,False,False,False
v_new,Energean2024,phase3,18,0,GRI 2,2-19,,partial,,False,6,False,False,False,False
v_new,Energean2024,phase3,19,0,GRI 2,2-20,,partial,,False,4,False,False,False,False
v_new,Energean2024,phase3,20,0,GRI 2,2-21,,partial,,False,3,False,False,False,False
v_new,Energean2024,phase3,21,0,GRI 2,2-22,,pass,,False,1,False,False,False,False
v_new,Energean2024,phase3,22,0,GRI 2,2-23,,partial,,False,10,False,False,False,False
v_new,Energean2024,phase3,23,0,GRI 2,2-24,,no_evidence,,False,4,False,False,False,False
v_new,Energean2024,phase3,24,0,GRI 2,2-25,,no_evidence,,False,5,False,False,False,False
v_new,Energean2024,phase3,25,0,GRI 2,2-26,,partial,,False,2,False,False,False,False
v_new,Energean2024,phase3,26,0,GRI 2,2-27,,partial,,False,6,False,False,False,False
v_new,Energean2024,phase3,27,0,GRI 2,2-28,,pass,,False,1,False,False,False,False
v_new,Energean2024,phase3,28,0,GRI 2,2-29,,partial,,False,3,False,False,False,False
v_new,Energean2024,phase3,29,0,GRI 2,2-30,,pass,,False,2,False,False,False,False
v_new,Energean2024,phase5,0,0,GRI 3,3-1,,partial,,False,3,False,False,False,False
v_new,Energean2024,phase5,1,0,GRI 3,3-2,,partial,,False,2,False,False,False,False
v_new,Energean2024,phase5,2,0,GRI 3,3-3,Affected communities,partial,,False,11,False,False,False,False
v_new,Energean2024,phase5,3,0,GRI 3,3-3,Business conduct,partial,,False,11,False,False,False,False
v_new,Energean2024,phase5,4,0,GRI 3,3-3,Circular economy,partial,,False,11,False,False,False,False
v_new,Energean2024,phase5,5,0,GRI 3,3-3,Climate Change,partial,,False,11,False,False,False,False
v_new,Energean2024,phase5,6,0,GRI 3,3-3,Ensuring data security,fail,no page pack: missing_disclosure,False,0,False,False,True,True
v_new,Energean2024,phase5,7,0,GRI 3,3-3,Generating economic value,fail,no page pack: missing_disclosure,False,0,False,False,True,True
v_new,Energean2024,phase5,8,0,GRI 3,3-3,Growing the share of natural gas in the product portfolio,fail,no page pack: missing_disclosure,False,0,False,False,True,True
v_new,Energean2024,phase5,9,0,GRI 3,3-3,Own workforce,partial,,False,11,False,False,False,False
v_new,Energean2024,phase5,10,0,GRI 3,3-3,Pollution,partial,,False,11,False,False,False,False
v_new,Energean2024,phase5,11,0,GRI 3,3-3,Reducing (non-renewable) energy consumption,fail,no page pack: missing_disclosure,False,0,False,False,True,True
v_new,Energean2024,phase5,12,0,GRI 3,3-3,Water and marine resources,partial,,False,11,False,False,False,False
v_new,Energean2024,phase6,0,0,GRI 305: Emissions 2016,305-6,Climate Change,omitted,no page pack: omitted,False,0,True,False,True,True
v_new,Energean2024,phase6,1,0,GRI 410: Security Practices 2016,410-1,Own workforce,omitted,no page pack: omitted,False,0,True,False,True,True
v_new,Energean2024,phase6,2,0,GRI 11: Oil and Gas Sector,,Own workforce,fail,GCI row has missing/blank disclosure_id — cannot judge,False,0,False,False,False,True
v_new,Energean2024,phase6,3,0,GRI 413: Local Communities 2016,413-2,Affected communities,omitted,no page pack: omitted,False,0,True,False,True,True
v_new,Energean2024,phase6,4,0,GRI 11: Oil and Gas Sector,,Affected communities,fail,GCI row has missing/blank disclosure_id — cannot judge,False,0,False,False,False,True
v_new,Energean2024,phase6,5,0,GRI 414: Supplier Social Assessment 2016,414-2,Business conduct,omitted,no page pack: omitted,False,0,True,False,True,True
v_new,Energean2024,phase6,6,0,Internal KPI,,Growing the share of natural gas in the product portfolio,fail,GCI row has missing/blank disclosure_id — cannot judge,False,0,False,False,False,True
v_new,Energean2024,phase6,7,0,GRI 201: Economic Performance 2016,201-2,Generating economic value,external_verification,no page pack: external_document_reference,False,0,False,True,True,True
v_new,Energean2024,phase6,8,0,GRI 203: Indirect Economic Impacts 2016,203-1,Generating economic value,omitted,no page pack: omitted,False,0,True,False,True,True
v_new,Energean2024,phase6,9,0,GRI 203: Indirect Economic Impacts 2016,203-2,Generating economic value,omitted,no page pack: omitted,False,0,True,False,True,True
v_new,Energean2024,phase6,10,0,GRI 207: Tax 2019,207-1,Generating economic value,external_verification,no page pack: external_document_reference,False,0,False,True,True,True
v_new,Energean2024,phase6,11,0,GRI 207: Tax 2019,207-2,Generating economic value,external_verification,no page pack: external_document_reference,False,0,False,True,True,True
v_new,Energean2024,phase6,12,0,GRI 207: Tax 2019,207-3,Generating economic value,external_verification,no page pack: external_document_reference,False,0,False,True,True,True
v_new,Energean2024,phase6,13,0,GRI 207: Tax 2019,207-4,Generating economic value,external_verification,no page pack: external_document_reference,False,0,False,True,True,True
v_new,Energean2024,phase6,14,0,GRI 302: Energy 2016,302-2,Reducing (non-renewable) energy consumption,omitted,no page pack: omitted,False,0,True,False,True,True
v_new,Energean2024,phase6,15,0,GRI 304: Biodiversity 2016,304-1,Climate Change,partial,,False,7,False,False,False,False
v_new,Energean2024,phase6,16,0,GRI 305: Emissions 2016,305-1,Climate Change,partial,,False,9,False,False,False,False
v_new,Energean2024,phase6,17,0,GRI 305: Emissions 2016,305-2,Climate Change,partial,,False,9,False,False,False,False
v_new,Energean2024,phase6,18,0,GRI 305: Emissions 2016,305-3,Climate Change,partial,,False,9,False,False,False,False
v_new,Energean2024,phase6,19,0,GRI 305: Emissions 2016,305-4,Climate Change,partial,,False,4,False,False,False,False
v_new,Energean2024,phase6,20,0,GRI 305: Emissions 2016,305-5,Climate Change,partial,,False,5,False,False,False,False
v_new,Energean2024,phase6,21,0,GRI 304: Biodiversity 2016,304-2,Climate Change,partial,,False,10,False,False,False,False
v_new,Energean2024,phase6,22,0,GRI 304: Biodiversity 2016,304-3,Climate Change,partial,,False,4,False,False,False,False
v_new,Energean2024,phase6,23,0,GRI 304: Biodiversity 2016,304-4,Climate Change,pass,,False,5,False,False,False,False
v_new,Energean2024,phase6,24,0,GRI 305: Emissions 2016,305-7,Pollution,partial,,False,7,False,False,False,False
v_new,Energean2024,phase6,25,0,GRI 303: Water and Effluents 2018,303-1,Water and marine resources,partial,,False,4,False,False,False,False
v_new,Energean2024,phase6,26,0,GRI 303: Water and Effluents 2018,303-2,Water and marine resources,no_evidence,,False,4,False,False,False,False
v_new,Energean2024,phase6,27,0,GRI 303: Water and Effluents 2018,303-3,Water and marine resources,partial,,False,13,False,False,False,False
v_new,Energean2024,phase6,28,0,GRI 303: Water and Effluents 2018,303-4,Water and marine resources,no_evidence,,False,12,False,False,False,False
v_new,Energean2024,phase6,29,0,GRI 303: Water and Effluents 2018,303-5,Water and marine resources,partial,,False,4,False,False,False,False
v_new,Energean2024,phase6,30,0,GRI 306: Waste 2020,306-1,Circular economy,partial,,False,6,False,False,False,False
v_new,Energean2024,phase6,31,0,GRI 306: Waste 2020,306-2,Circular economy,partial,,False,24,False,False,False,False
v_new,Energean2024,phase6,32,0,GRI 306: Waste 2020,306-3,Circular economy,no_evidence,,False,7,False,False,False,False
v_new,Energean2024,phase6,33,0,GRI 306: Waste 2020,306-4,Circular economy,partial,,False,16,False,False,False,False
v_new,Energean2024,phase6,34,0,GRI 306: Waste 2020,306-5,Circular economy,partial,,False,15,False,False,False,False
v_new,Energean2024,phase6,35,0,GRI 202: Market Presence 2016,202-1,Own workforce,no_evidence,,False,4,False,False,False,False
v_new,Energean2024,phase6,36,0,GRI 401: Employment 2016,401-1,Own workforce,no_evidence,,False,2,False,False,False,False
v_new,Energean2024,phase6,37,0,GRI 401: Employment 2016,401-2,Own workforce,partial,,False,8,False,False,False,False
v_new,Energean2024,phase6,38,0,GRI 401: Employment 2016,401-3,Own workforce,no_evidence,,False,5,False,False,False,False
v_new,Energean2024,phase6,39,0,GRI 402: Labour/Management Relations 2016,402-1,Own workforce,no_evidence,,False,2,False,False,False,False
v_new,Energean2024,phase6,40,0,GRI 403: Occupational Health and Safety 2018,403-1,Own workforce,partial,,False,3,False,False,False,False
v_new,Energean2024,phase6,41,0,GRI 403: Occupational Health and Safety 2018,403-2,Own workforce,partial,,False,5,False,False,False,False
v_new,Energean2024,phase6,42,0,GRI 403: Occupational Health and Safety 2018,403-3,Own workforce,pass,,False,1,False,False,False,False
v_new,Energean2024,phase6,43,0,GRI 403: Occupational Health and Safety 2018,403-4,Own workforce,partial,,False,2,False,False,False,False
v_new,Energean2024,phase6,44,0,GRI 403: Occupational Health and Safety 2018,403-5,Own workforce,pass,,False,1,False,False,False,False
v_new,Energean2024,phase6,45,0,GRI 403: Occupational Health and Safety 2018,403-6,Own workforce,no_evidence,,False,2,False,False,False,False
v_new,Energean2024,phase6,46,0,GRI 403: Occupational Health and Safety 2018,403-7,Own workforce,pass,,False,1,False,False,False,False
v_new,Energean2024,phase6,47,0,GRI 403: Occupational Health and Safety 2018,403-8,Own workforce,no_evidence,,False,4,False,False,False,False
v_new,Energean2024,phase6,48,0,GRI 403: Occupational Health and Safety 2018,403-9,Own workforce,partial,,False,16,False,False,False,False
v_new,Energean2024,phase6,49,0,GRI 403: Occupational Health and Safety 2018,403-10,Own workforce,partial,,False,10,False,False,False,False
v_new,Energean2024,phase6,50,0,GRI 404: Training and Education 2016,404-1,Own workforce,no_evidence,,False,2,False,False,False,False
v_new,Energean2024,phase6,51,0,GRI 404: Training and Education 2016,404-2,Own workforce,no_evidence,,False,2,False,False,False,False
v_new,Energean2024,phase6,52,0,GRI 404: Training and Education 2016,404-3,Own workforce,no_evidence,,False,1,False,False,False,False
v_new,Energean2024,phase6,53,0,GRI 405: Diversity and Equal Opportunity 2016,405-1,Own workforce,no_evidence,,False,6,False,False,False,False
v_new,Energean2024,phase6,54,0,GRI 405: Diversity and Equal Opportunity 2016,405-2,Own workforce,no_evidence,,False,2,False,False,False,False
v_new,Energean2024,phase6,55,0,GRI 406: Non-discrimination 2016,406-1,Own workforce,no_evidence,,False,5,False,False,False,False
v_new,Energean2024,phase6,56,0,GRI 407: Freedom of Association and Collective Bargaining 2016,407-1,Own workforce,partial,,False,3,False,False,False,False
v_new,Energean2024,phase6,57,0,GRI 408: Child Labour 2016,408-1,Own workforce,partial,,False,5,False,False,False,False
v_new,Energean2024,phase6,58,0,GRI 409: Forced or Compulsory Labour 2016,409-1,Own workforce,partial,,False,3,False,False,False,False
v_new,Energean2024,phase6,59,0,GRI 204: Procurement Practices 2016,204-1,Affected communities,partial,,False,3,False,False,False,False
v_new,Energean2024,phase6,60,0,GRI 202: Market Presence 2016,202-2,Affected communities,no_evidence,,False,4,False,False,False,False
v_new,Energean2024,phase6,61,0,GRI 411: Rights of Indigenous Peoples 2016,411-1,Affected communities,partial,,False,5,False,False,False,False
v_new,Energean2024,phase6,62,0,GRI 413: Local Communities 2016,413-1,Affected communities,no_evidence,,False,8,False,False,False,False
v_new,Energean2024,phase6,63,0,GRI 205: Anti-corruption 2016,205-1,Business conduct,no_evidence,,False,2,False,False,False,False
v_new,Energean2024,phase6,64,0,GRI 205: Anti-corruption 2016,205-2,Business conduct,no_evidence,,False,5,False,False,False,False
v_new,Energean2024,phase6,65,0,GRI 205: Anti-corruption 2016,205-3,Business conduct,no_evidence,,False,4,False,False,False,False
v_new,Energean2024,phase6,66,0,GRI 206: Anti-competitive Behavior 2016,206-1,Business conduct,no_evidence,,False,2,False,False,False,False
v_new,Energean2024,phase6,67,0,GRI 414: Supplier Social Assessment 2016,414-1,Business conduct,no_evidence,,False,1,False,False,False,False
v_new,Energean2024,phase6,68,0,GRI 415: Public Policy 2016,415-1,Business conduct,no_evidence,,False,2,False,False,False,False
v_new,Energean2024,phase6,69,0,GRI 201: Economic Performance 2016,201-1,Generating economic value,no_evidence,,False,4,False,False,False,False
v_new,Energean2024,phase6,70,0,GRI 201: Economic Performance 2016,201-3,Generating economic value,partial,,False,7,False,False,False,False
v_new,Energean2024,phase6,71,0,GRI 201: Economic Performance 2016,201-4,Generating economic value,no_evidence,,False,10,False,False,False,False
v_new,Energean2024,phase6,72,0,GRI 418: Customer Privacy 2016,418-1,Ensuring data security,partial,,False,4,False,False,False,False
v_new,Energean2024,phase6,73,0,GRI 302: Energy 2016,302-1,Reducing (non-renewable) energy consumption,partial,,False,13,False,False,False,False
v_new,Energean2024,phase6,74,0,GRI 302: Energy 2016,302-3,Reducing (non-renewable) energy consumption,no_evidence,,False,4,False,False,False,False
v_new,Energean2024,phase6,75,0,GRI 302: Energy 2016,302-4,Reducing (non-renewable) energy consumption,no_evidence,,False,4,False,False,False,False
v_new,HPCL2023,phase3,0,0,GRI 2,2-1,,partial,,False,4,False,False,False,False
v_new,HPCL2023,phase3,1,0,GRI 2,2-2,,partial,,False,5,False,False,False,False
v_new,HPCL2023,phase3,2,0,GRI 2,2-3,,partial,,False,4,False,False,False,False
v_new,HPCL2023,phase3,3,0,GRI 2,2-4,,no_evidence,,False,2,False,False,False,False
v_new,HPCL2023,phase3,4,0,GRI 2,2-5,,partial,,False,4,False,False,False,False
v_new,HPCL2023,phase3,5,0,GRI 2,2-6,,partial,,False,6,False,False,False,False
v_new,HPCL2023,phase3,6,0,GRI 2,2-7,,partial,,False,10,False,False,False,False
v_new,HPCL2023,phase3,7,0,GRI 2,2-8,,partial,,False,5,False,False,False,False
v_new,HPCL2023,phase3,8,0,GRI 2,2-9,,partial,,False,10,False,False,False,False
v_new,HPCL2023,phase3,9,0,GRI 2,2-10,,partial,,False,5,False,False,False,False
v_new,HPCL2023,phase3,10,0,GRI 2,2-11,,no_evidence,,False,2,False,False,False,False
v_new,HPCL2023,phase3,11,0,GRI 2,2-12,,partial,,False,4,False,False,False,False
v_new,HPCL2023,phase3,12,0,GRI 2,2-13,,no_evidence,,False,3,False,False,False,False
v_new,HPCL2023,phase3,13,0,GRI 2,2-14,,pass,,False,2,False,False,False,False
v_new,HPCL2023,phase3,14,0,GRI 2,2-15,,no_evidence,,False,5,False,False,False,False
v_new,HPCL2023,phase3,15,0,GRI 2,2-16,,no_evidence,,False,2,False,False,False,False
v_new,HPCL2023,phase3,16,0,GRI 2,2-17,,no_evidence,,False,1,False,False,False,False
v_new,HPCL2023,phase3,17,0,GRI 2,2-18,,partial,,False,3,False,False,False,False
v_new,HPCL2023,phase3,18,0,GRI 2,2-19,,partial,,False,6,False,False,False,False
v_new,HPCL2023,phase3,19,0,GRI 2,2-20,,partial,,False,4,False,False,False,False
v_new,HPCL2023,phase3,20,0,GRI 2,2-21,,partial,,False,3,False,False,False,False
v_new,HPCL2023,phase3,21,0,GRI 2,2-22,,no_evidence,,False,1,False,False,False,False
v_new,HPCL2023,phase3,22,0,GRI 2,2-23,,partial,,False,10,False,False,False,False
v_new,HPCL2023,phase3,23,0,GRI 2,2-24,,partial,,False,4,False,False,False,False
v_new,HPCL2023,phase3,24,0,GRI 2,2-25,,partial,,False,5,False,False,False,False
v_new,HPCL2023,phase3,25,0,GRI 2,2-26,,partial,,False,2,False,False,False,False
v_new,HPCL2023,phase3,26,0,GRI 2,2-27,,no_evidence,,False,6,False,False,False,False
v_new,HPCL2023,phase3,27,0,GRI 2,2-28,,pass,,False,1,False,False,False,False
v_new,HPCL2023,phase3,28,0,GRI 2,2-29,,partial,,False,3,False,False,False,False
v_new,HPCL2023,phase3,29,0,GRI 2,2-30,,no_evidence,,False,2,False,False,False,False
v_new,HPCL2023,phase5,0,0,GRI 3,3-1,,partial,,False,3,False,False,False,False
v_new,HPCL2023,phase5,1,0,GRI 3,3-2,,no_evidence,no page pack: page_list_no_matching_chunks; system limitation - human review required,True,0,False,False,True,True
v_new,HPCL2023,phase5,2,0,GRI 3,3-3,Air Quality (GRI OGSS Topic: Air Emissions),partial,,False,11,False,False,False,False
v_new,HPCL2023,phase5,3,0,GRI 3,3-3,Biodiversity (GRI OGSS Topic: Biodiversity),partial,,False,11,False,False,False,False
v_new,HPCL2023,phase5,4,0,GRI 3,3-3,"Business Ethics, Transparency & Regulatory Compliance (GRI OGSS Topic: Anti-competitive Behaviour)",partial,,False,11,False,False,False,False
v_new,HPCL2023,phase5,5,0,GRI 3,3-3,"Business Ethics, Transparency & Regulatory Compliance (GRI OGSS Topic: Anti-corruption)",partial,,False,11,False,False,False,False
v_new,HPCL2023,phase5,6,0,GRI 3,3-3,"Business Ethics, Transparency & Regulatory Compliance (GRI OGSS Topic: Economic Impacts)",no_evidence,,False,11,False,False,False,False
v_new,HPCL2023,phase5,7,0,GRI 3,3-3,"Business Ethics, Transparency & Regulatory Compliance (GRI OGSS Topic: Payments to Governments)",partial,,False,11,False,False,False,False
v_new,HPCL2023,phase5,8,0,GRI 3,3-3,"Business Ethics, Transparency & Regulatory Compliance (GRI OGSS Topic: Public Policy)",partial,,False,11,False,False,False,False
v_new,HPCL2023,phase5,9,0,GRI 3,3-3,"Business Ethics, Transparency & Regulatory Compliance (GRI: Market Presence 2016)",partial,,False,11,False,False,False,False
v_new,HPCL2023,phase5,10,0,GRI 3,3-3,Customer Satisfaction (Additional Disclosure),partial,,False,11,False,False,False,False
v_new,HPCL2023,phase5,11,0,GRI 3,3-3,Diversity & Inclusion (GRI OGSS Topic: Local Communities),partial,,False,11,False,False,False,False
v_new,HPCL2023,phase5,12,0,GRI 3,3-3,Energy Efficiency (GRI OGSS Topic : GHG Emissions),partial,,False,11,False,False,False,False
v_new,HPCL2023,phase5,13,0,GRI 3,3-3,"GHG Emissions (GRI OGSS Topic : GHG Emissions; Climate Adaptation, Resilience, and Transition)",no_evidence,no page pack: page_list_no_matching_chunks; system limitation - human review required,True,0,False,False,True,True
v_new,HPCL2023,phase5,14,0,GRI 3,3-3,Human Rights (GRI OGSS Topic: Conflict and Security),no_evidence,,False,11,False,False,False,False
v_new,HPCL2023,phase5,15,0,GRI 3,3-3,Human Rights (GRI OGSS Topic: Economic Impacts),no_evidence,,False,11,False,False,False,False
v_new,HPCL2023,phase5,16,0,GRI 3,3-3,Human Rights (GRI OGSS Topic: Forced Labour and Modern Slavery),partial,,False,11,False,False,False,False
v_new,HPCL2023,phase5,17,0,GRI 3,3-3,Human Rights (GRI OGSS Topic: Freedom of Association and Collective Bargaining),partial,,False,11,False,False,False,False
v_new,HPCL2023,phase5,18,0,GRI 3,3-3,Human Rights (GRI OGSS Topic: Non-discrimination and Equal Opportunity),no_evidence,,False,11,False,False,False,False
v_new,HPCL2023,phase5,19,1,GRI 3,3-3,Human Rights (GRI OGSS Topic: Non-discrimination and Equal Opportunity),no_evidence,,False,11,False,False,False,False
v_new,HPCL2023,phase5,20,0,GRI 3,3-3,Human Rights (GRI OGSS Topic: Rights of Indigenous People),fail,no page pack: missing_disclosure,False,0,False,False,True,True
v_new,HPCL2023,phase5,21,0,GRI 3,3-3,Manpower Management (GRI OGSS Topic: Economic Impacts),partial,,False,11,False,False,False,False
v_new,HPCL2023,phase5,22,0,GRI 3,3-3,Manpower Management (GRI OGSS Topic: Employment Practices),partial,,False,11,False,False,False,False
v_new,HPCL2023,phase5,23,0,GRI 3,3-3,Manpower Management (GRI: Labour/Management Relations 2016),partial,,False,11,False,False,False,False
v_new,HPCL2023,phase5,24,0,GRI 3,3-3,Manpower Management (GRI: Supplier Social Assessment 2016),partial,,False,11,False,False,False,False
v_new,HPCL2023,phase5,25,0,GRI 3,3-3,Manpower Management (GRI: Training and Education 2016),partial,,False,11,False,False,False,False
v_new,HPCL2023,phase5,26,0,GRI 3,3-3,Occupational health and safety (GRI OGSS Topic: Occupational Health and Safety),partial,,False,11,False,False,False,False
v_new,HPCL2023,phase5,27,0,GRI 3,3-3,Product Safety and Quality (GRI: Customer Health and Safety 2016),partial,,False,11,False,False,False,False
v_new,HPCL2023,phase5,28,0,GRI 3,3-3,Product Safety and Quality (GRI: Customer Privacy 2016),partial,,False,11,False,False,False,False
v_new,HPCL2023,phase5,29,0,GRI 3,3-3,Product Safety and Quality (GRI: Marketing and Labelling 2016),partial,,False,11,False,False,False,False
v_new,HPCL2023,phase5,30,0,GRI 3,3-3,Research & Development (Additional Disclosure),partial,,False,11,False,False,False,False
v_new,HPCL2023,phase5,31,0,GRI 3,3-3,Safety and security of critical assets (GRI OGSS Topic: Asset Integrity and Critical Incident Management),partial,,False,11,False,False,False,False
v_new,HPCL2023,phase5,32,0,GRI 3,3-3,Supplier Environmental Assessment (GRI: Supplier Environmental Assessment 2016),no_evidence,,False,11,False,False,False,False
v_new,HPCL2023,phase5,33,0,GRI 3,3-3,Transport Safety (Additional Disclosure),partial,,False,11,False,False,False,False
v_new,HPCL2023,phase5,34,0,GRI 3,3-3,Waste (GRI: Waste 2020),partial,,False,11,False,False,False,False
v_new,HPCL2023,phase5,35,0,GRI 3,3-3,Water and Wastewater Management (GRI OGSS Topic: Water and Effluents),partial,,False,11,False,False,False,False
v_new,HPCL2023,phase6,0,0,GRI 305: Emissions 2016,305-6,"GHG Emissions (GRI OGSS Topic : GHG Emissions; Climate Adaptation, Resilience, and Transition)",omitted,no page pack: omitted,False,0,True,False,True,True
v_new,HPCL2023,phase6,1,0,GRI 302: Energy 2016,302-5,Energy Efficiency (GRI OGSS Topic : GHG Emissions),omitted,no page pack: omitted,False,0,True,False,True,True
v_new,HPCL2023,phase6,2,0,GRI 306: Waste 2020,306-3,Waste (GRI: Waste 2020),no_evidence,no page pack: page_list_no_matching_chunks; system limitation — human review required,True,0,False,False,True,True
v_new,HPCL2023,phase6,3,0,GRI 306: Waste 2020,306-4,Waste (GRI: Waste 2020),no_evidence,no page pack: page_list_no_matching_chunks; system limitation — human review required,True,0,False,False,True,True
v_new,HPCL2023,phase6,4,0,GRI 306: Waste 2020,306-5,Waste (GRI: Waste 2020),no_evidence,no page pack: page_list_no_matching_chunks; system limitation — human review required,True,0,False,False,True,True
v_new,HPCL2023,phase6,5,0,GRI 403: Occupational Health and Safety 2018,403-3,Occupational health and safety (GRI OGSS Topic: Occupational Health and Safety),no_evidence,no page pack: page_list_no_matching_chunks; system limitation — human review required,True,0,False,False,True,True
v_new,HPCL2023,phase6,6,0,GRI 403: Occupational Health and Safety 2018,403-6,Occupational health and safety (GRI OGSS Topic: Occupational Health and Safety),no_evidence,no page pack: page_list_no_matching_chunks; system limitation — human review required,True,0,False,False,True,True
v_new,HPCL2023,phase6,7,0,GRI 404: Training and Education 2016,404-2,Manpower Management (GRI: Training and Education 2016),no_evidence,no page pack: page_list_no_matching_chunks; system limitation — human review required,True,0,False,False,True,True
v_new,HPCL2023,phase6,8,0,GRI 3: Material Topics 2021,,Human Rights (GRI OGSS Topic: Rights of Indigenous People),fail,GCI row has missing/blank disclosure_id — cannot judge,False,0,False,False,False,True
v_new,HPCL2023,phase6,9,0,GRI 201: Economic Performance 2016,201-3,"Business Ethics, Transparency & Regulatory Compliance (GRI OGSS Topic: Economic Impacts)",omitted,no page pack: omitted,False,0,True,False,True,True
v_new,HPCL2023,phase6,10,0,GRI 207: Tax 2019,207-1,"Business Ethics, Transparency & Regulatory Compliance (GRI OGSS Topic: Payments to Governments)",omitted,no page pack: omitted,False,0,True,False,True,True
v_new,HPCL2023,phase6,11,0,GRI 207: Tax 2019,207-2,"Business Ethics, Transparency & Regulatory Compliance (GRI OGSS Topic: Payments to Governments)",omitted,no page pack: omitted,False,0,True,False,True,True
v_new,HPCL2023,phase6,12,0,GRI 207: Tax 2019,207-3,"Business Ethics, Transparency & Regulatory Compliance (GRI OGSS Topic: Payments to Governments)",omitted,no page pack: omitted,False,0,True,False,True,True
v_new,HPCL2023,phase6,13,0,GRI 207: Tax 2019,207-4,"Business Ethics, Transparency & Regulatory Compliance (GRI OGSS Topic: Payments to Governments)",omitted,no page pack: omitted,False,0,True,False,True,True
v_new,HPCL2023,phase6,14,0,GRI 305: Emissions 2016,305-1,"GHG Emissions (GRI OGSS Topic : GHG Emissions; Climate Adaptation, Resilience, and Transition)",partial,,False,9,False,False,False,False
v_new,HPCL2023,phase6,15,0,GRI 305: Emissions 2016,305-2,"GHG Emissions (GRI OGSS Topic : GHG Emissions; Climate Adaptation, Resilience, and Transition)",no_evidence,,False,9,False,False,False,False
v_new,HPCL2023,phase6,16,0,GRI 305: Emissions 2016,305-3,"GHG Emissions (GRI OGSS Topic : GHG Emissions; Climate Adaptation, Resilience, and Transition)",partial,,False,9,False,False,False,False
v_new,HPCL2023,phase6,17,0,GRI 305: Emissions 2016,305-4,"GHG Emissions (GRI OGSS Topic : GHG Emissions; Climate Adaptation, Resilience, and Transition)",partial,,False,4,False,False,False,False
v_new,HPCL2023,phase6,18,0,GRI 305: Emissions 2016,305-5,"GHG Emissions (GRI OGSS Topic : GHG Emissions; Climate Adaptation, Resilience, and Transition)",no_evidence,,False,5,False,False,False,False
v_new,HPCL2023,phase6,19,0,GRI 302: Energy 2016,302-1,Energy Efficiency (GRI OGSS Topic : GHG Emissions),partial,,False,13,False,False,False,False
v_new,HPCL2023,phase6,20,0,GRI 302: Energy 2016,302-2,Energy Efficiency (GRI OGSS Topic : GHG Emissions),pass,,False,3,False,False,False,False
v_new,HPCL2023,phase6,21,0,GRI 302: Energy 2016,302-3,Energy Efficiency (GRI OGSS Topic : GHG Emissions),partial,,False,4,False,False,False,False
v_new,HPCL2023,phase6,22,0,GRI 302: Energy 2016,302-4,Energy Efficiency (GRI OGSS Topic : GHG Emissions),partial,,False,4,False,False,False,False
v_new,HPCL2023,phase6,23,0,GRI 303: Water and Effluents 2018,303-1,Water and Wastewater Management (GRI OGSS Topic: Water and Effluents),partial,,False,4,False,False,False,False
v_new,HPCL2023,phase6,24,0,GRI 303: Water and Effluents 2018,303-2,Water and Wastewater Management (GRI OGSS Topic: Water and Effluents),partial,,False,4,False,False,False,False
v_new,HPCL2023,phase6,25,0,GRI 303: Water and Effluents 2018,303-3,Water and Wastewater Management (GRI OGSS Topic: Water and Effluents),partial,,False,13,False,False,False,False
v_new,HPCL2023,phase6,26,0,GRI 303: Water and Effluents 2018,303-4,Water and Wastewater Management (GRI OGSS Topic: Water and Effluents),no_evidence,,False,12,False,False,False,False
v_new,HPCL2023,phase6,27,0,GRI 303: Water and Effluents 2018,303-5,Water and Wastewater Management (GRI OGSS Topic: Water and Effluents),partial,,False,4,False,False,False,False
v_new,HPCL2023,phase6,28,0,GRI 416: Customer Health and Safety 2016,416-1,Product Safety and Quality (GRI: Customer Health and Safety 2016),no_evidence,,False,1,False,False,False,False
v_new,HPCL2023,phase6,29,0,GRI 416: Customer Health and Safety 2016,416-2,Product Safety and Quality (GRI: Customer Health and Safety 2016),partial,,False,4,False,False,False,False
v_new,HPCL2023,phase6,30,0,GRI 417: Marketing and Labelling 2016,417-1,Product Safety and Quality (GRI: Marketing and Labelling 2016),partial,,False,6,False,False,False,False
v_new,HPCL2023,phase6,31,0,GRI 417: Marketing and Labelling 2016,417-2,Product Safety and Quality (GRI: Marketing and Labelling 2016),partial,,False,4,False,False,False,False
v_new,HPCL2023,phase6,32,0,GRI 417: Marketing and Labelling 2016,417-3,Product Safety and Quality (GRI: Marketing and Labelling 2016),partial,,False,4,False,False,False,False
v_new,HPCL2023,phase6,33,0,GRI 418: Customer Privacy 2016,418-1,Product Safety and Quality (GRI: Customer Privacy 2016),no_evidence,,False,4,False,False,False,False
v_new,HPCL2023,phase6,34,0,GRI 308: Supplier Environmental Assessment 2016,308-1,Supplier Environmental Assessment (GRI: Supplier Environmental Assessment 2016),no_evidence,,False,1,False,False,False,False
v_new,HPCL2023,phase6,35,0,GRI 308: Supplier Environmental Assessment 2016,308-2,Supplier Environmental Assessment (GRI: Supplier Environmental Assessment 2016),no_evidence,,False,5,False,False,False,False
v_new,HPCL2023,phase6,36,0,GRI 305: Emissions 2016,305-7,Air Quality (GRI OGSS Topic: Air Emissions),no_evidence,,False,7,False,False,False,False
v_new,HPCL2023,phase6,37,0,GRI 416: Customer Health and Safety 2016,416-1,Air Quality (GRI OGSS Topic: Air Emissions),no_evidence,,False,1,False,False,False,False
v_new,HPCL2023,phase6,38,0,GRI 304: Biodiversity 2016,304-1,Biodiversity (GRI OGSS Topic: Biodiversity),no_evidence,,False,7,False,False,False,False
v_new,HPCL2023,phase6,39,0,GRI 304: Biodiversity 2016,304-2,Biodiversity (GRI OGSS Topic: Biodiversity),no_evidence,,False,10,False,False,False,False
v_new,HPCL2023,phase6,40,0,GRI 304: Biodiversity 2016,304-3,Biodiversity (GRI OGSS Topic: Biodiversity),partial,,False,4,False,False,False,False
v_new,HPCL2023,phase6,41,0,GRI 304: Biodiversity 2016,304-4,Biodiversity (GRI OGSS Topic: Biodiversity),no_evidence,,False,5,False,False,False,False
v_new,HPCL2023,phase6,42,0,GRI 306: Waste 2020,306-1,Waste (GRI: Waste 2020),no_evidence,,False,6,False,False,False,False
v_new,HPCL2023,phase6,43,0,GRI 306: Waste 2020,306-2,Waste (GRI: Waste 2020),partial,,False,24,False,False,False,False
v_new,HPCL2023,phase6,44,0,GRI 403: Occupational Health and Safety 2018,403-1,Occupational health and safety (GRI OGSS Topic: Occupational Health and Safety),no_evidence,,False,3,False,False,False,False
v_new,HPCL2023,phase6,45,0,GRI 403: Occupational Health and Safety 2018,403-2,Occupational health and safety (GRI OGSS Topic: Occupational Health and Safety),partial,,False,5,False,False,False,False
v_new,HPCL2023,phase6,46,0,GRI 403: Occupational Health and Safety 2018,403-4,Occupational health and safety (GRI OGSS Topic: Occupational Health and Safety),partial,,False,2,False,False,False,False
v_new,HPCL2023,phase6,47,0,GRI 403: Occupational Health and Safety 2018,403-5,Occupational health and safety (GRI OGSS Topic: Occupational Health and Safety),pass,,False,1,False,False,False,False
v_new,HPCL2023,phase6,48,0,GRI 403: Occupational Health and Safety 2018,403-7,Occupational health and safety (GRI OGSS Topic: Occupational Health and Safety),pass,,False,1,False,False,False,False
v_new,HPCL2023,phase6,49,0,GRI 403: Occupational Health and Safety 2018,403-8,Occupational health and safety (GRI OGSS Topic: Occupational Health and Safety),no_evidence,,False,4,False,False,False,False
v_new,HPCL2023,phase6,50,0,GRI 403: Occupational Health and Safety 2018,403-9,Occupational health and safety (GRI OGSS Topic: Occupational Health and Safety),partial,,False,16,False,False,False,False
v_new,HPCL2023,phase6,51,0,GRI 403: Occupational Health and Safety 2018,403-10,Occupational health and safety (GRI OGSS Topic: Occupational Health and Safety),partial,,False,10,False,False,False,False
v_new,HPCL2023,phase6,52,0,GRI 401: Employment 2016,401-1,Manpower Management (GRI OGSS Topic: Employment Practices),no_evidence,,False,2,False,False,False,False
v_new,HPCL2023,phase6,53,0,GRI 401: Employment 2016,401-2,Manpower Management (GRI OGSS Topic: Employment Practices),no_evidence,,False,8,False,False,False,False
v_new,HPCL2023,phase6,54,0,GRI 401: Employment 2016,401-3,Manpower Management (GRI OGSS Topic: Employment Practices),partial,,False,5,False,False,False,False
v_new,HPCL2023,phase6,55,0,GRI 204: Procurement Practices 2016,204-1,Manpower Management (GRI OGSS Topic: Economic Impacts),no_evidence,,False,3,False,False,False,False
v_new,HPCL2023,phase6,56,0,GRI 402: Labour/Management Relations 2016,402-1,Manpower Management (GRI: Labour/Management Relations 2016),partial,,False,2,False,False,False,False
v_new,HPCL2023,phase6,57,0,GRI 404: Training and Education 2016,404-1,Manpower Management (GRI: Training and Education 2016),pass,,False,2,False,False,False,False
v_new,HPCL2023,phase6,58,0,GRI 404: Training and Education 2016,404-3,Manpower Management (GRI: Training and Education 2016),partial,,False,1,False,False,False,False
v_new,HPCL2023,phase6,59,0,GRI 414: Supplier Social Assessment 2016,414-1,Manpower Management (GRI: Supplier Social Assessment 2016),no_evidence,,False,1,False,False,False,False
v_new,HPCL2023,phase6,60,0,GRI 414: Supplier Social Assessment 2016,414-2,Manpower Management (GRI: Supplier Social Assessment 2016),no_evidence,,False,5,False,False,False,False
v_new,HPCL2023,phase6,61,0,GRI 406: Non-discrimination 2016,406-1,Human Rights (GRI OGSS Topic: Non-discrimination and Equal Opportunity),no_evidence,,False,5,False,False,False,False
v_new,HPCL2023,phase6,62,0,GRI 405: Diversity and Equal Opportunity 2016,405-1,Human Rights (GRI OGSS Topic: Non-discrimination and Equal Opportunity),partial,,False,6,False,False,False,False
v_new,HPCL2023,phase6,63,0,GRI 405: Diversity and Equal Opportunity 2016,405-2,Human Rights (GRI OGSS Topic: Non-discrimination and Equal Opportunity),no_evidence,,False,2,False,False,False,False
v_new,HPCL2023,phase6,64,0,GRI 409: Forced or Compulsory Labour 2016,409-1,Human Rights (GRI OGSS Topic: Forced Labour and Modern Slavery),partial,,False,3,False,False,False,False
v_new,HPCL2023,phase6,65,0,GRI 407: Freedom of Association and Collective Bargaining 2016,407-1,Human Rights (GRI OGSS Topic: Freedom of Association and Collective Bargaining),partial,,False,3,False,False,False,False
v_new,HPCL2023,phase6,66,0,GRI 203: Indirect Economic Impacts 2016,203-1,Human Rights (GRI OGSS Topic: Economic Impacts),partial,,False,3,False,False,False,False
v_new,HPCL2023,phase6,67,0,GRI 203: Indirect Economic Impacts 2016,203-2,Human Rights (GRI OGSS Topic: Economic Impacts),no_evidence,,False,2,False,False,False,False
v_new,HPCL2023,phase6,68,0,GRI 411: Rights of Indigenous Peoples 2016,411-1,Human Rights (GRI OGSS Topic: Rights of Indigenous People),no_evidence,,False,5,False,False,False,False
v_new,HPCL2023,phase6,69,0,GRI 410: Security Practices 2016,410-1,Human Rights (GRI OGSS Topic: Conflict and Security),no_evidence,,False,2,False,False,False,False
v_new,HPCL2023,phase6,70,0,GRI 413: Local Communities 2016,413-1,Diversity & Inclusion (GRI OGSS Topic: Local Communities),no_evidence,,False,8,False,False,False,False
v_new,HPCL2023,phase6,71,0,GRI 413: Local Communities 2016,413-2,Diversity & Inclusion (GRI OGSS Topic: Local Communities),no_evidence,,False,2,False,False,False,False
v_new,HPCL2023,phase6,72,0,GRI 206: Anti-competitive Behaviour 2016,206-1,"Business Ethics, Transparency & Regulatory Compliance (GRI OGSS Topic: Anti-competitive Behaviour)",pass,,False,2,False,False,False,False
v_new,HPCL2023,phase6,73,0,GRI 205: Anticorruption 2016,205-1,"Business Ethics, Transparency & Regulatory Compliance (GRI OGSS Topic: Anti-corruption)",partial,,False,2,False,False,False,False
v_new,HPCL2023,phase6,74,0,GRI 205: Anticorruption 2016,205-2,"Business Ethics, Transparency & Regulatory Compliance (GRI OGSS Topic: Anti-corruption)",no_evidence,,False,5,False,False,False,False
v_new,HPCL2023,phase6,75,0,GRI 205: Anticorruption 2016,205-3,"Business Ethics, Transparency & Regulatory Compliance (GRI OGSS Topic: Anti-corruption)",partial,,False,4,False,False,False,False
v_new,HPCL2023,phase6,76,0,GRI 201: Economic Performance 2016,201-1,"Business Ethics, Transparency & Regulatory Compliance (GRI OGSS Topic: Economic Impacts)",no_evidence,,False,4,False,False,False,False
v_new,HPCL2023,phase6,77,0,GRI 201: Economic Performance 2016,201-2,"Business Ethics, Transparency & Regulatory Compliance (GRI OGSS Topic: Economic Impacts)",no_evidence,,False,5,False,False,False,False
v_new,HPCL2023,phase6,78,0,GRI 201: Economic Performance 2016,201-4,"Business Ethics, Transparency & Regulatory Compliance (GRI OGSS Topic: Economic Impacts)",no_evidence,,False,10,False,False,False,False
v_new,HPCL2023,phase6,79,0,GRI 415: Public Policy 2016,415-1,"Business Ethics, Transparency & Regulatory Compliance (GRI OGSS Topic: Public Policy)",pass,,False,2,False,False,False,False
v_new,HPCL2023,phase6,80,0,GRI 202: Market Presence 2016,202-2,"Business Ethics, Transparency & Regulatory Compliance (GRI: Market Presence 2016)",partial,,False,4,False,False,False,False
v_new,HPCL2023,phase6,81,0,GRI 306: Effluents and Waste 2016,306-3,Safety and security of critical assets (GRI OGSS Topic: Asset Integrity and Critical Incident Management),partial,,False,7,False,False,False,False
v_new,HPCL2024,phase3,0,0,GRI 2,2-1,,partial,,False,4,False,False,False,False
v_new,HPCL2024,phase3,1,0,GRI 2,2-2,,no_evidence,,False,5,False,False,False,False
v_new,HPCL2024,phase3,2,0,GRI 2,2-3,,partial,,False,4,False,False,False,False
v_new,HPCL2024,phase3,3,0,GRI 2,2-4,,pass,,False,2,False,False,False,False
v_new,HPCL2024,phase3,4,0,GRI 2,2-5,,no_evidence,,False,4,False,False,False,False
v_new,HPCL2024,phase3,5,0,GRI 2,2-6,,partial,,False,6,False,False,False,False
v_new,HPCL2024,phase3,6,0,GRI 2,2-7,,partial,,False,10,False,False,False,False
v_new,HPCL2024,phase3,7,0,GRI 2,2-8,,partial,,False,5,False,False,False,False
v_new,HPCL2024,phase3,8,0,GRI 2,2-9,,partial,,False,10,False,False,False,False
v_new,HPCL2024,phase3,9,0,GRI 2,2-10,,partial,,False,5,False,False,False,False
v_new,HPCL2024,phase3,10,0,GRI 2,2-11,,no_evidence,,False,2,False,False,False,False
v_new,HPCL2024,phase3,11,0,GRI 2,2-12,,partial,,False,4,False,False,False,False
v_new,HPCL2024,phase3,12,0,GRI 2,2-13,,no_evidence,,False,3,False,False,False,False
v_new,HPCL2024,phase3,13,0,GRI 2,2-14,,pass,,False,2,False,False,False,False
v_new,HPCL2024,phase3,14,0,GRI 2,2-15,,partial,,False,5,False,False,False,False
v_new,HPCL2024,phase3,15,0,GRI 2,2-16,,no_evidence,,False,2,False,False,False,False
v_new,HPCL2024,phase3,16,0,GRI 2,2-17,,no_evidence,,False,1,False,False,False,False
v_new,HPCL2024,phase3,17,0,GRI 2,2-18,,no_evidence,,False,3,False,False,False,False
v_new,HPCL2024,phase3,18,0,GRI 2,2-19,,partial,,False,6,False,False,False,False
v_new,HPCL2024,phase3,19,0,GRI 2,2-20,,no_evidence,,False,4,False,False,False,False
v_new,HPCL2024,phase3,20,0,GRI 2,2-21,,pass,,False,3,False,False,False,False
v_new,HPCL2024,phase3,21,0,GRI 2,2-22,,pass,,False,1,False,False,False,False
v_new,HPCL2024,phase3,22,0,GRI 2,2-23,,partial,,False,10,False,False,False,False
v_new,HPCL2024,phase3,23,0,GRI 2,2-24,,partial,,False,4,False,False,False,False
v_new,HPCL2024,phase3,24,0,GRI 2,2-25,,partial,,False,5,False,False,False,False
v_new,HPCL2024,phase3,25,0,GRI 2,2-26,,partial,,False,2,False,False,False,False
v_new,HPCL2024,phase3,26,0,GRI 2,2-27,,no_evidence,,False,6,False,False,False,False
v_new,HPCL2024,phase3,27,0,GRI 2,2-28,,pass,,False,1,False,False,False,False
v_new,HPCL2024,phase3,28,0,GRI 2,2-29,,pass,,False,3,False,False,False,False
v_new,HPCL2024,phase3,29,0,GRI 2,2-30,,no_evidence,,False,2,False,False,False,False
v_new,HPCL2024,phase5,0,0,GRI 3,3-1,,partial,,False,3,False,False,False,False
v_new,HPCL2024,phase5,1,0,GRI 3,3-2,,no_evidence,,False,2,False,False,False,False
v_new,HPCL2024,phase5,2,0,GRI 3,3-3,Air Quality (GRI OGSS Topic: Air Emissions),no_evidence,no page pack: page_list_no_matching_chunks; system limitation - human review required,True,0,False,False,True,True
v_new,HPCL2024,phase5,3,0,GRI 3,3-3,Biodiversity (GRI OGSS Topic: Biodiversity),no_evidence,no page pack: page_list_no_matching_chunks; system limitation - human review required,True,0,False,False,True,True
v_new,HPCL2024,phase5,4,0,GRI 3,3-3,"Business Ethics, Transparency & Regulatory Compliance (GRI OGSS Topic: Anti-competitive Behaviour)",partial,,False,11,False,False,False,False
v_new,HPCL2024,phase5,5,0,GRI 3,3-3,"Business Ethics, Transparency & Regulatory Compliance (GRI OGSS Topic: Anti-corruption)",partial,,False,11,False,False,False,False
v_new,HPCL2024,phase5,6,0,GRI 3,3-3,"Business Ethics, Transparency & Regulatory Compliance (GRI OGSS Topic: Economic Impacts)",no_evidence,no page pack: page_list_no_matching_chunks; system limitation - human review required,True,0,False,False,True,True
v_new,HPCL2024,phase5,7,0,GRI 3,3-3,"Business Ethics, Transparency & Regulatory Compliance (GRI OGSS Topic: Payments to Governments)",no_evidence,,False,11,False,False,False,False
v_new,HPCL2024,phase5,8,0,GRI 3,3-3,"Business Ethics, Transparency & Regulatory Compliance (GRI OGSS Topic: Public Policy)",partial,,False,11,False,False,False,False
v_new,HPCL2024,phase5,9,0,GRI 3,3-3,"Business Ethics, Transparency & Regulatory Compliance (GRI: Market Presence 2016)",partial,,False,11,False,False,False,False
v_new,HPCL2024,phase5,10,0,GRI 3,3-3,Customer Satisfaction (Additional Disclosure),no_evidence,,False,11,False,False,False,False
v_new,HPCL2024,phase5,11,0,GRI 3,3-3,Diversity & Inclusion (GRI OGSS Topic: Local Communities),no_evidence,,False,11,False,False,False,False
v_new,HPCL2024,phase5,12,0,GRI 3,3-3,Energy Efficiency (GRI OGSS Topic : GHG Emissions),partial,,False,11,False,False,False,False
v_new,HPCL2024,phase5,13,0,GRI 3,3-3,"GHG Emissions (GRI OGSS Topic : GHG Emissions; Climate Adaptation, Resilience, and Transition)",no_evidence,no page pack: page_list_no_matching_chunks; system limitation - human review required,True,0,False,False,True,True
v_new,HPCL2024,phase5,14,0,GRI 3,3-3,Human Rights (GRI OGSS Topic: Conflict and Security),partial,,False,11,False,False,False,False
v_new,HPCL2024,phase5,15,0,GRI 3,3-3,Human Rights (GRI OGSS Topic: Economic Impacts),no_evidence,,False,11,False,False,False,False
v_new,HPCL2024,phase5,16,0,GRI 3,3-3,Human Rights (GRI OGSS Topic: Forced Labour and Modern Slavery),no_evidence,no page pack: page_list_no_matching_chunks; system limitation - human review required,True,0,False,False,True,True
v_new,HPCL2024,phase5,17,0,GRI 3,3-3,Human Rights (GRI OGSS Topic: Freedom of Association and Collective Bargaining),no_evidence,no page pack: page_list_no_matching_chunks; system limitation - human review required,True,0,False,False,True,True
v_new,HPCL2024,phase5,18,0,GRI 3,3-3,Human Rights (GRI OGSS Topic: Non-discrimination and Equal Opportunity),no_evidence,no page pack: page_list_no_matching_chunks; system limitation - human review required,True,0,False,False,True,True
v_new,HPCL2024,phase5,19,1,GRI 3,3-3,Human Rights (GRI OGSS Topic: Non-discrimination and Equal Opportunity),no_evidence,,False,11,False,False,False,False
v_new,HPCL2024,phase5,20,0,GRI 3,3-3,Human Rights (GRI OGSS Topic: Rights of Indigenous People),no_evidence,no page pack: page_list_no_matching_chunks; system limitation - human review required,True,0,False,False,True,True
v_new,HPCL2024,phase5,21,0,GRI 3,3-3,Manpower Management (GRI OGSS Topic: Economic Impacts),no_evidence,no page pack: page_list_no_matching_chunks; system limitation - human review required,True,0,False,False,True,True
v_new,HPCL2024,phase5,22,0,GRI 3,3-3,Manpower Management (GRI OGSS Topic: Employment Practices),no_evidence,no page pack: page_list_no_matching_chunks; system limitation - human review required,True,0,False,False,True,True
v_new,HPCL2024,phase5,23,0,GRI 3,3-3,Manpower Management (GRI: Labour/Management Relations 2016),no_evidence,no page pack: page_list_no_matching_chunks; system limitation - human review required,True,0,False,False,True,True
v_new,HPCL2024,phase5,24,0,GRI 3,3-3,Manpower Management (GRI: Supplier Social Assessment 2016),no_evidence,no page pack: page_list_no_matching_chunks; system limitation - human review required,True,0,False,False,True,True
v_new,HPCL2024,phase5,25,0,GRI 3,3-3,Manpower Management (GRI: Training and Education 2016),no_evidence,no page pack: page_list_no_matching_chunks; system limitation - human review required,True,0,False,False,True,True
v_new,HPCL2024,phase5,26,0,GRI 3,3-3,Occupational health and safety (GRI OGSS Topic: Occupational Health and Safety),no_evidence,no page pack: page_list_no_matching_chunks; system limitation - human review required,True,0,False,False,True,True
v_new,HPCL2024,phase5,27,0,GRI 3,3-3,Product Safety and Quality (GRI: Customer Health and Safety 2016),no_evidence,no page pack: page_list_no_matching_chunks; system limitation - human review required,True,0,False,False,True,True
v_new,HPCL2024,phase5,28,0,GRI 3,3-3,Product Safety and Quality (GRI: Customer Privacy 2016),no_evidence,no page pack: page_list_no_matching_chunks; system limitation - human review required,True,0,False,False,True,True
v_new,HPCL2024,phase5,29,0,GRI 3,3-3,Product Safety and Quality (GRI: Marketing and Labelling 2016),no_evidence,no page pack: page_list_no_matching_chunks; system limitation - human review required,True,0,False,False,True,True
v_new,HPCL2024,phase5,30,0,GRI 3,3-3,Safety and security of critical assets (GRI OGSS Topic: Asset Integrity and Critical Incident Management),no_evidence,,False,11,False,False,False,False
v_new,HPCL2024,phase5,31,0,GRI 3,3-3,Supplier Environmental Assessment (GRI: Supplier Environmental Assessment 2016),no_evidence,no page pack: page_list_no_matching_chunks; system limitation - human review required,True,0,False,False,True,True
v_new,HPCL2024,phase5,32,0,GRI 3,3-3,Transport Safety (Additional Disclosure),partial,,False,11,False,False,False,False
v_new,HPCL2024,phase5,33,0,GRI 3,3-3,Water and Wastewater Management (GRI OGSS Topic: Water and Effluents),no_evidence,no page pack: page_list_no_matching_chunks; system limitation - human review required,True,0,False,False,True,True
v_new,HPCL2024,phase6,0,0,GRI 305: Emissions 2016,305-6,"GHG Emissions (GRI OGSS Topic : GHG Emissions; Climate Adaptation, Resilience, and Transition)",omitted,no page pack: omitted,False,0,True,False,True,True
v_new,HPCL2024,phase6,1,0,GRI 302: Energy 2016,302-5,Energy Efficiency (GRI OGSS Topic : GHG Emissions),omitted,no page pack: omitted,False,0,True,False,True,True
v_new,HPCL2024,phase6,2,0,GRI 306: Waste 2020,306-3,Biodiversity (GRI OGSS Topic: Biodiversity),no_evidence,no page pack: page_list_no_matching_chunks; system limitation — human review required,True,0,False,False,True,True
v_new,HPCL2024,phase6,3,0,GRI 306: Waste 2020,306-4,Biodiversity (GRI OGSS Topic: Biodiversity),no_evidence,no page pack: page_list_no_matching_chunks; system limitation — human review required,True,0,False,False,True,True
v_new,HPCL2024,phase6,4,0,GRI 306: Waste 2020,306-5,Biodiversity (GRI OGSS Topic: Biodiversity),no_evidence,no page pack: page_list_no_matching_chunks; system limitation — human review required,True,0,False,False,True,True
v_new,HPCL2024,phase6,5,0,GRI 201: Economic Performance 2016,201-3,"Business Ethics, Transparency & Regulatory Compliance (GRI OGSS Topic: Economic Impacts)",omitted,no page pack: omitted,False,0,True,False,True,True
v_new,HPCL2024,phase6,6,0,GRI 207: Tax 2019,207-1,"Business Ethics, Transparency & Regulatory Compliance (GRI OGSS Topic: Payments to Governments)",omitted,no page pack: omitted,False,0,True,False,True,True
v_new,HPCL2024,phase6,7,0,GRI 207: Tax 2019,207-2,"Business Ethics, Transparency & Regulatory Compliance (GRI OGSS Topic: Payments to Governments)",omitted,no page pack: omitted,False,0,True,False,True,True
v_new,HPCL2024,phase6,8,0,GRI 305: Emissions 2016,305-1,"GHG Emissions (GRI OGSS Topic : GHG Emissions; Climate Adaptation, Resilience, and Transition)",no_evidence,,False,9,False,False,False,False
v_new,HPCL2024,phase6,9,0,GRI 305: Emissions 2016,305-2,"GHG Emissions (GRI OGSS Topic : GHG Emissions; Climate Adaptation, Resilience, and Transition)",no_evidence,,False,9,False,False,False,False
v_new,HPCL2024,phase6,10,0,GRI 305: Emissions 2016,305-3,"GHG Emissions (GRI OGSS Topic : GHG Emissions; Climate Adaptation, Resilience, and Transition)",partial,,False,9,False,False,False,False
v_new,HPCL2024,phase6,11,0,GRI 305: Emissions 2016,305-4,"GHG Emissions (GRI OGSS Topic : GHG Emissions; Climate Adaptation, Resilience, and Transition)",partial,,False,4,False,False,False,False
v_new,HPCL2024,phase6,12,0,GRI 305: Emissions 2016,305-5,"GHG Emissions (GRI OGSS Topic : GHG Emissions; Climate Adaptation, Resilience, and Transition)",no_evidence,,False,5,False,False,False,False
v_new,HPCL2024,phase6,13,0,GRI 302: Energy 2016,302-1,Energy Efficiency (GRI OGSS Topic : GHG Emissions),partial,,False,13,False,False,False,False
v_new,HPCL2024,phase6,14,0,GRI 302: Energy 2016,302-2,Energy Efficiency (GRI OGSS Topic : GHG Emissions),no_evidence,,False,3,False,False,False,False
v_new,HPCL2024,phase6,15,0,GRI 302: Energy 2016,302-3,Energy Efficiency (GRI OGSS Topic : GHG Emissions),partial,,False,4,False,False,False,False
v_new,HPCL2024,phase6,16,0,GRI 302: Energy 2016,302-4,Energy Efficiency (GRI OGSS Topic : GHG Emissions),partial,,False,4,False,False,False,False
v_new,HPCL2024,phase6,17,0,GRI 303: Water and Effluents 2018,303-1,Water and Wastewater Management (GRI OGSS Topic: Water and Effluents),partial,,False,4,False,False,False,False
v_new,HPCL2024,phase6,18,0,GRI 303: Water and Effluents 2018,303-2,Water and Wastewater Management (GRI OGSS Topic: Water and Effluents),no_evidence,,False,4,False,False,False,False
v_new,HPCL2024,phase6,19,0,GRI 303: Water and Effluents 2018,303-3,Water and Wastewater Management (GRI OGSS Topic: Water and Effluents),no_evidence,,False,13,False,False,False,False
v_new,HPCL2024,phase6,20,0,GRI 303: Water and Effluents 2018,303-4,Water and Wastewater Management (GRI OGSS Topic: Water and Effluents),no_evidence,,False,12,False,False,False,False
v_new,HPCL2024,phase6,21,0,GRI 303: Water and Effluents 2018,303-5,Water and Wastewater Management (GRI OGSS Topic: Water and Effluents),partial,,False,4,False,False,False,False
v_new,HPCL2024,phase6,22,0,GRI 416: Customer Health and Safety 2016,416-1,Product Safety and Quality (GRI: Customer Health and Safety 2016),no_evidence,,False,1,False,False,False,False
v_new,HPCL2024,phase6,23,0,GRI 416: Customer Health and Safety 2016,416-2,Product Safety and Quality (GRI: Customer Health and Safety 2016),no_evidence,,False,4,False,False,False,False
v_new,HPCL2024,phase6,24,0,GRI 417: Marketing and Labelling 2016,417-1,Product Safety and Quality (GRI: Marketing and Labelling 2016),partial,,False,6,False,False,False,False
v_new,HPCL2024,phase6,25,0,GRI 417: Marketing and Labelling 2016,417-2,Product Safety and Quality (GRI: Marketing and Labelling 2016),no_evidence,,False,4,False,False,False,False
v_new,HPCL2024,phase6,26,0,GRI 417: Marketing and Labelling 2016,417-3,Product Safety and Quality (GRI: Marketing and Labelling 2016),no_evidence,,False,4,False,False,False,False
v_new,HPCL2024,phase6,27,0,GRI 418: Customer Privacy 2016,418-1,Product Safety and Quality (GRI: Customer Privacy 2016),no_evidence,,False,4,False,False,False,False
v_new,HPCL2024,phase6,28,0,GRI 308: Supplier Environmental Assessment 2016,308-1,Supplier Environmental Assessment (GRI: Supplier Environmental Assessment 2016),no_evidence,,False,1,False,False,False,False
v_new,HPCL2024,phase6,29,0,GRI 308: Supplier Environmental Assessment 2016,308-2,Supplier Environmental Assessment (GRI: Supplier Environmental Assessment 2016),no_evidence,,False,5,False,False,False,False
v_new,HPCL2024,phase6,30,0,GRI 305: Emissions 2016,305-7,Air Quality (GRI OGSS Topic: Air Emissions),no_evidence,,False,7,False,False,False,False
v_new,HPCL2024,phase6,31,0,GRI 304: Biodiversity 2016,304-1,Biodiversity (GRI OGSS Topic: Biodiversity),partial,,False,7,False,False,False,False
v_new,HPCL2024,phase6,32,0,GRI 304: Biodiversity 2016,304-2,Biodiversity (GRI OGSS Topic: Biodiversity),partial,,False,10,False,False,False,False
v_new,HPCL2024,phase6,33,0,GRI 304: Biodiversity 2016,304-3,Biodiversity (GRI OGSS Topic: Biodiversity),no_evidence,,False,4,False,False,False,False
v_new,HPCL2024,phase6,34,0,GRI 304: Biodiversity 2016,304-4,Biodiversity (GRI OGSS Topic: Biodiversity),no_evidence,,False,5,False,False,False,False
v_new,HPCL2024,phase6,35,0,GRI 306: Waste 2020,306-1,Biodiversity (GRI OGSS Topic: Biodiversity),no_evidence,,False,6,False,False,False,False
v_new,HPCL2024,phase6,36,0,GRI 306: Waste 2020,306-2,Biodiversity (GRI OGSS Topic: Biodiversity),partial,,False,24,False,False,False,False
v_new,HPCL2024,phase6,37,0,GRI 403: Occupational Health and Safety 2018,403-1,Occupational health and safety (GRI OGSS Topic: Occupational Health and Safety),partial,,False,3,False,False,False,False
v_new,HPCL2024,phase6,38,0,GRI 403: Occupational Health and Safety 2018,403-2,Occupational health and safety (GRI OGSS Topic: Occupational Health and Safety),partial,,False,5,False,False,False,False
v_new,HPCL2024,phase6,39,0,GRI 403: Occupational Health and Safety 2018,403-3,Occupational health and safety (GRI OGSS Topic: Occupational Health and Safety),partial,,False,1,False,False,False,False
v_new,HPCL2024,phase6,40,0,GRI 403: Occupational Health and Safety 2018,403-4,Occupational health and safety (GRI OGSS Topic: Occupational Health and Safety),partial,,False,2,False,False,False,False
v_new,HPCL2024,phase6,41,0,GRI 403: Occupational Health and Safety 2018,403-5,Occupational health and safety (GRI OGSS Topic: Occupational Health and Safety),pass,,False,1,False,False,False,False
v_new,HPCL2024,phase6,42,0,GRI 403: Occupational Health and Safety 2018,403-6,Occupational health and safety (GRI OGSS Topic: Occupational Health and Safety),partial,,False,2,False,False,False,False
v_new,HPCL2024,phase6,43,0,GRI 403: Occupational Health and Safety 2018,403-7,Occupational health and safety (GRI OGSS Topic: Occupational Health and Safety),pass,,False,1,False,False,False,False
v_new,HPCL2024,phase6,44,0,GRI 403: Occupational Health and Safety 2018,403-8,Occupational health and safety (GRI OGSS Topic: Occupational Health and Safety),no_evidence,,False,4,False,False,False,False
v_new,HPCL2024,phase6,45,0,GRI 403: Occupational Health and Safety 2018,403-9,Occupational health and safety (GRI OGSS Topic: Occupational Health and Safety),partial,,False,16,False,False,False,False
v_new,HPCL2024,phase6,46,0,GRI 403: Occupational Health and Safety 2018,403-10,Occupational health and safety (GRI OGSS Topic: Occupational Health and Safety),partial,,False,10,False,False,False,False
v_new,HPCL2024,phase6,47,0,GRI 401: Employment 2016,401-1,Manpower Management (GRI OGSS Topic: Employment Practices),no_evidence,,False,2,False,False,False,False
v_new,HPCL2024,phase6,48,0,GRI 401: Employment 2016,401-2,Manpower Management (GRI OGSS Topic: Employment Practices),no_evidence,,False,8,False,False,False,False
v_new,HPCL2024,phase6,49,0,GRI 401: Employment 2016,401-3,Manpower Management (GRI OGSS Topic: Employment Practices),no_evidence,,False,5,False,False,False,False
v_new,HPCL2024,phase6,50,0,GRI 204: Procurement Practices 2016,204-1,Manpower Management (GRI OGSS Topic: Economic Impacts),no_evidence,,False,3,False,False,False,False
v_new,HPCL2024,phase6,51,0,GRI 402: Labour/Management Relations 2016,402-1,Manpower Management (GRI: Labour/Management Relations 2016),no_evidence,,False,2,False,False,False,False
v_new,HPCL2024,phase6,52,0,GRI 404: Training and Education 2016,404-1,Manpower Management (GRI: Training and Education 2016),no_evidence,,False,2,False,False,False,False
v_new,HPCL2024,phase6,53,0,GRI 404: Training and Education 2016,404-2,Manpower Management (GRI: Training and Education 2016),no_evidence,,False,2,False,False,False,False
v_new,HPCL2024,phase6,54,0,GRI 404: Training and Education 2016,404-3,Manpower Management (GRI: Training and Education 2016),partial,,False,1,False,False,False,False
v_new,HPCL2024,phase6,55,0,GRI 414: Supplier Social Assessment 2016,414-1,Manpower Management (GRI: Supplier Social Assessment 2016),no_evidence,,False,1,False,False,False,False
v_new,HPCL2024,phase6,56,0,GRI 414: Supplier Social Assessment 2016,414-2,Manpower Management (GRI: Supplier Social Assessment 2016),no_evidence,,False,5,False,False,False,False
v_new,HPCL2024,phase6,57,0,GRI 406: Non-discrimination 2016,406-1,Human Rights (GRI OGSS Topic: Non-discrimination and Equal Opportunity),partial,,False,5,False,False,False,False
v_new,HPCL2024,phase6,58,0,GRI 405: Diversity and Equal Opportunity 2016,405-1,Human Rights (GRI OGSS Topic: Non-discrimination and Equal Opportunity),no_evidence,,False,6,False,False,False,False
v_new,HPCL2024,phase6,59,0,GRI 405: Diversity and Equal Opportunity 2016,405-2,Human Rights (GRI OGSS Topic: Non-discrimination and Equal Opportunity),no_evidence,,False,2,False,False,False,False
v_new,HPCL2024,phase6,60,0,GRI 409: Forced or Compulsory Labour 2016,409-1,Human Rights (GRI OGSS Topic: Forced Labour and Modern Slavery),partial,,False,3,False,False,False,False
v_new,HPCL2024,phase6,61,0,GRI 407: Freedom of Association and Collective Bargaining 2016,407-1,Human Rights (GRI OGSS Topic: Freedom of Association and Collective Bargaining),partial,,False,3,False,False,False,False
v_new,HPCL2024,phase6,62,0,GRI 203: Indirect Economic Impacts 2016,203-1,Human Rights (GRI OGSS Topic: Economic Impacts),partial,,False,3,False,False,False,False
v_new,HPCL2024,phase6,63,0,GRI 203: Indirect Economic Impacts 2016,203-2,Human Rights (GRI OGSS Topic: Economic Impacts),no_evidence,,False,2,False,False,False,False
v_new,HPCL2024,phase6,64,0,GRI 411: Rights of Indigenous Peoples 2016,411-1,Human Rights (GRI OGSS Topic: Rights of Indigenous People),no_evidence,,False,5,False,False,False,False
v_new,HPCL2024,phase6,65,0,GRI 410: Security Practices 2016,410-1,Human Rights (GRI OGSS Topic: Conflict and Security),no_evidence,,False,2,False,False,False,False
v_new,HPCL2024,phase6,66,0,GRI 413: Local Communities 2016,413-1,Diversity & Inclusion (GRI OGSS Topic: Local Communities),no_evidence,,False,8,False,False,False,False
v_new,HPCL2024,phase6,67,0,GRI 413: Local Communities 2016,413-2,Diversity & Inclusion (GRI OGSS Topic: Local Communities),no_evidence,,False,2,False,False,False,False
v_new,HPCL2024,phase6,68,0,GRI 206: Anti-competitive Behaviour 2016,206-1,"Business Ethics, Transparency & Regulatory Compliance (GRI OGSS Topic: Anti-competitive Behaviour)",no_evidence,,False,2,False,False,False,False
v_new,HPCL2024,phase6,69,0,GRI 205: Anti-corruption 2016,205-1,"Business Ethics, Transparency & Regulatory Compliance (GRI OGSS Topic: Anti-corruption)",no_evidence,,False,2,False,False,False,False
v_new,HPCL2024,phase6,70,0,GRI 205: Anti-corruption 2016,205-2,"Business Ethics, Transparency & Regulatory Compliance (GRI OGSS Topic: Anti-corruption)",no_evidence,,False,5,False,False,False,False
v_new,HPCL2024,phase6,71,0,GRI 205: Anti-corruption 2016,205-3,"Business Ethics, Transparency & Regulatory Compliance (GRI OGSS Topic: Anti-corruption)",no_evidence,,False,4,False,False,False,False
v_new,HPCL2024,phase6,72,0,GRI 201: Economic Performance 2016,201-1,"Business Ethics, Transparency & Regulatory Compliance (GRI OGSS Topic: Economic Impacts)",no_evidence,,False,4,False,False,False,False
v_new,HPCL2024,phase6,73,0,GRI 201: Economic Performance 2016,201-2,"Business Ethics, Transparency & Regulatory Compliance (GRI OGSS Topic: Economic Impacts)",no_evidence,,False,5,False,False,False,False
v_new,HPCL2024,phase6,74,0,GRI 201: Economic Performance 2016,201-4,"Business Ethics, Transparency & Regulatory Compliance (GRI OGSS Topic: Economic Impacts)",partial,,False,10,False,False,False,False
v_new,HPCL2024,phase6,75,0,GRI 207: Tax 2019,207-3,"Business Ethics, Transparency & Regulatory Compliance (GRI OGSS Topic: Payments to Governments)",no_evidence,,False,3,False,False,False,False
v_new,HPCL2024,phase6,76,0,GRI 207: Tax 2019,207-4,"Business Ethics, Transparency & Regulatory Compliance (GRI OGSS Topic: Payments to Governments)",no_evidence,,False,12,False,False,False,False
v_new,HPCL2024,phase6,77,0,GRI 415: Public Policy 2016,415-1,"Business Ethics, Transparency & Regulatory Compliance (GRI OGSS Topic: Public Policy)",pass,,False,2,False,False,False,False
v_new,HPCL2024,phase6,78,0,GRI 202: Market Presence 2016,202-2,"Business Ethics, Transparency & Regulatory Compliance (GRI: Market Presence 2016)",partial,,False,4,False,False,False,False
v_new,HPCL2024,phase6,79,0,GRI 306: Effluents and Waste 2016,306-3,Safety and security of critical assets (GRI OGSS Topic: Asset Integrity and Critical Incident Management),pass,,False,7,False,False,False,False
v_new,IslandOil2024,phase3,0,0,GRI 2,2-1,,partial,,False,4,False,False,False,False
v_new,IslandOil2024,phase3,1,0,GRI 2,2-2,,partial,,False,5,False,False,False,False
v_new,IslandOil2024,phase3,2,0,GRI 2,2-3,,partial,,False,4,False,False,False,False
v_new,IslandOil2024,phase3,3,0,GRI 2,2-4,,pass,,False,2,False,False,False,False
v_new,IslandOil2024,phase3,4,0,GRI 2,2-5,,partial,,False,4,False,False,False,False
v_new,IslandOil2024,phase3,5,0,GRI 2,2-6,,partial,,False,6,False,False,False,False
v_new,IslandOil2024,phase3,6,0,GRI 2,2-7,,partial,,False,10,False,False,False,False
v_new,IslandOil2024,phase3,7,0,GRI 2,2-8,,partial,,False,5,False,False,False,False
v_new,IslandOil2024,phase3,8,0,GRI 2,2-9,,partial,,False,10,False,False,False,False
v_new,IslandOil2024,phase3,9,0,GRI 2,2-10,,pass,,False,5,False,False,False,False
v_new,IslandOil2024,phase3,10,0,GRI 2,2-11,,pass,,False,2,False,False,False,False
v_new,IslandOil2024,phase3,11,0,GRI 2,2-12,,partial,,False,4,False,False,False,False
v_new,IslandOil2024,phase3,12,0,GRI 2,2-13,,pass,,False,3,False,False,False,False
v_new,IslandOil2024,phase3,13,0,GRI 2,2-14,,no_evidence,,False,2,False,False,False,False
v_new,IslandOil2024,phase3,14,0,GRI 2,2-15,,no_evidence,,False,5,False,False,False,False
v_new,IslandOil2024,phase3,15,0,GRI 2,2-16,,no_evidence,,False,2,False,False,False,False
v_new,IslandOil2024,phase3,16,0,GRI 2,2-17,,pass,,False,1,False,False,False,False
v_new,IslandOil2024,phase3,17,0,GRI 2,2-18,,partial,,False,3,False,False,False,False
v_new,IslandOil2024,phase3,18,0,GRI 2,2-19,,omitted,no page pack: omitted,False,0,True,False,True,True
v_new,IslandOil2024,phase3,19,0,GRI 2,2-20,,omitted,no page pack: omitted,False,0,True,False,True,True
v_new,IslandOil2024,phase3,20,0,GRI 2,2-21,,partial,,False,3,False,False,False,False
v_new,IslandOil2024,phase3,21,0,GRI 2,2-22,,no_evidence,,False,1,False,False,False,False
v_new,IslandOil2024,phase3,22,0,GRI 2,2-23,,partial,,False,10,False,False,False,False
v_new,IslandOil2024,phase3,23,0,GRI 2,2-24,,partial,,False,4,False,False,False,False
v_new,IslandOil2024,phase3,24,0,GRI 2,2-25,,partial,,False,5,False,False,False,False
v_new,IslandOil2024,phase3,25,0,GRI 2,2-26,,partial,,False,2,False,False,False,False
v_new,IslandOil2024,phase3,26,0,GRI 2,2-27,,partial,,False,6,False,False,False,False
v_new,IslandOil2024,phase3,27,0,GRI 2,2-28,,partial,,False,1,False,False,False,False
v_new,IslandOil2024,phase3,28,0,GRI 2,2-29,,partial,,False,3,False,False,False,False
v_new,IslandOil2024,phase3,29,0,GRI 2,2-30,,no_evidence,,False,2,False,False,False,False
v_new,IslandOil2024,phase5,0,0,GRI 3,3-1,,partial,,False,3,False,False,False,False
v_new,IslandOil2024,phase5,1,0,GRI 3,3-2,,no_evidence,,False,2,False,False,False,False
v_new,IslandOil2024,phase5,2,0,GRI 3,3-3,Acting Responsibly,partial,,False,11,False,False,False,False
v_new,IslandOil2024,phase5,3,0,GRI 3,3-3,Caring for our people,partial,,False,11,False,False,False,False
v_new,IslandOil2024,phase5,4,1,GRI 3,3-3,Caring for our people,partial,,False,11,False,False,False,False
v_new,IslandOil2024,phase5,5,2,GRI 3,3-3,Caring for our people,partial,,False,11,False,False,False,False
v_new,IslandOil2024,phase5,6,3,GRI 3,3-3,Caring for our people,partial,,False,11,False,False,False,False
v_new,IslandOil2024,phase5,7,0,GRI 3,3-3,Economic Performance,fail,no page pack: missing_disclosure,False,0,False,False,True,True
v_new,IslandOil2024,phase5,8,0,GRI 3,3-3,Engaging with Society,partial,,False,11,False,False,False,False
v_new,IslandOil2024,phase5,9,0,GRI 3,3-3,Enhancing Waste Management and Promoting Circularity,no_evidence,no page pack: page_list_no_matching_chunks; system limitation - human review required,True,0,False,False,True,True
v_new,IslandOil2024,phase5,10,0,GRI 3,3-3,Market Presence,fail,no page pack: missing_disclosure,False,0,False,False,True,True
v_new,IslandOil2024,phase5,11,0,GRI 3,3-3,Preserving Water Quality and Marine Ecosystems,no_evidence,no page pack: page_list_no_matching_chunks; system limitation - human review required,True,0,False,False,True,True
v_new,IslandOil2024,phase5,12,0,GRI 3,3-3,Protecting Biodiversity and Preserving Ecosystem,fail,no page pack: missing_disclosure,False,0,False,False,True,True
v_new,IslandOil2024,phase5,13,0,GRI 3,3-3,Responding to Climate Change: Adaptation and Mitigation,no_evidence,no page pack: page_list_no_matching_chunks; system limitation - human review required,True,0,False,False,True,True
v_new,IslandOil2024,phase5,14,1,GRI 3,3-3,Responding to Climate Change: Adaptation and Mitigation,no_evidence,no page pack: page_list_no_matching_chunks; system limitation - human review required,True,0,False,False,True,True
v_new,IslandOil2024,phase6,0,0,GRI 201: Economic Performance 2016,201-1,Economic Performance,omitted,no page pack: omitted,False,0,True,False,True,True
v_new,IslandOil2024,phase6,1,0,GRI 201: Economic Performance 2016,201-2,Economic Performance,omitted,no page pack: omitted,False,0,True,False,True,True
v_new,IslandOil2024,phase6,2,0,GRI 201: Economic Performance 2016,201-3,Economic Performance,omitted,no page pack: omitted,False,0,True,False,True,True
v_new,IslandOil2024,phase6,3,0,GRI 201: Economic Performance 2016,201-4,Economic Performance,omitted,no page pack: omitted,False,0,True,False,True,True
v_new,IslandOil2024,phase6,4,0,GRI 202: Market Presence,202-1,Market Presence,omitted,no page pack: omitted,False,0,True,False,True,True
v_new,IslandOil2024,phase6,5,0,GRI 205: Anti-corruption,205-1,Acting Responsibly,omitted,no page pack: omitted,False,0,True,False,True,True
v_new,IslandOil2024,phase6,6,0,GRI 205: Anti-corruption,205-2,Acting Responsibly,omitted,no page pack: omitted,False,0,True,False,True,True
v_new,IslandOil2024,phase6,7,0,GRI 302: Energy 2016,302-1,Responding to Climate Change: Adaptation and Mitigation,no_evidence,no page pack: page_list_no_matching_chunks; system limitation — human review required,True,0,False,False,True,True
v_new,IslandOil2024,phase6,8,0,GRI 302: Energy 2016,302-2,Responding to Climate Change: Adaptation and Mitigation,omitted,no page pack: omitted,False,0,True,False,True,True
v_new,IslandOil2024,phase6,9,0,GRI 302: Energy 2016,302-5,Responding to Climate Change: Adaptation and Mitigation,omitted,no page pack: omitted,False,0,True,False,True,True
v_new,IslandOil2024,phase6,10,0,GRI 305: Emissions 2016,305-5,Responding to Climate Change: Adaptation and Mitigation,omitted,no page pack: omitted,False,0,True,False,True,True
v_new,IslandOil2024,phase6,11,0,GRI 305: Emissions 2016,305-6,Responding to Climate Change: Adaptation and Mitigation,omitted,no page pack: omitted,False,0,True,False,True,True
v_new,IslandOil2024,phase6,12,0,GRI 305: Emissions 2016,305-7,Responding to Climate Change: Adaptation and Mitigation,omitted,no page pack: omitted,False,0,True,False,True,True
v_new,IslandOil2024,phase6,13,0,GRI 303: Water and Effluents 2018,303-3,Preserving Water Quality and Marine Ecosystems,omitted,no page pack: omitted,False,0,True,False,True,True
v_new,IslandOil2024,phase6,14,0,GRI 303: Water and Effluents 2018,303-4,Preserving Water Quality and Marine Ecosystems,omitted,no page pack: omitted,False,0,True,False,True,True
v_new,IslandOil2024,phase6,15,0,GRI 303: Water and Effluents 2018,303-5,Preserving Water Quality and Marine Ecosystems,omitted,no page pack: omitted,False,0,True,False,True,True
v_new,IslandOil2024,phase6,16,0,GRI 304: Biodiversity 2016,304-1,Protecting Biodiversity and Preserving Ecosystem,omitted,no page pack: omitted,False,0,True,False,True,True
v_new,IslandOil2024,phase6,17,0,GRI 304: Biodiversity 2016,304-2,Protecting Biodiversity and Preserving Ecosystem,omitted,no page pack: omitted,False,0,True,False,True,True
v_new,IslandOil2024,phase6,18,0,GRI 304: Biodiversity 2016,304-3,Protecting Biodiversity and Preserving Ecosystem,omitted,no page pack: omitted,False,0,True,False,True,True
v_new,IslandOil2024,phase6,19,0,GRI 304: Biodiversity 2016,304-4,Protecting Biodiversity and Preserving Ecosystem,omitted,no page pack: omitted,False,0,True,False,True,True
v_new,IslandOil2024,phase6,20,0,GRI 401: Employment 2016,401-3,Caring for our people,omitted,no page pack: omitted,False,0,True,False,True,True
v_new,IslandOil2024,phase6,21,0,GRI 403: Occupational Health and Safety 2018,403-6,Caring for our people,omitted,no page pack: omitted,False,0,True,False,True,True
v_new,IslandOil2024,phase6,22,0,GRI 202: Market Presence,202-2,Market Presence,no_evidence,,False,4,False,False,False,False
v_new,IslandOil2024,phase6,23,0,GRI 205: Anti-corruption,205-3,Acting Responsibly,pass,,False,4,False,False,False,False
v_new,IslandOil2024,phase6,24,0,GRI 206: Anti-competitive Behavior 2016,206-1,Acting Responsibly,no_evidence,,False,2,False,False,False,False
v_new,IslandOil2024,phase6,25,0,GRI 302: Energy 2016,302-3,Responding to Climate Change: Adaptation and Mitigation,pass,,False,4,False,False,False,False
v_new,IslandOil2024,phase6,26,0,GRI 302: Energy 2016,302-4,Responding to Climate Change: Adaptation and Mitigation,partial,,False,4,False,False,False,False
v_new,IslandOil2024,phase6,27,0,GRI 305: Emissions 2016,305-1,Responding to Climate Change: Adaptation and Mitigation,partial,,False,9,False,False,False,False
v_new,IslandOil2024,phase6,28,0,GRI 305: Emissions 2016,305-2,Responding to Climate Change: Adaptation and Mitigation,partial,,False,9,False,False,False,False
v_new,IslandOil2024,phase6,29,0,GRI 305: Emissions 2016,305-3,Responding to Climate Change: Adaptation and Mitigation,partial,,False,9,False,False,False,False
v_new,IslandOil2024,phase6,30,0,GRI 305: Emissions 2016,305-4,Responding to Climate Change: Adaptation and Mitigation,partial,,False,4,False,False,False,False
v_new,IslandOil2024,phase6,31,0,GRI 303: Water and Effluents 2018,303-1,Preserving Water Quality and Marine Ecosystems,partial,,False,4,False,False,False,False
v_new,IslandOil2024,phase6,32,0,GRI 303: Water and Effluents 2018,303-2,Preserving Water Quality and Marine Ecosystems,no_evidence,,False,4,False,False,False,False
v_new,IslandOil2024,phase6,33,0,GRI 306: Waste 2020,306-1,Enhancing Waste Management and Promoting Circularity,no_evidence,,False,6,False,False,False,False
v_new,IslandOil2024,phase6,34,0,GRI 306: Waste 2020,306-2,Enhancing Waste Management and Promoting Circularity,partial,,False,24,False,False,False,False
v_new,IslandOil2024,phase6,35,0,GRI 306: Waste 2020,306-3,Enhancing Waste Management and Promoting Circularity,no_evidence,,False,7,False,False,False,False
v_new,IslandOil2024,phase6,36,0,GRI 306: Waste 2020,306-4,Enhancing Waste Management and Promoting Circularity,no_evidence,,False,16,False,False,False,False
v_new,IslandOil2024,phase6,37,0,GRI 306: Waste 2020,306-5,Enhancing Waste Management and Promoting Circularity,no_evidence,,False,15,False,False,False,False
v_new,IslandOil2024,phase6,38,0,GRI 401: Employment 2016,401-1,Caring for our people,no_evidence,,False,2,False,False,False,False
v_new,IslandOil2024,phase6,39,0,GRI 401: Employment 2016,401-2,Caring for our people,no_evidence,,False,8,False,False,False,False
v_new,IslandOil2024,phase6,40,0,GRI 403: Occupational Health and Safety 2018,403-1,Caring for our people,pass,,False,3,False,False,False,False
v_new,IslandOil2024,phase6,41,0,GRI 403: Occupational Health and Safety 2018,403-2,Caring for our people,partial,,False,5,False,False,False,False
v_new,IslandOil2024,phase6,42,0,GRI 403: Occupational Health and Safety 2018,403-3,Caring for our people,pass,,False,1,False,False,False,False
v_new,IslandOil2024,phase6,43,0,GRI 403: Occupational Health and Safety 2018,403-4,Caring for our people,partial,,False,2,False,False,False,False
v_new,IslandOil2024,phase6,44,0,GRI 403: Occupational Health and Safety 2018,403-5,Caring for our people,pass,,False,1,False,False,False,False
v_new,IslandOil2024,phase6,45,0,GRI 403: Occupational Health and Safety 2018,403-7,Caring for our people,pass,,False,1,False,False,False,False
v_new,IslandOil2024,phase6,46,0,GRI 403: Occupational Health and Safety 2018,403-8,Caring for our people,partial,,False,4,False,False,False,False
v_new,IslandOil2024,phase6,47,0,GRI 403: Occupational Health and Safety 2018,403-9,Caring for our people,partial,,False,16,False,False,False,False
v_new,IslandOil2024,phase6,48,0,GRI 403: Occupational Health and Safety 2018,403-10,Caring for our people,partial,,False,10,False,False,False,False
v_new,IslandOil2024,phase6,49,0,GRI 404: Training and Education 2016,404-1,Caring for our people,no_evidence,,False,2,False,False,False,False
v_new,IslandOil2024,phase6,50,0,GRI 404: Training and Education 2016,404-2,Caring for our people,partial,,False,2,False,False,False,False
v_new,IslandOil2024,phase6,51,0,GRI 404: Training and Education 2016,404-3,Caring for our people,no_evidence,,False,1,False,False,False,False
v_new,IslandOil2024,phase6,52,0,GRI 405: Diversity and Equal Opportunity 2016,405-1,Caring for our people,no_evidence,,False,6,False,False,False,False
v_new,IslandOil2024,phase6,53,0,GRI 405: Diversity and Equal Opportunity 2016,405-2,Caring for our people,no_evidence,,False,2,False,False,False,False
v_new,IslandOil2024,phase6,54,0,GRI 406: Non-discrimination 2016,406-1,Caring for our people,partial,,False,5,False,False,False,False
v_new,IslandOil2024,phase6,55,0,GRI 407: Freedom of Association and Collective Bargaining 2016,407-1,Caring for our people,no_evidence,,False,3,False,False,False,False
v_new,IslandOil2024,phase6,56,0,GRI 408: Child Labor 2016,408-1,Caring for our people,no_evidence,,False,5,False,False,False,False
v_new,IslandOil2024,phase6,57,0,GRI 409: Forced or Compulsory Labor 2016,409-1,Caring for our people,partial,,False,3,False,False,False,False
v_new,IslandOil2024,phase6,58,0,GRI 416: Customer Health and Safety 2016,416-1,Caring for our people,pass,,False,1,False,False,False,False
v_new,IslandOil2024,phase6,59,0,GRI 416: Customer Health and Safety 2016,416-2,Caring for our people,pass,,False,4,False,False,False,False
v_new,IslandOil2024,phase6,60,0,GRI 413: Local Communities 2016,413-1,Engaging with Society,no_evidence,,False,8,False,False,False,False
v_new,IslandOil2024,phase6,61,0,GRI 413: Local Communities 2016,413-2,Engaging with Society,no_evidence,,False,2,False,False,False,False
v_new,Mubadala2023,phase3,0,0,GRI 2,2-1,,partial,,False,4,False,False,False,False
v_new,Mubadala2023,phase3,1,0,GRI 2,2-2,,no_evidence,,False,5,False,False,False,False
v_new,Mubadala2023,phase3,2,0,GRI 2,2-3,,partial,,False,4,False,False,False,False
v_new,Mubadala2023,phase3,3,0,GRI 2,2-4,,external_verification,no page pack: external_document_reference,False,0,False,True,True,True
v_new,Mubadala2023,phase3,4,0,GRI 2,2-5,,no_evidence,,False,4,False,False,False,False
v_new,Mubadala2023,phase3,5,0,GRI 2,2-6,,partial,,False,6,False,False,False,False
v_new,Mubadala2023,phase3,6,0,GRI 2,2-7,,no_evidence,,False,10,False,False,False,False
v_new,Mubadala2023,phase3,7,0,GRI 2,2-8,,omitted,no page pack: omitted,False,0,True,False,True,True
v_new,Mubadala2023,phase3,8,0,GRI 2,2-9,,partial,,False,10,False,False,False,False
v_new,Mubadala2023,phase3,9,0,GRI 2,2-10,,no_evidence,,False,5,False,False,False,False
v_new,Mubadala2023,phase3,10,0,GRI 2,2-11,,no_evidence,,False,2,False,False,False,False
v_new,Mubadala2023,phase3,11,0,GRI 2,2-12,,no_evidence,,False,4,False,False,False,False
v_new,Mubadala2023,phase3,12,0,GRI 2,2-13,,partial,,False,3,False,False,False,False
v_new,Mubadala2023,phase3,13,0,GRI 2,2-14,,no_evidence,,False,2,False,False,False,False
v_new,Mubadala2023,phase3,14,0,GRI 2,2-15,,no_evidence,,False,5,False,False,False,False
v_new,Mubadala2023,phase3,15,0,GRI 2,2-16,,no_evidence,,False,2,False,False,False,False
v_new,Mubadala2023,phase3,16,0,GRI 2,2-17,,no_evidence,,False,1,False,False,False,False
v_new,Mubadala2023,phase3,17,0,GRI 2,2-18,,no_evidence,,False,3,False,False,False,False
v_new,Mubadala2023,phase3,18,0,GRI 2,2-19,,omitted,no page pack: omitted,False,0,True,False,True,True
v_new,Mubadala2023,phase3,19,0,GRI 2,2-20,,omitted,no page pack: omitted,False,0,True,False,True,True
v_new,Mubadala2023,phase3,20,0,GRI 2,2-21,,omitted,no page pack: omitted,False,0,True,False,True,True
v_new,Mubadala2023,phase3,21,0,GRI 2,2-22,,no_evidence,,False,1,False,False,False,False
v_new,Mubadala2023,phase3,22,0,GRI 2,2-23,,partial,,False,10,False,False,False,False
v_new,Mubadala2023,phase3,23,0,GRI 2,2-24,,partial,,False,4,False,False,False,False
v_new,Mubadala2023,phase3,24,0,GRI 2,2-25,,partial,,False,5,False,False,False,False
v_new,Mubadala2023,phase3,25,0,GRI 2,2-26,,partial,,False,2,False,False,False,False
v_new,Mubadala2023,phase3,26,0,GRI 2,2-27,,partial,,False,6,False,False,False,False
v_new,Mubadala2023,phase3,27,0,GRI 2,2-28,,omitted,no page pack: omitted,False,0,True,False,True,True
v_new,Mubadala2023,phase3,28,0,GRI 2,2-29,,no_evidence,,False,3,False,False,False,False
v_new,Mubadala2023,phase3,29,0,GRI 2,2-30,,omitted,no page pack: omitted,False,0,True,False,True,True
v_new,Mubadala2023,phase5,0,0,GRI 3,3-1,,partial,,False,3,False,False,False,False
v_new,Mubadala2023,phase5,1,0,GRI 3,3-2,,partial,,False,2,False,False,False,False
v_new,Mubadala2023,phase5,2,0,GRI 3,3-3,Biodiversity & Ecosystem,partial,,False,11,False,False,False,False
v_new,Mubadala2023,phase5,3,0,GRI 3,3-3,Climate Change & Energy Transition,partial,,False,11,False,False,False,False
v_new,Mubadala2023,phase5,4,0,GRI 3,3-3,Contributing to Communities & Societies,partial,,False,11,False,False,False,False
v_new,Mubadala2023,phase5,5,0,GRI 3,3-3,Cyber Security,partial,,False,11,False,False,False,False
v_new,Mubadala2023,phase5,6,0,GRI 3,3-3,Diversity & Inclusion,partial,,False,11,False,False,False,False
v_new,Mubadala2023,phase5,7,0,GRI 3,3-3,Energy Consumption & Efficiency,partial,,False,11,False,False,False,False
v_new,Mubadala2023,phase5,8,0,GRI 3,3-3,GHG & Other Air Emissions,partial,,False,11,False,False,False,False
v_new,Mubadala2023,phase5,9,0,GRI 3,3-3,Governance & Business Ethics,partial,,False,11,False,False,False,False
v_new,Mubadala2023,phase5,10,0,GRI 3,3-3,"Health, Safety & Security of People",partial,,False,11,False,False,False,False
v_new,Mubadala2023,phase5,11,0,GRI 3,3-3,Innovation & Digital Transformation,partial,,False,11,False,False,False,False
v_new,Mubadala2023,phase5,12,0,GRI 3,3-3,Leading Employment Practices,partial,,False,11,False,False,False,False
v_new,Mubadala2023,phase5,13,0,GRI 3,3-3,Low Carbon Energy Solutions,partial,,False,11,False,False,False,False
v_new,Mubadala2023,phase5,14,0,GRI 3,3-3,National Talent Enhancement,partial,,False,11,False,False,False,False
v_new,Mubadala2023,phase5,15,0,GRI 3,3-3,Reliable & Efficient Operations,partial,,False,11,False,False,False,False
v_new,Mubadala2023,phase5,16,0,GRI 3,3-3,Responsible Procurement,partial,,False,11,False,False,False,False
v_new,Mubadala2023,phase5,17,0,GRI 3,3-3,Spills & Waste Management,partial,,False,11,False,False,False,False
v_new,Mubadala2023,phase5,18,0,GRI 3,3-3,Stakeholder Relations & Partnerships,no_evidence,no page pack: page_list_no_matching_chunks; system limitation - human review required,True,0,False,False,True,True
v_new,Mubadala2023,phase5,19,0,GRI 3,3-3,"Strategy, Purpose, & Financial Resilience",no_evidence,,False,11,False,False,False,False
v_new,Mubadala2023,phase5,20,0,GRI 3,3-3,Talent Building & Retention,partial,,False,11,False,False,False,False
v_new,Mubadala2023,phase5,21,0,GRI 3,3-3,Upholding Human Rights,partial,,False,11,False,False,False,False
v_new,Mubadala2023,phase5,22,0,GRI 3,3-3,Water Resource Management,partial,,False,11,False,False,False,False
v_new,Mubadala2023,phase6,0,0,GRI 305: Emissions 2016,305-6,GHG & Other Air Emissions,omitted,no page pack: omitted,False,0,True,False,True,True
v_new,Mubadala2023,phase6,1,0,GRI 302: Energy 2016,302-5,Energy Consumption & Efficiency,omitted,no page pack: omitted,False,0,True,False,True,True
v_new,Mubadala2023,phase6,2,0,GRI 402: Labor/Management Relations 2016,402-1,Talent Building & Retention,omitted,no page pack: omitted,False,0,True,False,True,True
v_new,Mubadala2023,phase6,3,0,GRI 405: Diversity and Equal Opportunity 2016,405-2,Diversity & Inclusion,omitted,no page pack: omitted,False,0,True,False,True,True
v_new,Mubadala2023,phase6,4,0,GRI 305: Emissions 2016,305-1,GHG & Other Air Emissions,partial,,False,9,False,False,False,False
v_new,Mubadala2023,phase6,5,0,GRI 305: Emissions 2016,305-2,GHG & Other Air Emissions,partial,,False,9,False,False,False,False
v_new,Mubadala2023,phase6,6,0,GRI 305: Emissions 2016,305-3,GHG & Other Air Emissions,no_evidence,,False,9,False,False,False,False
v_new,Mubadala2023,phase6,7,0,GRI 305: Emissions 2016,305-4,GHG & Other Air Emissions,partial,,False,4,False,False,False,False
v_new,Mubadala2023,phase6,8,0,GRI 305: Emissions 2016,305-5,GHG & Other Air Emissions,partial,,False,5,False,False,False,False
v_new,Mubadala2023,phase6,9,0,GRI 305: Emissions 2016,305-7,GHG & Other Air Emissions,partial,,False,7,False,False,False,False
v_new,Mubadala2023,phase6,10,0,GRI 306: Waste 2020,306-1,Spills & Waste Management,no_evidence,,False,6,False,False,False,False
v_new,Mubadala2023,phase6,11,0,GRI 306: Waste 2020,306-2,Spills & Waste Management,partial,,False,24,False,False,False,False
v_new,Mubadala2023,phase6,12,0,GRI 306: Waste 2020,306-3,Spills & Waste Management,pass,,False,7,False,False,False,False
v_new,Mubadala2023,phase6,13,0,GRI 306: Waste 2020,306-4,Spills & Waste Management,no_evidence,,False,16,False,False,False,False
v_new,Mubadala2023,phase6,14,0,GRI 306: Waste 2020,306-5,Spills & Waste Management,no_evidence,,False,15,False,False,False,False
v_new,Mubadala2023,phase6,15,1,GRI 306: Effluents and Waste 2016,306-3,Spills & Waste Management,pass,,False,7,False,False,False,False
v_new,Mubadala2023,phase6,16,0,GRI 303: Water and Effluents 2018,303-1,Water Resource Management,partial,,False,4,False,False,False,False
v_new,Mubadala2023,phase6,17,0,GRI 303: Water and Effluents 2018,303-2,Water Resource Management,no_evidence,,False,4,False,False,False,False
v_new,Mubadala2023,phase6,18,0,GRI 303: Water and Effluents 2018,303-3,Water Resource Management,no_evidence,,False,13,False,False,False,False
v_new,Mubadala2023,phase6,19,0,GRI 303: Water and Effluents 2018,303-4,Water Resource Management,no_evidence,,False,12,False,False,False,False
v_new,Mubadala2023,phase6,20,0,GRI 303: Water and Effluents 2018,303-5,Water Resource Management,no_evidence,,False,4,False,False,False,False
v_new,Mubadala2023,phase6,21,0,GRI 302: Energy 2016,302-1,Energy Consumption & Efficiency,fail,,False,13,False,False,False,False
v_new,Mubadala2023,phase6,22,0,GRI 302: Energy 2016,302-2,Energy Consumption & Efficiency,no_evidence,,False,3,False,False,False,False
v_new,Mubadala2023,phase6,23,0,GRI 302: Energy 2016,302-3,Energy Consumption & Efficiency,partial,,False,4,False,False,False,False
v_new,Mubadala2023,phase6,24,0,GRI 302: Energy 2016,302-4,Energy Consumption & Efficiency,partial,,False,4,False,False,False,False
v_new,Mubadala2023,phase6,25,0,GRI 304: Biodiversity 2016,304-1,Biodiversity & Ecosystem,no_evidence,,False,7,False,False,False,False
v_new,Mubadala2023,phase6,26,0,GRI 304: Biodiversity 2016,304-2,Biodiversity & Ecosystem,partial,,False,10,False,False,False,False
v_new,Mubadala2023,phase6,27,0,GRI 304: Biodiversity 2016,304-3,Biodiversity & Ecosystem,no_evidence,,False,4,False,False,False,False
v_new,Mubadala2023,phase6,28,0,GRI 304: Biodiversity 2016,304-4,Biodiversity & Ecosystem,no_evidence,,False,5,False,False,False,False
v_new,Mubadala2023,phase6,29,0,GRI 403: Occupational Health and Safety 2018,403-1,"Health, Safety & Security of People",partial,,False,3,False,False,False,False
v_new,Mubadala2023,phase6,30,0,GRI 403: Occupational Health and Safety 2018,403-2,"Health, Safety & Security of People",partial,,False,5,False,False,False,False
v_new,Mubadala2023,phase6,31,0,GRI 403: Occupational Health and Safety 2018,403-3,"Health, Safety & Security of People",no_evidence,,False,1,False,False,False,False
v_new,Mubadala2023,phase6,32,0,GRI 403: Occupational Health and Safety 2018,403-4,"Health, Safety & Security of People",partial,,False,2,False,False,False,False
v_new,Mubadala2023,phase6,33,0,GRI 403: Occupational Health and Safety 2018,403-5,"Health, Safety & Security of People",pass,,False,1,False,False,False,False
v_new,Mubadala2023,phase6,34,0,GRI 403: Occupational Health and Safety 2018,403-6,"Health, Safety & Security of People",partial,,False,2,False,False,False,False
v_new,Mubadala2023,phase6,35,0,GRI 403: Occupational Health and Safety 2018,403-7,"Health, Safety & Security of People",pass,,False,1,False,False,False,False
v_new,Mubadala2023,phase6,36,0,GRI 403: Occupational Health and Safety 2018,403-8,"Health, Safety & Security of People",no_evidence,,False,4,False,False,False,False
v_new,Mubadala2023,phase6,37,0,GRI 403: Occupational Health and Safety 2018,403-9,"Health, Safety & Security of People",partial,,False,16,False,False,False,False
v_new,Mubadala2023,phase6,38,0,GRI 403: Occupational Health and Safety 2018,403-10,"Health, Safety & Security of People",partial,,False,10,False,False,False,False
v_new,Mubadala2023,phase6,39,0,GRI 404: Training and Education 2016,404-1,Talent Building & Retention,fail,,False,2,False,False,False,False
v_new,Mubadala2023,phase6,40,0,GRI 404: Training and Education 2016,404-2,Talent Building & Retention,partial,,False,2,False,False,False,False
v_new,Mubadala2023,phase6,41,0,GRI 404: Training and Education 2016,404-3,Talent Building & Retention,no_evidence,,False,1,False,False,False,False
v_new,Mubadala2023,phase6,42,0,GRI 408: Child Labor 2016,408-1,Upholding Human Rights,partial,,False,5,False,False,False,False
v_new,Mubadala2023,phase6,43,0,GRI 405: Diversity and Equal Opportunity 2016,405-1,Diversity & Inclusion,partial,,False,6,False,False,False,False
v_new,Mubadala2023,phase6,44,0,GRI 406: Non-discrimination 2016,406-1,Diversity & Inclusion,no_evidence,,False,5,False,False,False,False
v_new,Mubadala2023,phase6,45,0,GRI 413: Local Communities 2016,413-1,Contributing to Communities & Societies,no_evidence,,False,8,False,False,False,False
v_new,Mubadala2023,phase6,46,0,GRI 413: Local Communities 2016,413-2,Contributing to Communities & Societies,no_evidence,,False,2,False,False,False,False
v_new,Mubadala2023,phase6,47,0,GRI 401: Employment 2016,401-2,Leading Employment Practices,no_evidence,,False,8,False,False,False,False
v_new,Mubadala2023,phase6,48,0,GRI 401: Employment 2016,401-3,Leading Employment Practices,no_evidence,,False,5,False,False,False,False
v_new,Mubadala2023,phase6,49,0,GRI 205: Anti-corruption 2016,205-1,Governance & Business Ethics,partial,,False,2,False,False,False,False
v_new,Mubadala2023,phase6,50,0,GRI 205: Anti-corruption 2016,205-2,Governance & Business Ethics,partial,,False,5,False,False,False,False
v_new,Mubadala2023,phase6,51,0,GRI 205: Anti-corruption 2016,205-3,Governance & Business Ethics,partial,,False,4,False,False,False,False
v_new,Mubadala2023,phase6,52,0,GRI 418: Customer Privacy 2016,418-1,Cyber Security,no_evidence,,False,4,False,False,False,False
v_new,Mubadala2023,phase6,53,0,GRI 414: Supplier Social Assessment 2016,414-1,Responsible Procurement,no_evidence,,False,1,False,False,False,False
v_new,Mubadala2023,phase6,54,0,GRI 414: Supplier Social Assessment 2016,414-2,Responsible Procurement,no_evidence,,False,5,False,False,False,False
v_new,Mubadala2023,phase6,55,0,GRI 204: Procurement Practices 2016,204-1,Responsible Procurement,partial,,False,3,False,False,False,False
v_new,Mubadala2024,phase3,0,0,GRI 2,2-1,,partial,,False,4,False,False,False,False
v_new,Mubadala2024,phase3,1,0,GRI 2,2-2,,no_evidence,,False,5,False,False,False,False
v_new,Mubadala2024,phase3,2,0,GRI 2,2-3,,partial,,False,4,False,False,False,False
v_new,Mubadala2024,phase3,3,0,GRI 2,2-4,,no_evidence,no page pack: page_list_no_matching_chunks; system limitation — human review required,True,0,False,False,True,True
v_new,Mubadala2024,phase3,4,0,GRI 2,2-5,,no_evidence,,False,4,False,False,False,False
v_new,Mubadala2024,phase3,5,0,GRI 2,2-6,,partial,,False,6,False,False,False,False
v_new,Mubadala2024,phase3,6,0,GRI 2,2-7,,no_evidence,,False,10,False,False,False,False
v_new,Mubadala2024,phase3,7,0,GRI 2,2-8,,omitted,no page pack: omitted,False,0,True,False,True,True
v_new,Mubadala2024,phase3,8,0,GRI 2,2-9,,partial,,False,10,False,False,False,False
v_new,Mubadala2024,phase3,9,0,GRI 2,2-10,,no_evidence,,False,5,False,False,False,False
v_new,Mubadala2024,phase3,10,0,GRI 2,2-11,,partial,,False,2,False,False,False,False
v_new,Mubadala2024,phase3,11,0,GRI 2,2-12,,no_evidence,,False,4,False,False,False,False
v_new,Mubadala2024,phase3,12,0,GRI 2,2-13,,no_evidence,,False,3,False,False,False,False
v_new,Mubadala2024,phase3,13,0,GRI 2,2-14,,no_evidence,,False,2,False,False,False,False
v_new,Mubadala2024,phase3,14,0,GRI 2,2-15,,no_evidence,,False,5,False,False,False,False
v_new,Mubadala2024,phase3,15,0,GRI 2,2-16,,no_evidence,,False,2,False,False,False,False
v_new,Mubadala2024,phase3,16,0,GRI 2,2-17,,no_evidence,,False,1,False,False,False,False
v_new,Mubadala2024,phase3,17,0,GRI 2,2-18,,no_evidence,,False,3,False,False,False,False
v_new,Mubadala2024,phase3,18,0,GRI 2,2-19,,omitted,no page pack: omitted,False,0,True,False,True,True
v_new,Mubadala2024,phase3,19,0,GRI 2,2-20,,omitted,no page pack: omitted,False,0,True,False,True,True
v_new,Mubadala2024,phase3,20,0,GRI 2,2-21,,omitted,no page pack: omitted,False,0,True,False,True,True
v_new,Mubadala2024,phase3,21,0,GRI 2,2-22,,partial,,False,1,False,False,False,False
v_new,Mubadala2024,phase3,22,0,GRI 2,2-23,,partial,,False,10,False,False,False,False
v_new,Mubadala2024,phase3,23,0,GRI 2,2-24,,partial,,False,4,False,False,False,False
v_new,Mubadala2024,phase3,24,0,GRI 2,2-25,,no_evidence,,False,5,False,False,False,False
v_new,Mubadala2024,phase3,25,0,GRI 2,2-26,,partial,,False,2,False,False,False,False
v_new,Mubadala2024,phase3,26,0,GRI 2,2-27,,no_evidence,,False,6,False,False,False,False
v_new,Mubadala2024,phase3,27,0,GRI 2,2-28,,omitted,no page pack: omitted,False,0,True,False,True,True
v_new,Mubadala2024,phase3,28,0,GRI 2,2-29,,partial,,False,3,False,False,False,False
v_new,Mubadala2024,phase3,29,0,GRI 2,2-30,,omitted,no page pack: omitted,False,0,True,False,True,True
v_new,Mubadala2024,phase5,0,0,GRI 3,3-1,,partial,,False,3,False,False,False,False
v_new,Mubadala2024,phase5,1,0,GRI 3,3-2,,partial,,False,2,False,False,False,False
v_new,Mubadala2024,phase5,2,0,GRI 3,3-3,"Climate Adaptation, Resilience & Transition",no_evidence,,False,11,False,False,False,False
v_new,Mubadala2024,phase5,3,0,GRI 3,3-3,Communities & Societies,partial,,False,11,False,False,False,False
v_new,Mubadala2024,phase5,4,0,GRI 3,3-3,Data Governance & AI Use,partial,,False,11,False,False,False,False
v_new,Mubadala2024,phase5,5,0,GRI 3,3-3,Diversity & Inclusion,partial,,False,11,False,False,False,False
v_new,Mubadala2024,phase5,6,0,GRI 3,3-3,Employment Practices,partial,,False,11,False,False,False,False
v_new,Mubadala2024,phase5,7,0,GRI 3,3-3,Energy Consumption,partial,,False,11,False,False,False,False
v_new,Mubadala2024,phase5,8,0,GRI 3,3-3,GHG & Other Air Emissions,partial,,False,11,False,False,False,False
v_new,Mubadala2024,phase5,9,0,GRI 3,3-3,Governance & Business Ethics,partial,,False,11,False,False,False,False
v_new,Mubadala2024,phase5,10,0,GRI 3,3-3,"Health, Safety & Security of People",partial,,False,11,False,False,False,False
v_new,Mubadala2024,phase5,11,0,GRI 3,3-3,Human Rights,partial,,False,11,False,False,False,False
v_new,Mubadala2024,phase5,12,0,GRI 3,3-3,Innovation and Digital Transformation,partial,,False,11,False,False,False,False
v_new,Mubadala2024,phase5,13,0,GRI 3,3-3,Nature & Biodiversity,partial,,False,11,False,False,False,False
v_new,Mubadala2024,phase5,14,0,GRI 3,3-3,Responsible Procurement,partial,,False,11,False,False,False,False
v_new,Mubadala2024,phase5,15,0,GRI 3,3-3,Risk Management,partial,,False,11,False,False,False,False
v_new,Mubadala2024,phase5,16,0,GRI 3,3-3,"Talent Attraction, Retention, & Development",partial,,False,11,False,False,False,False
v_new,Mubadala2024,phase5,17,0,GRI 3,3-3,Waste Management,partial,,False,11,False,False,False,False
v_new,Mubadala2024,phase5,18,0,GRI 3,3-3,Water Resource Management,partial,,False,11,False,False,False,False
v_new,Mubadala2024,phase6,0,0,GRI 305: Emissions 2016,305-6,GHG & Other Air Emissions,omitted,no page pack: omitted,False,0,True,False,True,True
v_new,Mubadala2024,phase6,1,0,GRI 302: Energy 2016,302-5,Energy Consumption,omitted,no page pack: omitted,False,0,True,False,True,True
v_new,Mubadala2024,phase6,2,0,GRI 304: Biodiversity 2016,304-1,Nature & Biodiversity,omitted,no page pack: omitted,False,0,True,False,True,True
v_new,Mubadala2024,phase6,3,0,GRI 304: Biodiversity 2016,304-4,Nature & Biodiversity,omitted,no page pack: omitted,False,0,True,False,True,True
v_new,Mubadala2024,phase6,4,0,GRI 402: Labor/Management Relations 2016,402-1,"Talent Attraction, Retention, & Development",omitted,no page pack: omitted,False,0,True,False,True,True
v_new,Mubadala2024,phase6,5,0,GRI 405: Diversity and Equal Opportunity 2016,405-2,Diversity & Inclusion,omitted,no page pack: omitted,False,0,True,False,True,True
v_new,Mubadala2024,phase6,6,0,GRI 401: Employment 2016,401-3,Employment Practices,no_evidence,no page pack: page_list_no_matching_chunks; system limitation — human review required,True,0,False,False,True,True
v_new,Mubadala2024,phase6,7,0,GRI 305: Emissions 2016,305-1,GHG & Other Air Emissions,partial,,False,9,False,False,False,False
v_new,Mubadala2024,phase6,8,0,GRI 305: Emissions 2016,305-2,GHG & Other Air Emissions,partial,,False,9,False,False,False,False
v_new,Mubadala2024,phase6,9,0,GRI 305: Emissions 2016,305-3,GHG & Other Air Emissions,no_evidence,,False,9,False,False,False,False
v_new,Mubadala2024,phase6,10,0,GRI 305: Emissions 2016,305-4,GHG & Other Air Emissions,partial,,False,4,False,False,False,False
v_new,Mubadala2024,phase6,11,0,GRI 305: Emissions 2016,305-5,GHG & Other Air Emissions,partial,,False,5,False,False,False,False
v_new,Mubadala2024,phase6,12,0,GRI 305: Emissions 2016,305-7,GHG & Other Air Emissions,partial,,False,7,False,False,False,False
v_new,Mubadala2024,phase6,13,0,GRI 306: Waste 2020,306-1,Waste Management,no_evidence,,False,6,False,False,False,False
v_new,Mubadala2024,phase6,14,0,GRI 306: Waste 2020,306-2,Waste Management,partial,,False,24,False,False,False,False
v_new,Mubadala2024,phase6,15,0,GRI 306: Waste 2020,306-3,Waste Management,no_evidence,,False,7,False,False,False,False
v_new,Mubadala2024,phase6,16,0,GRI 306: Waste 2020,306-4,Waste Management,partial,,False,16,False,False,False,False
v_new,Mubadala2024,phase6,17,0,GRI 306: Waste 2020,306-5,Waste Management,partial,,False,15,False,False,False,False
v_new,Mubadala2024,phase6,18,1,GRI 306: Effluents and Waste 2016,306-3,Waste Management,partial,,False,7,False,False,False,False
v_new,Mubadala2024,phase6,19,0,GRI 303: Water and Effluents 2018,303-1,Water Resource Management,partial,,False,4,False,False,False,False
v_new,Mubadala2024,phase6,20,0,GRI 303: Water and Effluents 2018,303-2,Water Resource Management,no_evidence,,False,4,False,False,False,False
v_new,Mubadala2024,phase6,21,0,GRI 303: Water and Effluents 2018,303-3,Water Resource Management,partial,,False,13,False,False,False,False
v_new,Mubadala2024,phase6,22,0,GRI 303: Water and Effluents 2018,303-4,Water Resource Management,no_evidence,,False,12,False,False,False,False
v_new,Mubadala2024,phase6,23,0,GRI 303: Water and Effluents 2018,303-5,Water Resource Management,partial,,False,4,False,False,False,False
v_new,Mubadala2024,phase6,24,0,GRI 302: Energy 2016,302-1,Energy Consumption,partial,,False,13,False,False,False,False
v_new,Mubadala2024,phase6,25,0,GRI 302: Energy 2016,302-2,Energy Consumption,no_evidence,,False,3,False,False,False,False
v_new,Mubadala2024,phase6,26,0,GRI 302: Energy 2016,302-3,Energy Consumption,partial,,False,4,False,False,False,False
v_new,Mubadala2024,phase6,27,0,GRI 302: Energy 2016,302-4,Energy Consumption,partial,,False,4,False,False,False,False
v_new,Mubadala2024,phase6,28,0,GRI 304: Biodiversity 2016,304-2,Nature & Biodiversity,partial,,False,10,False,False,False,False
v_new,Mubadala2024,phase6,29,0,GRI 304: Biodiversity 2016,304-3,Nature & Biodiversity,partial,,False,4,False,False,False,False
v_new,Mubadala2024,phase6,30,0,GRI 403: Occupational Health and Safety 2018,403-1,"Health, Safety & Security of People",partial,,False,3,False,False,False,False
v_new,Mubadala2024,phase6,31,0,GRI 403: Occupational Health and Safety 2018,403-2,"Health, Safety & Security of People",partial,,False,5,False,False,False,False
v_new,Mubadala2024,phase6,32,0,GRI 403: Occupational Health and Safety 2018,403-3,"Health, Safety & Security of People",partial,,False,1,False,False,False,False
v_new,Mubadala2024,phase6,33,0,GRI 403: Occupational Health and Safety 2018,403-4,"Health, Safety & Security of People",partial,,False,2,False,False,False,False
v_new,Mubadala2024,phase6,34,0,GRI 403: Occupational Health and Safety 2018,403-5,"Health, Safety & Security of People",pass,,False,1,False,False,False,False
v_new,Mubadala2024,phase6,35,0,GRI 403: Occupational Health and Safety 2018,403-6,"Health, Safety & Security of People",no_evidence,,False,2,False,False,False,False
v_new,Mubadala2024,phase6,36,0,GRI 403: Occupational Health and Safety 2018,403-7,"Health, Safety & Security of People",pass,,False,1,False,False,False,False
v_new,Mubadala2024,phase6,37,0,GRI 403: Occupational Health and Safety 2018,403-8,"Health, Safety & Security of People",no_evidence,,False,4,False,False,False,False
v_new,Mubadala2024,phase6,38,0,GRI 403: Occupational Health and Safety 2018,403-9,"Health, Safety & Security of People",partial,,False,16,False,False,False,False
v_new,Mubadala2024,phase6,39,0,GRI 403: Occupational Health and Safety 2018,403-10,"Health, Safety & Security of People",partial,,False,10,False,False,False,False
v_new,Mubadala2024,phase6,40,0,GRI 404: Training and Education 2016,404-1,"Talent Attraction, Retention, & Development",partial,,False,2,False,False,False,False
v_new,Mubadala2024,phase6,41,0,GRI 404: Training and Education 2016,404-2,"Talent Attraction, Retention, & Development",partial,,False,2,False,False,False,False
v_new,Mubadala2024,phase6,42,0,GRI 404: Training and Education 2016,404-3,"Talent Attraction, Retention, & Development",partial,,False,1,False,False,False,False
v_new,Mubadala2024,phase6,43,0,GRI 405: Diversity and Equal Opportunity 2016,405-1,Diversity & Inclusion,partial,,False,6,False,False,False,False
v_new,Mubadala2024,phase6,44,0,GRI 406: Non-discrimination 2016,406-1,Diversity & Inclusion,no_evidence,,False,5,False,False,False,False
v_new,Mubadala2024,phase6,45,0,GRI 413: Local Communities 2016,413-1,Communities & Societies,no_evidence,,False,8,False,False,False,False
v_new,Mubadala2024,phase6,46,0,GRI 413: Local Communities 2016,413-2,Communities & Societies,no_evidence,,False,2,False,False,False,False
v_new,Mubadala2024,phase6,47,0,GRI 401: Employment 2016,401-2,Employment Practices,partial,,False,8,False,False,False,False
v_new,Mubadala2024,phase6,48,0,GRI 408: Child Labor 2016,408-1,Human Rights,no_evidence,,False,5,False,False,False,False
v_new,Mubadala2024,phase6,49,0,GRI 205: Anti-corruption 2016,205-1,Governance & Business Ethics,partial,,False,2,False,False,False,False
v_new,Mubadala2024,phase6,50,0,GRI 205: Anti-corruption 2016,205-2,Governance & Business Ethics,no_evidence,,False,5,False,False,False,False
v_new,Mubadala2024,phase6,51,0,GRI 205: Anti-corruption 2016,205-3,Governance & Business Ethics,partial,,False,4,False,False,False,False
v_new,Mubadala2024,phase6,52,0,GRI 418: Customer Privacy 2016,418-1,Data Governance & AI Use,no_evidence,,False,4,False,False,False,False
v_new,Mubadala2024,phase6,53,0,GRI 414: Supplier Social Assessment 2016,414-1,Responsible Procurement,no_evidence,,False,1,False,False,False,False
v_new,Mubadala2024,phase6,54,0,GRI 414: Supplier Social Assessment 2016,414-2,Responsible Procurement,partial,,False,5,False,False,False,False
v_new,Mubadala2024,phase6,55,0,GRI 204: Procurement Practices 2016,204-1,Responsible Procurement,partial,,False,3,False,False,False,False
v_new,OKQ82023,phase3,0,0,GRI 2,2-1,,partial,,False,4,False,False,False,False
v_new,OKQ82023,phase3,1,0,GRI 2,2-2,,partial,,False,5,False,False,False,False
v_new,OKQ82023,phase3,2,0,GRI 2,2-3,,partial,,False,4,False,False,False,False
v_new,OKQ82023,phase3,3,0,GRI 2,2-4,,no_evidence,,False,2,False,False,False,False
v_new,OKQ82023,phase3,4,0,GRI 2,2-5,,partial,,False,4,False,False,False,False
v_new,OKQ82023,phase3,5,0,GRI 2,2-6,,partial,,False,6,False,False,False,False
v_new,OKQ82023,phase3,6,0,GRI 2,2-7,,no_evidence,,False,10,False,False,False,False
v_new,OKQ82023,phase3,7,0,GRI 2,2-8,,omitted,no page pack: omitted,False,0,True,False,True,True
v_new,OKQ82023,phase3,8,0,GRI 2,2-9,,omitted,no page pack: omitted,False,0,True,False,True,True
v_new,OKQ82023,phase3,9,0,GRI 2,2-10,,omitted,no page pack: omitted,False,0,True,False,True,True
v_new,OKQ82023,phase3,10,0,GRI 2,2-11,,partial,,False,2,False,False,False,False
v_new,OKQ82023,phase3,11,0,GRI 2,2-12,,partial,,False,4,False,False,False,False
v_new,OKQ82023,phase3,12,0,GRI 2,2-13,,partial,,False,3,False,False,False,False
v_new,OKQ82023,phase3,13,0,GRI 2,2-14,,pass,,False,2,False,False,False,False
v_new,OKQ82023,phase3,14,0,GRI 2,2-15,,omitted,no page pack: omitted,False,0,True,False,True,True
v_new,OKQ82023,phase3,15,0,GRI 2,2-16,,partial,,False,2,False,False,False,False
v_new,OKQ82023,phase3,16,0,GRI 2,2-17,,partial,,False,1,False,False,False,False
v_new,OKQ82023,phase3,17,0,GRI 2,2-18,,partial,,False,3,False,False,False,False
v_new,OKQ82023,phase3,18,0,GRI 2,2-19,,omitted,no page pack: omitted,False,0,True,False,True,True
v_new,OKQ82023,phase3,19,0,GRI 2,2-20,,omitted,no page pack: omitted,False,0,True,False,True,True
v_new,OKQ82023,phase3,20,0,GRI 2,2-21,,omitted,no page pack: omitted,False,0,True,False,True,True
v_new,OKQ82023,phase3,21,0,GRI 2,2-22,,pass,,False,1,False,False,False,False
v_new,OKQ82023,phase3,22,0,GRI 2,2-23,,partial,,False,10,False,False,False,False
v_new,OKQ82023,phase3,23,0,GRI 2,2-24,,partial,,False,4,False,False,False,False
v_new,OKQ82023,phase3,24,0,GRI 2,2-25,,partial,,False,5,False,False,False,False
v_new,OKQ82023,phase3,25,0,GRI 2,2-26,,partial,,False,2,False,False,False,False
v_new,OKQ82023,phase3,26,0,GRI 2,2-27,,no_evidence,,False,6,False,False,False,False
v_new,OKQ82023,phase3,27,0,GRI 2,2-28,,pass,,False,1,False,False,False,False
v_new,OKQ82023,phase3,28,0,GRI 2,2-29,,partial,,False,3,False,False,False,False
v_new,OKQ82023,phase3,29,0,GRI 2,2-30,,partial,,False,2,False,False,False,False
v_new,OKQ82023,phase5,0,0,GRI 3,3-1,,pass,,False,3,False,False,False,False
v_new,OKQ82023,phase5,1,0,GRI 3,3-2,,partial,,False,2,False,False,False,False
v_new,OKQ82023,phase5,2,0,GRI 3,3-3,Anti-competitive behavior,partial,,False,11,False,False,False,False
v_new,OKQ82023,phase5,3,0,GRI 3,3-3,Anti-corruption,partial,,False,11,False,False,False,False
v_new,OKQ82023,phase5,4,0,GRI 3,3-3,Biodiversity,partial,,False,11,False,False,False,False
v_new,OKQ82023,phase5,5,0,GRI 3,3-3,Diversity and equal opportunity,partial,,False,11,False,False,False,False
v_new,OKQ82023,phase5,6,0,GRI 3,3-3,Emissions,partial,,False,11,False,False,False,False
v_new,OKQ82023,phase5,7,0,GRI 3,3-3,Employment,partial,,False,11,False,False,False,False
v_new,OKQ82023,phase5,8,0,GRI 3,3-3,Energy,partial,,False,11,False,False,False,False
v_new,OKQ82023,phase5,9,0,GRI 3,3-3,Forced or compulsory labour,partial,,False,11,False,False,False,False
v_new,OKQ82023,phase5,10,0,GRI 3,3-3,Freedom of association and collective bargaining,no_evidence,,False,11,False,False,False,False
v_new,OKQ82023,phase5,11,0,GRI 3,3-3,Labour/management relations,no_evidence,,False,11,False,False,False,False
v_new,OKQ82023,phase5,12,0,GRI 3,3-3,Non-discrimination,partial,,False,11,False,False,False,False
v_new,OKQ82023,phase5,13,0,GRI 3,3-3,Occupational health and safety,partial,,False,11,False,False,False,False
v_new,OKQ82023,phase5,14,0,GRI 3,3-3,Supplier environmental assessment,partial,,False,11,False,False,False,False
v_new,OKQ82023,phase5,15,0,GRI 3,3-3,Supplier social assessment,partial,,False,11,False,False,False,False
v_new,OKQ82023,phase5,16,0,GRI 3,3-3,Training and education,partial,,False,11,False,False,False,False
v_new,OKQ82023,phase5,17,0,GRI 3,3-3,Waste,partial,,False,11,False,False,False,False
v_new,OKQ82023,phase5,18,0,GRI 3,3-3,Water and effluents,partial,,False,11,False,False,False,False
v_new,OKQ82023,phase6,0,0,GRI 302: Energy 2016,302-2,Energy,omitted,no page pack: omitted,False,0,True,False,True,True
v_new,OKQ82023,phase6,1,0,GRI 303: Water and Effluents 2018,303-1,Water and effluents,omitted,no page pack: omitted,False,0,True,False,True,True
v_new,OKQ82023,phase6,2,0,GRI 303: Water and Effluents 2018,303-2,Water and effluents,omitted,no page pack: omitted,False,0,True,False,True,True
v_new,OKQ82023,phase6,3,0,GRI 303: Water and Effluents 2018,303-3,Water and effluents,omitted,no page pack: omitted,False,0,True,False,True,True
v_new,OKQ82023,phase6,4,0,GRI 303: Water and Effluents 2018,303-4,Water and effluents,omitted,no page pack: omitted,False,0,True,False,True,True
v_new,OKQ82023,phase6,5,0,GRI 303: Water and Effluents 2018,303-5,Water and effluents,omitted,no page pack: omitted,False,0,True,False,True,True
v_new,OKQ82023,phase6,6,0,GRI 304: Biodiversity 2016,304-1,Biodiversity,omitted,no page pack: omitted,False,0,True,False,True,True
v_new,OKQ82023,phase6,7,0,GRI 304: Biodiversity 2016,304-4,Biodiversity,omitted,no page pack: omitted,False,0,True,False,True,True
v_new,OKQ82023,phase6,8,0,GRI 401: Employment 2016,401-3,Employment,omitted,no page pack: omitted,False,0,True,False,True,True
v_new,OKQ82023,phase6,9,0,GRI 404: Training and Education 2016,404-1,Training and education,omitted,no page pack: omitted,False,0,True,False,True,True
v_new,OKQ82023,phase6,10,0,GRI 405: Diversity and Equal Opportunity 2016,405-2,Diversity and equal opportunity,omitted,no page pack: omitted,False,0,True,False,True,True
v_new,OKQ82023,phase6,11,0,GRI 407: Freedom of Association and Collective Bargaining 2016,407-1,Freedom of association and collective bargaining,omitted,no page pack: omitted,False,0,True,False,True,True
v_new,OKQ82023,phase6,12,0,GRI 409: Forced or Compulsory Labour 2016,409-1,Forced or compulsory labour,omitted,no page pack: omitted,False,0,True,False,True,True
v_new,OKQ82023,phase6,13,0,GRI 414: Supplier Social Assessment 2016,414-1,Supplier social assessment,omitted,no page pack: omitted,False,0,True,False,True,True
v_new,OKQ82023,phase6,14,0,GRI 205: Anti-corruption 2016,205-1,Anti-corruption,no_evidence,,False,2,False,False,False,False
v_new,OKQ82023,phase6,15,0,GRI 205: Anti-corruption 2016,205-2,Anti-corruption,no_evidence,,False,5,False,False,False,False
v_new,OKQ82023,phase6,16,0,GRI 205: Anti-corruption 2016,205-3,Anti-corruption,no_evidence,,False,4,False,False,False,False
v_new,OKQ82023,phase6,17,0,GRI 206: Anti-competitive Behavior 2016,206-1,Anti-competitive behavior,no_evidence,,False,2,False,False,False,False
v_new,OKQ82023,phase6,18,0,GRI 302: Energy 2016,302-1,Energy,no_evidence,,False,13,False,False,False,False
v_new,OKQ82023,phase6,19,0,GRI 302: Energy 2016,302-3,Energy,partial,,False,4,False,False,False,False
v_new,OKQ82023,phase6,20,0,GRI 302: Energy 2016,302-4,Energy,no_evidence,,False,4,False,False,False,False
v_new,OKQ82023,phase6,21,0,GRI 304: Biodiversity 2016,304-2,Biodiversity,partial,,False,10,False,False,False,False
v_new,OKQ82023,phase6,22,0,GRI 304: Biodiversity 2016,304-3,Biodiversity,no_evidence,,False,4,False,False,False,False
v_new,OKQ82023,phase6,23,0,GRI 305: Emissions 2016,305-1,Emissions,partial,,False,9,False,False,False,False
v_new,OKQ82023,phase6,24,0,GRI 305: Emissions 2016,305-2,Emissions,partial,,False,9,False,False,False,False
v_new,OKQ82023,phase6,25,0,GRI 305: Emissions 2016,305-3,Emissions,partial,,False,9,False,False,False,False
v_new,OKQ82023,phase6,26,0,GRI 305: Emissions 2016,305-4,Emissions,partial,,False,4,False,False,False,False
v_new,OKQ82023,phase6,27,0,GRI 305: Emissions 2016,305-5,Emissions,partial,,False,5,False,False,False,False
v_new,OKQ82023,phase6,28,0,GRI 305: Emissions 2016,305-7,Emissions,partial,,False,7,False,False,False,False
v_new,OKQ82023,phase6,29,0,GRI 306: Effluents and Waste 2016,306-3,Waste,partial,,False,7,False,False,False,False
v_new,OKQ82023,phase6,30,0,GRI 306: Waste 2020,306-1,Waste,no_evidence,,False,6,False,False,False,False
v_new,OKQ82023,phase6,31,0,GRI 306: Waste 2020,306-2,Waste,partial,,False,24,False,False,False,False
v_new,OKQ82023,phase6,32,1,GRI 306: Waste 2020,306-3,Waste,partial,,False,7,False,False,False,False
v_new,OKQ82023,phase6,33,0,GRI 306: Waste 2020,306-4,Waste,no_evidence,,False,16,False,False,False,False
v_new,OKQ82023,phase6,34,0,GRI 306: Waste 2020,306-5,Waste,no_evidence,,False,15,False,False,False,False
v_new,OKQ82023,phase6,35,0,GRI 308: Supplier Environmental Assessment 2016,308-2,Supplier environmental assessment,no_evidence,,False,5,False,False,False,False
v_new,OKQ82023,phase6,36,0,GRI 401: Employment 2016,401-1,Employment,no_evidence,,False,2,False,False,False,False
v_new,OKQ82023,phase6,37,0,GRI 401: Employment 2016,401-2,Employment,no_evidence,,False,8,False,False,False,False
v_new,OKQ82023,phase6,38,0,GRI 402: Labour/Management Relations 2016,402-1,Labour/management relations,no_evidence,,False,2,False,False,False,False
v_new,OKQ82023,phase6,39,0,GRI 403: Occupational Health and Safety 2018,403-1,Occupational health and safety,partial,,False,3,False,False,False,False
v_new,OKQ82023,phase6,40,0,GRI 403: Occupational Health and Safety 2018,403-2,Occupational health and safety,partial,,False,5,False,False,False,False
v_new,OKQ82023,phase6,41,0,GRI 403: Occupational Health and Safety 2018,403-3,Occupational health and safety,partial,,False,1,False,False,False,False
v_new,OKQ82023,phase6,42,0,GRI 403: Occupational Health and Safety 2018,403-4,Occupational health and safety,partial,,False,2,False,False,False,False
v_new,OKQ82023,phase6,43,0,GRI 403: Occupational Health and Safety 2018,403-5,Occupational health and safety,pass,,False,1,False,False,False,False
v_new,OKQ82023,phase6,44,0,GRI 403: Occupational Health and Safety 2018,403-6,Occupational health and safety,partial,,False,2,False,False,False,False
v_new,OKQ82023,phase6,45,0,GRI 403: Occupational Health and Safety 2018,403-7,Occupational health and safety,pass,,False,1,False,False,False,False
v_new,OKQ82023,phase6,46,0,GRI 403: Occupational Health and Safety 2018,403-8,Occupational health and safety,no_evidence,,False,4,False,False,False,False
v_new,OKQ82023,phase6,47,0,GRI 403: Occupational Health and Safety 2018,403-9,Occupational health and safety,partial,,False,16,False,False,False,False
v_new,OKQ82023,phase6,48,0,GRI 403: Occupational Health and Safety 2018,403-10,Occupational health and safety,partial,,False,10,False,False,False,False
v_new,OKQ82023,phase6,49,0,GRI 404: Training and Education 2016,404-2,Training and education,partial,,False,2,False,False,False,False
v_new,OKQ82023,phase6,50,0,GRI 404: Training and Education 2016,404-3,Training and education,no_evidence,,False,1,False,False,False,False
v_new,OKQ82023,phase6,51,0,GRI 405: Diversity and Equal Opportunity 2016,405-1,Diversity and equal opportunity,no_evidence,,False,6,False,False,False,False
v_new,OKQ82023,phase6,52,0,GRI 406: Non-discrimination 2016,406-1,Non-discrimination,no_evidence,,False,5,False,False,False,False
v_new,OKQ82023,phase6,53,0,GRI 414: Supplier Social Assessment 2016,414-2,Supplier social assessment,no_evidence,,False,5,False,False,False,False
v_new,OKQ82024,phase3,0,0,GRI 2,2-1,,partial,,False,4,False,False,False,False
v_new,OKQ82024,phase3,1,0,GRI 2,2-2,,partial,,False,5,False,False,False,False
v_new,OKQ82024,phase3,2,0,GRI 2,2-3,,partial,,False,4,False,False,False,False
v_new,OKQ82024,phase3,3,0,GRI 2,2-4,,no_evidence,,False,2,False,False,False,False
v_new,OKQ82024,phase3,4,0,GRI 2,2-5,,partial,,False,4,False,False,False,False
v_new,OKQ82024,phase3,5,0,GRI 2,2-6,,partial,,False,6,False,False,False,False
v_new,OKQ82024,phase3,6,0,GRI 2,2-7,,no_evidence,,False,10,False,False,False,False
v_new,OKQ82024,phase3,7,0,GRI 2,2-8,,omitted,no page pack: omitted,False,0,True,False,True,True
v_new,OKQ82024,phase3,8,0,GRI 2,2-9,,omitted,no page pack: omitted,False,0,True,False,True,True
v_new,OKQ82024,phase3,9,0,GRI 2,2-10,,omitted,no page pack: omitted,False,0,True,False,True,True
v_new,OKQ82024,phase3,10,0,GRI 2,2-11,,no_evidence,,False,2,False,False,False,False
v_new,OKQ82024,phase3,11,0,GRI 2,2-12,,partial,,False,4,False,False,False,False
v_new,OKQ82024,phase3,12,0,GRI 2,2-13,,pass,,False,3,False,False,False,False
v_new,OKQ82024,phase3,13,0,GRI 2,2-14,,pass,,False,2,False,False,False,False
v_new,OKQ82024,phase3,14,0,GRI 2,2-15,,omitted,no page pack: omitted,False,0,True,False,True,True
v_new,OKQ82024,phase3,15,0,GRI 2,2-16,,partial,,False,2,False,False,False,False
v_new,OKQ82024,phase3,16,0,GRI 2,2-17,,no_evidence,,False,1,False,False,False,False
v_new,OKQ82024,phase3,17,0,GRI 2,2-18,,partial,,False,3,False,False,False,False
v_new,OKQ82024,phase3,18,0,GRI 2,2-19,,omitted,no page pack: omitted,False,0,True,False,True,True
v_new,OKQ82024,phase3,19,0,GRI 2,2-20,,omitted,no page pack: omitted,False,0,True,False,True,True
v_new,OKQ82024,phase3,20,0,GRI 2,2-21,,omitted,no page pack: omitted,False,0,True,False,True,True
v_new,OKQ82024,phase3,21,0,GRI 2,2-22,,pass,,False,1,False,False,False,False
v_new,OKQ82024,phase3,22,0,GRI 2,2-23,,partial,,False,10,False,False,False,False
v_new,OKQ82024,phase3,23,0,GRI 2,2-24,,partial,,False,4,False,False,False,False
v_new,OKQ82024,phase3,24,0,GRI 2,2-25,,partial,,False,5,False,False,False,False
v_new,OKQ82024,phase3,25,0,GRI 2,2-26,,partial,,False,2,False,False,False,False
v_new,OKQ82024,phase3,26,0,GRI 2,2-27,,no_evidence,,False,6,False,False,False,False
v_new,OKQ82024,phase3,27,0,GRI 2,2-28,,pass,,False,1,False,False,False,False
v_new,OKQ82024,phase3,28,0,GRI 2,2-29,,partial,,False,3,False,False,False,False
v_new,OKQ82024,phase3,29,0,GRI 2,2-30,,partial,,False,2,False,False,False,False
v_new,OKQ82024,phase5,0,0,GRI 3,3-1,,pass,,False,3,False,False,False,False
v_new,OKQ82024,phase5,1,0,GRI 3,3-2,,partial,,False,2,False,False,False,False
v_new,OKQ82024,phase5,2,0,GRI 3,3-3,Anti-competitive behavior,partial,,False,11,False,False,False,False
v_new,OKQ82024,phase5,3,0,GRI 3,3-3,Anti-corruption,partial,,False,11,False,False,False,False
v_new,OKQ82024,phase5,4,0,GRI 3,3-3,Biodiversity,partial,,False,11,False,False,False,False
v_new,OKQ82024,phase5,5,0,GRI 3,3-3,Diversity and equal opportunity,partial,,False,11,False,False,False,False
v_new,OKQ82024,phase5,6,0,GRI 3,3-3,Emissions,partial,,False,11,False,False,False,False
v_new,OKQ82024,phase5,7,0,GRI 3,3-3,Employment,partial,,False,11,False,False,False,False
v_new,OKQ82024,phase5,8,0,GRI 3,3-3,Energy,partial,,False,11,False,False,False,False
v_new,OKQ82024,phase5,9,0,GRI 3,3-3,Forced or compulsory labour,no_evidence,,False,11,False,False,False,False
v_new,OKQ82024,phase5,10,0,GRI 3,3-3,Freedom of association and collective bargaining,no_evidence,,False,11,False,False,False,False
v_new,OKQ82024,phase5,11,0,GRI 3,3-3,Labour/management relations,no_evidence,,False,11,False,False,False,False
v_new,OKQ82024,phase5,12,0,GRI 3,3-3,Non-discrimination,partial,,False,11,False,False,False,False
v_new,OKQ82024,phase5,13,0,GRI 3,3-3,Occupational health and safety,partial,,False,11,False,False,False,False
v_new,OKQ82024,phase5,14,0,GRI 3,3-3,Supplier environmental assessment,partial,,False,11,False,False,False,False
v_new,OKQ82024,phase5,15,0,GRI 3,3-3,Supplier social assessment,partial,,False,11,False,False,False,False
v_new,OKQ82024,phase5,16,0,GRI 3,3-3,Training and education,partial,,False,11,False,False,False,False
v_new,OKQ82024,phase5,17,0,GRI 3,3-3,Waste,partial,,False,11,False,False,False,False
v_new,OKQ82024,phase5,18,0,GRI 3,3-3,Water and effluents,partial,,False,11,False,False,False,False
v_new,OKQ82024,phase6,0,0,GRI 302: Energy 2016,302-2,Energy,omitted,no page pack: omitted,False,0,True,False,True,True
v_new,OKQ82024,phase6,1,0,GRI 303: Water and Effluents 2018,303-1,Water and effluents,omitted,no page pack: omitted,False,0,True,False,True,True
v_new,OKQ82024,phase6,2,0,GRI 303: Water and Effluents 2018,303-2,Water and effluents,omitted,no page pack: omitted,False,0,True,False,True,True
v_new,OKQ82024,phase6,3,0,GRI 303: Water and Effluents 2018,303-3,Water and effluents,omitted,no page pack: omitted,False,0,True,False,True,True
v_new,OKQ82024,phase6,4,0,GRI 303: Water and Effluents 2018,303-4,Water and effluents,omitted,no page pack: omitted,False,0,True,False,True,True
v_new,OKQ82024,phase6,5,0,GRI 303: Water and Effluents 2018,303-5,Water and effluents,omitted,no page pack: omitted,False,0,True,False,True,True
v_new,OKQ82024,phase6,6,0,GRI 304: Biodiversity 2016,304-1,Biodiversity,omitted,no page pack: omitted,False,0,True,False,True,True
v_new,OKQ82024,phase6,7,0,GRI 304: Biodiversity 2016,304-4,Biodiversity,omitted,no page pack: omitted,False,0,True,False,True,True
v_new,OKQ82024,phase6,8,0,GRI 305: Emissions 2016,305-7,Emissions,no_evidence,no page pack: page_list_no_matching_chunks; system limitation — human review required,True,0,False,False,True,True
v_new,OKQ82024,phase6,9,0,GRI 401: Employment 2016,401-3,Employment,omitted,no page pack: omitted,False,0,True,False,True,True
v_new,OKQ82024,phase6,10,0,GRI 404: Training and Education 2016,404-1,Training and education,omitted,no page pack: omitted,False,0,True,False,True,True
v_new,OKQ82024,phase6,11,0,GRI 405: Diversity and Equal Opportunity 2016,405-2,Diversity and equal opportunity,omitted,no page pack: omitted,False,0,True,False,True,True
v_new,OKQ82024,phase6,12,0,GRI 407: Freedom of Association and Collective Bargaining 2016,407-1,Freedom of association and collective bargaining,omitted,no page pack: omitted,False,0,True,False,True,True
v_new,OKQ82024,phase6,13,0,GRI 409: Forced or Compulsory Labour 2016,409-1,Forced or compulsory labour,omitted,no page pack: omitted,False,0,True,False,True,True
v_new,OKQ82024,phase6,14,0,GRI 414: Supplier Social Assessment 2016,414-1,Supplier social assessment,omitted,no page pack: omitted,False,0,True,False,True,True
v_new,OKQ82024,phase6,15,0,GRI 205: Anti-corruption 2016,205-1,Anti-corruption,no_evidence,,False,2,False,False,False,False
v_new,OKQ82024,phase6,16,0,GRI 205: Anti-corruption 2016,205-2,Anti-corruption,no_evidence,,False,5,False,False,False,False
v_new,OKQ82024,phase6,17,0,GRI 205: Anti-corruption 2016,205-3,Anti-corruption,no_evidence,,False,4,False,False,False,False
v_new,OKQ82024,phase6,18,0,GRI 206: Anti-competitive Behavior 2016,206-1,Anti-competitive behavior,no_evidence,,False,2,False,False,False,False
v_new,OKQ82024,phase6,19,0,GRI 302: Energy 2016,302-1,Energy,partial,,False,13,False,False,False,False
v_new,OKQ82024,phase6,20,0,GRI 302: Energy 2016,302-3,Energy,partial,,False,4,False,False,False,False
v_new,OKQ82024,phase6,21,0,GRI 302: Energy 2016,302-4,Energy,no_evidence,,False,4,False,False,False,False
v_new,OKQ82024,phase6,22,0,GRI 304: Biodiversity 2016,304-2,Biodiversity,partial,,False,10,False,False,False,False
v_new,OKQ82024,phase6,23,0,GRI 304: Biodiversity 2016,304-3,Biodiversity,no_evidence,,False,4,False,False,False,False
v_new,OKQ82024,phase6,24,0,GRI 305: Emissions 2016,305-1,Emissions,partial,,False,9,False,False,False,False
v_new,OKQ82024,phase6,25,0,GRI 305: Emissions 2016,305-2,Emissions,partial,,False,9,False,False,False,False
v_new,OKQ82024,phase6,26,0,GRI 305: Emissions 2016,305-3,Emissions,partial,,False,9,False,False,False,False
v_new,OKQ82024,phase6,27,0,GRI 305: Emissions 2016,305-4,Emissions,partial,,False,4,False,False,False,False
v_new,OKQ82024,phase6,28,0,GRI 305: Emissions 2016,305-5,Emissions,partial,,False,5,False,False,False,False
v_new,OKQ82024,phase6,29,0,GRI 306: Effluents and Waste 2016,306-3,Waste,no_evidence,,False,7,False,False,False,False
v_new,OKQ82024,phase6,30,0,GRI 306: Waste 2020,306-1,Waste,no_evidence,,False,6,False,False,False,False
v_new,OKQ82024,phase6,31,0,GRI 306: Waste 2020,306-2,Waste,no_evidence,,False,24,False,False,False,False
v_new,OKQ82024,phase6,32,1,GRI 306: Waste 2020,306-3,Waste,no_evidence,,False,7,False,False,False,False
v_new,OKQ82024,phase6,33,0,GRI 306: Waste 2020,306-4,Waste,no_evidence,,False,16,False,False,False,False
v_new,OKQ82024,phase6,34,0,GRI 306: Waste 2020,306-5,Waste,partial,,False,15,False,False,False,False
v_new,OKQ82024,phase6,35,0,GRI 308: Supplier Environmental Assessment 2016,308-2,Supplier environmental assessment,no_evidence,,False,5,False,False,False,False
v_new,OKQ82024,phase6,36,0,GRI 401: Employment 2016,401-1,Employment,no_evidence,,False,2,False,False,False,False
v_new,OKQ82024,phase6,37,0,GRI 401: Employment 2016,401-2,Employment,no_evidence,,False,8,False,False,False,False
v_new,OKQ82024,phase6,38,0,GRI 402: Labour/Management Relations 2016,402-1,Labour/management relations,no_evidence,,False,2,False,False,False,False
v_new,OKQ82024,phase6,39,0,GRI 403: Occupational Health and Safety 2018,403-1,Occupational health and safety,partial,,False,3,False,False,False,False
v_new,OKQ82024,phase6,40,0,GRI 403: Occupational Health and Safety 2018,403-2,Occupational health and safety,partial,,False,5,False,False,False,False
v_new,OKQ82024,phase6,41,0,GRI 403: Occupational Health and Safety 2018,403-3,Occupational health and safety,pass,,False,1,False,False,False,False
v_new,OKQ82024,phase6,42,0,GRI 403: Occupational Health and Safety 2018,403-4,Occupational health and safety,partial,,False,2,False,False,False,False
v_new,OKQ82024,phase6,43,0,GRI 403: Occupational Health and Safety 2018,403-5,Occupational health and safety,pass,,False,1,False,False,False,False
v_new,OKQ82024,phase6,44,0,GRI 403: Occupational Health and Safety 2018,403-6,Occupational health and safety,partial,,False,2,False,False,False,False
v_new,OKQ82024,phase6,45,0,GRI 403: Occupational Health and Safety 2018,403-7,Occupational health and safety,pass,,False,1,False,False,False,False
v_new,OKQ82024,phase6,46,0,GRI 403: Occupational Health and Safety 2018,403-8,Occupational health and safety,no_evidence,,False,4,False,False,False,False
v_new,OKQ82024,phase6,47,0,GRI 403: Occupational Health and Safety 2018,403-9,Occupational health and safety,partial,,False,16,False,False,False,False
v_new,OKQ82024,phase6,48,0,GRI 403: Occupational Health and Safety 2018,403-10,Occupational health and safety,partial,,False,10,False,False,False,False
v_new,OKQ82024,phase6,49,0,GRI 404: Training and Education 2016,404-2,Training and education,partial,,False,2,False,False,False,False
v_new,OKQ82024,phase6,50,0,GRI 404: Training and Education 2016,404-3,Training and education,no_evidence,,False,1,False,False,False,False
v_new,OKQ82024,phase6,51,0,GRI 405: Diversity and Equal Opportunity 2016,405-1,Diversity and equal opportunity,no_evidence,,False,6,False,False,False,False
v_new,OKQ82024,phase6,52,0,GRI 406: Non-discrimination 2016,406-1,Non-discrimination,no_evidence,,False,5,False,False,False,False
v_new,OKQ82024,phase6,53,0,GRI 414: Supplier Social Assessment 2016,414-2,Supplier social assessment,no_evidence,,False,5,False,False,False,False
v_new,OQ2023,phase3,0,0,GRI 2,2-1,,partial,,False,4,False,False,False,False
v_new,OQ2023,phase3,1,0,GRI 2,2-2,,partial,,False,5,False,False,False,False
v_new,OQ2023,phase3,2,0,GRI 2,2-3,,partial,,False,4,False,False,False,False
v_new,OQ2023,phase3,3,0,GRI 2,2-4,,no_evidence,,False,2,False,False,False,False
v_new,OQ2023,phase3,4,0,GRI 2,2-5,,no_evidence,,False,4,False,False,False,False
v_new,OQ2023,phase3,5,0,GRI 2,2-6,,no_evidence,,False,6,False,False,False,False
v_new,OQ2023,phase3,6,0,GRI 2,2-7,,no_evidence,,False,10,False,False,False,False
v_new,OQ2023,phase3,7,0,GRI 2,2-8,,no_evidence,,False,5,False,False,False,False
v_new,OQ2023,phase3,8,0,GRI 2,2-9,,partial,,False,10,False,False,False,False
v_new,OQ2023,phase3,9,0,GRI 2,2-10,,partial,,False,5,False,False,False,False
v_new,OQ2023,phase3,10,0,GRI 2,2-11,,no_evidence,,False,2,False,False,False,False
v_new,OQ2023,phase3,11,0,GRI 2,2-12,,partial,,False,4,False,False,False,False
v_new,OQ2023,phase3,12,0,GRI 2,2-13,,no_evidence,,False,3,False,False,False,False
v_new,OQ2023,phase3,13,0,GRI 2,2-14,,no_evidence,,False,2,False,False,False,False
v_new,OQ2023,phase3,14,0,GRI 2,2-15,,no_evidence,,False,5,False,False,False,False
v_new,OQ2023,phase3,15,0,GRI 2,2-16,,no_evidence,,False,2,False,False,False,False
v_new,OQ2023,phase3,16,0,GRI 2,2-17,,no_evidence,,False,1,False,False,False,False
v_new,OQ2023,phase3,17,0,GRI 2,2-18,,no_evidence,,False,3,False,False,False,False
v_new,OQ2023,phase3,18,0,GRI 2,2-19,,no_evidence,,False,6,False,False,False,False
v_new,OQ2023,phase3,19,0,GRI 2,2-20,,no_evidence,,False,4,False,False,False,False
v_new,OQ2023,phase3,20,0,GRI 2,2-21,,omitted,no page pack: omitted,False,0,True,False,True,True
v_new,OQ2023,phase3,21,0,GRI 2,2-22,,no_evidence,,False,1,False,False,False,False
v_new,OQ2023,phase3,22,0,GRI 2,2-23,,partial,,False,10,False,False,False,False
v_new,OQ2023,phase3,23,0,GRI 2,2-24,,partial,,False,4,False,False,False,False
v_new,OQ2023,phase3,24,0,GRI 2,2-25,,partial,,False,5,False,False,False,False
v_new,OQ2023,phase3,25,0,GRI 2,2-26,,partial,,False,2,False,False,False,False
v_new,OQ2023,phase3,26,0,GRI 2,2-27,,no_evidence,,False,6,False,False,False,False
v_new,OQ2023,phase3,27,0,GRI 2,2-28,,no_evidence,,False,1,False,False,False,False
v_new,OQ2023,phase3,28,0,GRI 2,2-29,,partial,,False,3,False,False,False,False
v_new,OQ2023,phase3,29,0,GRI 2,2-30,,omitted,no page pack: omitted,False,0,True,False,True,True
v_new,OQ2023,phase5,0,0,GRI 3,3-1,,partial,,False,3,False,False,False,False
v_new,OQ2023,phase5,1,0,GRI 3,3-2,,partial,,False,2,False,False,False,False
v_new,OQ2023,phase5,2,0,GRI 3,3-3,"Agility, Innovation, & Digital Transformation",partial,,False,11,False,False,False,False
v_new,OQ2023,phase5,3,0,GRI 3,3-3,Asset Integrity & Critical Incident Management,partial,,False,11,False,False,False,False
v_new,OQ2023,phase5,4,0,GRI 3,3-3,Biodiversity,partial,,False,11,False,False,False,False
v_new,OQ2023,phase5,5,0,GRI 3,3-3,Business Ethics & Anti-corruption,partial,,False,11,False,False,False,False
v_new,OQ2023,phase5,6,1,GRI 3,3-3,Business Ethics & Anti-corruption,partial,,False,11,False,False,False,False
v_new,OQ2023,phase5,7,0,GRI 3,3-3,Climate Change & Energy Transition,partial,,False,11,False,False,False,False
v_new,OQ2023,phase5,8,1,GRI 3,3-3,Climate Change & Energy Transition,partial,,False,11,False,False,False,False
v_new,OQ2023,phase5,9,0,GRI 3,3-3,Cybersecurity and Data Privacy,partial,,False,11,False,False,False,False
v_new,OQ2023,phase5,10,0,GRI 3,3-3,"Diversity, Equity, and Inclusion",partial,,False,11,False,False,False,False
v_new,OQ2023,phase5,11,0,GRI 3,3-3,Economic Impact,no_evidence,,False,11,False,False,False,False
v_new,OQ2023,phase5,12,1,GRI 3,3-3,Economic Impact,no_evidence,,False,11,False,False,False,False
v_new,OQ2023,phase5,13,2,GRI 3,3-3,Economic Impact,no_evidence,,False,11,False,False,False,False
v_new,OQ2023,phase5,14,3,GRI 3,3-3,Economic Impact,no_evidence,,False,11,False,False,False,False
v_new,OQ2023,phase5,15,0,GRI 3,3-3,Employment Practices & Development,partial,,False,11,False,False,False,False
v_new,OQ2023,phase5,16,0,GRI 3,3-3,Government Relations & Tax,partial,,False,11,False,False,False,False
v_new,OQ2023,phase5,17,0,GRI 3,3-3,Human Right Protection & Labour Management,partial,,False,11,False,False,False,False
v_new,OQ2023,phase5,18,0,GRI 3,3-3,Local Community & Social Investments,partial,,False,11,False,False,False,False
v_new,OQ2023,phase5,19,0,GRI 3,3-3,Occupational Health and Safety,partial,,False,11,False,False,False,False
v_new,OQ2023,phase5,20,0,GRI 3,3-3,Supply Chain Management & ICV,partial,,False,11,False,False,False,False
v_new,OQ2023,phase5,21,0,GRI 3,3-3,Sustainable Finance,partial,,False,11,False,False,False,False
v_new,OQ2023,phase5,22,0,GRI 3,3-3,Waste Management,partial,,False,11,False,False,False,False
v_new,OQ2023,phase5,23,0,GRI 3,3-3,Water Management,partial,,False,11,False,False,False,False
v_new,OQ2023,phase6,0,0,GRI 202: Market Presence 2016,202-1,Economic Impact,external_verification,no page pack: external_document_reference,False,0,False,True,True,True
v_new,OQ2023,phase6,1,0,GRI 201: Economic Performance 2016,201-1,Economic Impact,no_evidence,,False,4,False,False,False,False
v_new,OQ2023,phase6,2,0,GRI 201: Economic Performance 2016,201-2,Economic Impact,no_evidence,,False,5,False,False,False,False
v_new,OQ2023,phase6,3,0,GRI 201: Economic Performance 2016,201-3,Economic Impact,no_evidence,,False,7,False,False,False,False
v_new,OQ2023,phase6,4,0,GRI 201: Economic Performance 2016,201-4,Economic Impact,no_evidence,,False,10,False,False,False,False
v_new,OQ2023,phase6,5,0,GRI 202: Market Presence 2016,202-2,Economic Impact,no_evidence,,False,4,False,False,False,False
v_new,OQ2023,phase6,6,0,GRI 203: Indirect Economic Impacts 2016,203-1,Economic Impact,partial,,False,3,False,False,False,False
v_new,OQ2023,phase6,7,0,GRI 203: Indirect Economic Impacts 2016,203-2,Economic Impact,no_evidence,,False,2,False,False,False,False
v_new,OQ2023,phase6,8,0,GRI 204: Procurement Practices 2016,204-1,Economic Impact,no_evidence,,False,3,False,False,False,False
v_new,OQ2023,phase6,9,0,GRI 205: Anti-corruption 2016,205-1,Business Ethics & Anti-corruption,no_evidence,,False,2,False,False,False,False
v_new,OQ2023,phase6,10,0,GRI 205: Anti-corruption 2016,205-2,Business Ethics & Anti-corruption,no_evidence,,False,5,False,False,False,False
v_new,OQ2023,phase6,11,0,GRI 205: Anti-corruption 2016,205-3,Business Ethics & Anti-corruption,pass,,False,4,False,False,False,False
v_new,OQ2023,phase6,12,0,GRI 207: Tax 2019,207-1,Government Relations & Tax,no_evidence,,False,4,False,False,False,False
v_new,OQ2023,phase6,13,0,GRI 207: Tax 2019,207-2,Government Relations & Tax,partial,,False,6,False,False,False,False
v_new,OQ2023,phase6,14,0,GRI 207: Tax 2019,207-3,Government Relations & Tax,no_evidence,,False,3,False,False,False,False
v_new,OQ2023,phase6,15,0,GRI 302: Energy 2016,302-1,Climate Change & Energy Transition,partial,,False,13,False,False,False,False
v_new,OQ2023,phase6,16,0,GRI 302: Energy 2016,302-2,Climate Change & Energy Transition,partial,,False,3,False,False,False,False
v_new,OQ2023,phase6,17,0,GRI 302: Energy 2016,302-3,Climate Change & Energy Transition,no_evidence,,False,4,False,False,False,False
v_new,OQ2023,phase6,18,0,GRI 305: Emissions 2016,305-1,Climate Change & Energy Transition,partial,,False,9,False,False,False,False
v_new,OQ2023,phase6,19,0,GRI 305: Emissions 2016,305-2,Climate Change & Energy Transition,partial,,False,9,False,False,False,False
v_new,OQ2023,phase6,20,0,GRI 303: Water and Effluents 2018,303-1,Water Management,partial,,False,4,False,False,False,False
v_new,OQ2023,phase6,21,0,GRI 303: Water and Effluents 2018,303-2,Water Management,no_evidence,,False,4,False,False,False,False
v_new,OQ2023,phase6,22,0,GRI 303: Water and Effluents 2018,303-3,Water Management,no_evidence,,False,13,False,False,False,False
v_new,OQ2023,phase6,23,0,GRI 303: Water and Effluents 2018,303-4,Water Management,no_evidence,,False,12,False,False,False,False
v_new,OQ2023,phase6,24,0,GRI 303: Water and Effluents 2018,303-5,Water Management,no_evidence,,False,4,False,False,False,False
v_new,OQ2023,phase6,25,0,GRI 304: Biodiversity 2016,304-1,Biodiversity,no_evidence,,False,7,False,False,False,False
v_new,OQ2023,phase6,26,0,GRI 304: Biodiversity 2016,304-2,Biodiversity,no_evidence,,False,10,False,False,False,False
v_new,OQ2023,phase6,27,0,GRI 304: Biodiversity 2016,304-3,Biodiversity,no_evidence,,False,4,False,False,False,False
v_new,OQ2023,phase6,28,0,GRI 306: Waste 2020,306-1,Waste Management,no_evidence,,False,6,False,False,False,False
v_new,OQ2023,phase6,29,0,GRI 306: Waste 2020,306-2,Waste Management,no_evidence,,False,24,False,False,False,False
v_new,OQ2023,phase6,30,0,GRI 306: Waste 2020,306-3,Waste Management,no_evidence,,False,7,False,False,False,False
v_new,OQ2023,phase6,31,0,GRI 403: Occupational Health and Safety 2018,403-1,Occupational Health and Safety,partial,,False,3,False,False,False,False
v_new,OQ2023,phase6,32,0,GRI 403: Occupational Health and Safety 2018,403-2,Occupational Health and Safety,partial,,False,5,False,False,False,False
v_new,OQ2023,phase6,33,0,GRI 403: Occupational Health and Safety 2018,403-3,Occupational Health and Safety,no_evidence,,False,1,False,False,False,False
v_new,OQ2023,phase6,34,0,GRI 403: Occupational Health and Safety 2018,403-4,Occupational Health and Safety,partial,,False,2,False,False,False,False
v_new,OQ2023,phase6,35,0,GRI 403: Occupational Health and Safety 2018,403-5,Occupational Health and Safety,pass,,False,1,False,False,False,False
v_new,OQ2023,phase6,36,0,GRI 403: Occupational Health and Safety 2018,403-6,Occupational Health and Safety,no_evidence,,False,2,False,False,False,False
v_new,OQ2023,phase6,37,0,GRI 403: Occupational Health and Safety 2018,403-7,Occupational Health and Safety,pass,,False,1,False,False,False,False
v_new,OQ2023,phase6,38,0,GRI 403: Occupational Health and Safety 2018,403-8,Occupational Health and Safety,no_evidence,,False,4,False,False,False,False
v_new,OQ2023,phase6,39,0,GRI 403: Occupational Health and Safety 2018,403-9,Occupational Health and Safety,partial,,False,16,False,False,False,False
v_new,OQ2023,phase6,40,0,GRI 403: Occupational Health and Safety 2018,403-10,Occupational Health and Safety,partial,,False,10,False,False,False,False
v_new,OQ2023,phase6,41,0,GRI 405: Diversity and Equal Opportunity 2016,405-1,"Diversity, Equity, and Inclusion",no_evidence,,False,6,False,False,False,False
v_new,OQ2023,phase6,42,0,GRI 405: Diversity and Equal Opportunity 2016,405-2,"Diversity, Equity, and Inclusion",no_evidence,,False,2,False,False,False,False
v_new,OQ2023,phase6,43,0,GRI 404: Training and Education 2016,404-1,Employment Practices & Development,no_evidence,,False,2,False,False,False,False
v_new,OQ2023,phase6,44,0,GRI 404: Training and Education 2016,404-2,Employment Practices & Development,partial,,False,2,False,False,False,False
v_new,OQ2023,phase6,45,0,GRI 404: Training and Education 2016,404-3,Employment Practices & Development,no_evidence,,False,1,False,False,False,False
v_new,OQ2023,phase6,46,0,GRI 413: Local Communities 2016,413-1,Local Community & Social Investments,no_evidence,,False,8,False,False,False,False
v_new,OQ2023,phase6,47,0,GRI 413: Local Communities 2016,413-2,Local Community & Social Investments,no_evidence,,False,2,False,False,False,False
