unit_id,standard_id,standard_name,standard_type,disclosure_id,disclosure_name,requirement_id,requirement_text,requirement_type,is_omittable,year,hierarchy_level,parent_requirement
GRI101-2024-D101-1-Ra,GRI 101,Biodiversity,topic,101-1,Policies to halt and reverse,a,"describe its policies or commitments to halt and reverse biodiversity loss, and how these are informed by the 2050 Goals and 2030 Targets in the Kunming-Montreal Global Biodiversity Framework;",shall,True,2024,1,
GRI101-2024-D101-1-Rb,GRI 101,Biodiversity,topic,101-1,Policies to halt and reverse,b,report the extent to which these policies or commitments apply to the organization’s activities and to its business relationships;,shall,True,2024,1,
GRI101-2024-D101-1-Rc,GRI 101,Biodiversity,topic,101-1,Policies to halt and reverse,c,"report the goals and targets to halt and reverse biodiversity loss, whether they are informed by scientific consensus, the base year, and the indicators used to evaluate progress. The Convention on Biological Diversity adopted the Kunming-Montreal Global Biodiversity",shall,True,2024,1,
GRI101-2024-D101-2-Ra-i,GRI 101,Biodiversity,topic,101-2,Management of biodiversity impacts,a.i,report how it applies the mitigation hierarchy by describing: actions taken to avoid negative impacts on biodiversity;,shall,True,2024,2,a
GRI101-2024-D101-2-Ra-ii,GRI 101,Biodiversity,topic,101-2,Management of biodiversity impacts,a.ii,report how it applies the mitigation hierarchy by describing: actions taken to minimize negative impacts on biodiversity that were not avoided;,shall,True,2024,2,a
GRI101-2024-D101-2-Ra-iii,GRI 101,Biodiversity,topic,101-2,Management of biodiversity impacts,a.iii,"report how it applies the mitigation hierarchy by describing: actions taken to restore and rehabilitate affected ecosystems, including the goals of the restoration and rehabilitation, and how stakeholders are engaged throughout the restoration and rehabilitation actions;",shall,True,2024,2,a
GRI101-2024-D101-2-Ra-iv,GRI 101,Biodiversity,topic,101-2,Management of biodiversity impacts,a.iv,report how it applies the mitigation hierarchy by describing: actions taken to offset residual negative impacts on biodiversity;,shall,True,2024,2,a
GRI101-2024-D101-2-Ra-v,GRI 101,Biodiversity,topic,101-2,Management of biodiversity impacts,a.v,report how it applies the mitigation hierarchy by describing: transformative actions taken and additional conservation actions taken;,shall,True,2024,2,a
GRI101-2024-D101-2-Rb-i,GRI 101,Biodiversity,topic,101-2,Management of biodiversity impacts,b.i,"with reference to 101-2-a-iii, report for each site with the most significant impacts on biodiversity: the size in hectares of the area under restoration or rehabilitation;",shall,True,2024,2,b
GRI101-2024-D101-2-Rb-ii,GRI 101,Biodiversity,topic,101-2,Management of biodiversity impacts,b.ii,"with reference to 101-2-a-iii, report for each site with the most significant impacts on biodiversity: the size in hectares of the area restored or rehabilitated;",shall,True,2024,2,b
GRI101-2024-D101-2-Rc-i,GRI 101,Biodiversity,topic,101-2,Management of biodiversity impacts,c.i,"with reference to 101-2-a-iv, report for each offset: the goals;",shall,True,2024,2,c
GRI101-2024-D101-2-Rc-ii,GRI 101,Biodiversity,topic,101-2,Management of biodiversity impacts,c.ii,"with reference to 101-2-a-iv, report for each offset: the geographic location;",shall,True,2024,2,c
GRI101-2024-D101-2-Rc-iii,GRI 101,Biodiversity,topic,101-2,Management of biodiversity impacts,c.iii,"with reference to 101-2-a-iv, report for each offset: whether and how principles of good offset practices are met;",shall,True,2024,2,c
GRI101-2024-D101-2-Rc-iv,GRI 101,Biodiversity,topic,101-2,Management of biodiversity impacts,c.iv,"with reference to 101-2-a-iv, report for each offset: whether and how the offset is certified or verified by a third party;",shall,True,2024,2,c
GRI101-2024-D101-2-Rd,GRI 101,Biodiversity,topic,101-2,Management of biodiversity impacts,d,list which of its sites with the most significant impacts on biodiversity have a biodiversity management plan and explain why the other sites do not have a management plan;,shall,True,2024,1,
GRI101-2024-D101-2-Re,GRI 101,Biodiversity,topic,101-2,Management of biodiversity impacts,e,describe how it enhances synergies and reduces trade-offs between actions taken to manage its biodiversity and climate change impacts;,shall,True,2024,1,
GRI101-2024-D101-2-Rf,GRI 101,Biodiversity,topic,101-2,Management of biodiversity impacts,f,describe how it ensures that the actions taken to manage its impacts on biodiversity avoid and minimize negative impacts and maximize positive impacts for stakeholders.,shall,True,2024,1,
GRI101-2024-D101-3-Ra,GRI 101,Biodiversity,topic,101-3,Access and benefit-sharing,a,describe the process to ensure compliance with access and benefit-sharing regulations and measures;,shall,True,2024,1,
GRI101-2024-D101-3-Rb,GRI 101,Biodiversity,topic,101-3,Access and benefit-sharing,b,describe voluntary actions taken to advance access and benefit-sharing that are additional to legal obligations or when there are no regulations and measures.,shall,True,2024,1,
GRI101-2024-D101-4-Ra,GRI 101,Biodiversity,topic,101-4,Identification of biodiversity impacts,a,explain how it has determined which of its sites and which products and services in its supply chain have the most significant actual and potential impacts on biodiversity.,shall,True,2024,1,
GRI101-2024-D101-5-Ra,GRI 101,Biodiversity,topic,101-5,Locations with biodiversity impacts,a,report the location and size in hectares of its sites with the most significant impacts on biodiversity;,shall,True,2024,1,
GRI101-2024-D101-5-Rb-i,GRI 101,Biodiversity,topic,101-5,Locations with biodiversity impacts,b.i,"for each site reported under 101-5-a, report whether it is in or near an ecologically sensitive area, the distance to these areas, and whether these are: areas of biodiversity importance;",shall,True,2024,2,b
GRI101-2024-D101-5-Rb-ii,GRI 101,Biodiversity,topic,101-5,Locations with biodiversity impacts,b.ii,"for each site reported under 101-5-a, report whether it is in or near an ecologically sensitive area, the distance to these areas, and whether these are: areas of high ecosystem integrity;",shall,True,2024,2,b
GRI101-2024-D101-5-Rb-iii,GRI 101,Biodiversity,topic,101-5,Locations with biodiversity impacts,b.iii,"for each site reported under 101-5-a, report whether it is in or near an ecologically sensitive area, the distance to these areas, and whether these are: areas of rapid decline in ecosystem integrity;",shall,True,2024,2,b
GRI101-2024-D101-5-Rb-iv,GRI 101,Biodiversity,topic,101-5,Locations with biodiversity impacts,b.iv,"for each site reported under 101-5-a, report whether it is in or near an ecologically sensitive area, the distance to these areas, and whether these are: areas of high physical water risks;",shall,True,2024,2,b
GRI101-2024-D101-5-Rb-v,GRI 101,Biodiversity,topic,101-5,Locations with biodiversity impacts,b.v,"for each site reported under 101-5-a, report whether it is in or near an ecologically sensitive area, the distance to these areas, and whether these are: areas important for the delivery of ecosystem service benefits to Indigenous Peoples, local communities, and other stakeholders;",shall,True,2024,2,b
GRI101-2024-D101-5-Rc,GRI 101,Biodiversity,topic,101-5,Locations with biodiversity impacts,c,report the activities that take place in each site reported under 101-5-a;,shall,True,2024,1,
GRI101-2024-D101-5-Rd,GRI 101,Biodiversity,topic,101-5,Locations with biodiversity impacts,d,report the products and services in its supply chain with the most significant impacts on biodiversity and the countries or jurisdictions where the activities associated with these products and services take place.,shall,True,2024,1,
GRI101-2024-D101-6-Ra-i,GRI 101,Biodiversity,topic,101-6,Direct drivers of biodiversity loss,a.i,"for each site reported under 101-5-a where its activities lead or could lead to land and sea use change, report: the size in hectares of natural ecosystem converted since a cut-off or reference date, the cut-off date or reference date, and the type of ecosystem before and after conversion;",shall,True,2024,2,a
GRI101-2024-D101-6-Ra-ii,GRI 101,Biodiversity,topic,101-6,Direct drivers of biodiversity loss,a.ii,"for each site reported under 101-5-a where its activities lead or could lead to land and sea use change, report: the size in hectares of land and sea converted from one intensively used or modified ecosystem to another during the reporting period, and the type of ecosystem before and after conversion;",shall,True,2024,2,a
GRI101-2024-D101-6-Rb-i,GRI 101,Biodiversity,topic,101-6,Direct drivers of biodiversity loss,b.i,"for each site reported under 101-5-a where its activities lead or could lead to the exploitation of natural resources, report: for each wild species harvested, the quantity, the type, and extinction risk;",shall,True,2024,2,b
GRI101-2024-D101-6-Rb-ii,GRI 101,Biodiversity,topic,101-6,Direct drivers of biodiversity loss,b.ii,"for each site reported under 101-5-a where its activities lead or could lead to the exploitation of natural resources, report: water withdrawal and water consumption in megaliters;",shall,True,2024,2,b
GRI101-2024-D101-6-Rc,GRI 101,Biodiversity,topic,101-6,Direct drivers of biodiversity loss,c,"for each site reported under 101-5-a where its activities lead or could lead to pollution, report the quantity and the type of each pollutant generated;",shall,True,2024,1,
GRI101-2024-D101-6-Rd,GRI 101,Biodiversity,topic,101-6,Direct drivers of biodiversity loss,d,"for each site reported under 101-5-a where its activities lead or could lead to the introduction of invasive alien species, describe how invasive alien species are or may be introduced;",shall,True,2024,1,
GRI101-2024-D101-6-Re,GRI 101,Biodiversity,topic,101-6,Direct drivers of biodiversity loss,e,"for each product and service in its supply chain reported under 101-5-d, report the information required under 101-6-a, 101-6-b, 101-6-c, and 101-6-d, with a breakdown by country or jurisdiction;",shall,True,2024,1,
GRI101-2024-D101-6-Rf,GRI 101,Biodiversity,topic,101-6,Direct drivers of biodiversity loss,f,"report contextual information necessary to understand how the data has been compiled, including standards, methodologies, and assumptions used.",shall,True,2024,1,
GRI101-2024-D101-7-Ra-i,GRI 101,Biodiversity,topic,101-7,Changes to the state of biodiversity,a.i,"for each site reported under 101-5-a, report the following information on affected or potentially affected ecosystems: the ecosystem type for the base year;",shall,True,2024,2,a
GRI101-2024-D101-7-Ra-ii,GRI 101,Biodiversity,topic,101-7,Changes to the state of biodiversity,a.ii,"for each site reported under 101-5-a, report the following information on affected or potentially affected ecosystems: the ecosystem size in hectares for the base year;",shall,True,2024,2,a
GRI101-2024-D101-7-Ra-iii,GRI 101,Biodiversity,topic,101-7,Changes to the state of biodiversity,a.iii,"for each site reported under 101-5-a, report the following information on affected or potentially affected ecosystems: the ecosystem condition for the base year and the current reporting period;",shall,True,2024,2,a
GRI101-2024-D101-7-Rb,GRI 101,Biodiversity,topic,101-7,Changes to the state of biodiversity,b,"report contextual information necessary to understand how the data has been compiled, including standards, methodologies, and assumptions used.",shall,True,2024,1,
GRI101-2024-D101-8-Ra,GRI 101,Biodiversity,topic,101-8,Ecosystem services,a,"for each site reported under 101-5-a, list the ecosystem services and beneficiaries affected or potentially affected by the organization’s activities;",shall,True,2024,1,
GRI101-2024-D101-8-Rb,GRI 101,Biodiversity,topic,101-8,Ecosystem services,b,explain how the ecosystem services and beneficiaries are or could be affected by the organization's activities. Ecosystem services occur through an ecosystem's normal functioning and can fall into one or,shall,True,2024,1,
GRI102-2025-D102-1-Ra,GRI 102,Climate Change,topic,102-1,Transition plan for climate change mitigation,a,"describe its transition plan, including policies and actions to mitigate climate change;",shall,True,2025,1,
GRI102-2025-D102-1-Rb,GRI 102,Climate Change,topic,102-1,Transition plan for climate change mitigation,b,"describe how the transition plan aligns with the latest scientific evidence on the global effort needed to limit global warming to 1.5oC, including the source of the climate change-related scenarios used, and the methodologies and assumptions used to develop the transition plan;",shall,True,2025,1,
GRI102-2025-D102-1-Rc,GRI 102,Climate Change,topic,102-1,Transition plan for climate change mitigation,c,report the total expenditure incurred by the implementation of the transition plan as monetary value and percentage of the total expenditure incurred in the reporting period;,shall,True,2025,1,
GRI102-2025-D102-1-Rd,GRI 102,Climate Change,topic,102-1,Transition plan for climate change mitigation,d,report the governance bodies or individual roles responsible for overseeing and implementing the transition plan and their responsibilities;,shall,True,2025,1,
GRI102-2025-D102-1-Re,GRI 102,Climate Change,topic,102-1,Transition plan for climate change mitigation,e,describe how the transition plan is embedded in its business strategy;,shall,True,2025,1,
GRI102-2025-D102-1-Rf-i,GRI 102,Climate Change,topic,102-1,Transition plan for climate change mitigation,f.i,"report the targets to achieve the transition plan and progress toward them, including: GHG emissions reduction targets reported under Disclosure 102-4;",shall,True,2025,2,f
GRI102-2025-D102-1-Rf-ii,GRI 102,Climate Change,topic,102-1,Transition plan for climate change mitigation,f.ii,"report the targets to achieve the transition plan and progress toward them, including: targets to phase out fossil fuels, the base year, and standards, methodologies, and assumptions used to set the targets;",shall,True,2025,2,f
GRI102-2025-D102-1-Rf-iii,GRI 102,Climate Change,topic,102-1,Transition plan for climate change mitigation,f.iii,"report the targets to achieve the transition plan and progress toward them, including: other climate change mitigation targets, how these were set, what is covered, the base year, and their role within the transition plan;",shall,True,2025,2,f
GRI102-2025-D102-1-Rg,GRI 102,Climate Change,topic,102-1,Transition plan for climate change mitigation,g,describe how the transition plan aligns with just transition principles and how engagement with stakeholders informs its development and implementation;,shall,True,2025,1,
GRI102-2025-D102-1-Rh-i,GRI 102,Climate Change,topic,102-1,Transition plan for climate change mitigation,h.i,"describe the impacts on people and the environment from implementing the transition plan and the actions taken to manage them, including: workers, local communities, and Indigenous Peoples;",shall,True,2025,2,h
GRI102-2025-D102-1-Rh-ii,GRI 102,Climate Change,topic,102-1,Transition plan for climate change mitigation,h.ii,"describe the impacts on people and the environment from implementing the transition plan and the actions taken to manage them, including: biodiversity;",shall,True,2025,2,h
GRI102-2025-D102-1-Rh-i,GRI 102,Climate Change,topic,102-1,Transition plan for climate change mitigation,h.i,"describe the impacts on people and the environment from implementing the transition plan and the actions taken to manage them, including: describe how its public policy activities, including lobbying activities, are consistent with the transition plan;",shall,True,2025,2,h
GRI102-2025-D102-1-Rj,GRI 102,Climate Change,topic,102-1,Transition plan for climate change mitigation,j,"explain, in the absence of a transition plan, why it does not exist, and describe the steps being taken to develop it and the expected time frame.",shall,True,2025,1,
GRI102-2025-D102-2-Ra,GRI 102,Climate Change,topic,102-2,Climate change adaptation plan,a,describe the impacts on people and the environment associated with its climate change-related risks and opportunities and how they were considered in the development of the adaptation plan;,shall,True,2025,1,
GRI102-2025-D102-2-Rb-i,GRI 102,Climate Change,topic,102-2,Climate change adaptation plan,b.i,"describe its adaptation plan, including: policies and actions to adapt to climate change;",shall,True,2025,2,b
GRI102-2025-D102-2-Rb-ii,GRI 102,Climate Change,topic,102-2,Climate change adaptation plan,b.ii,"describe its adaptation plan, including: the source of the climate change-related scenarios used, the temperature projection included in the scenarios, and the methodologies and assumptions used to develop the adaptation plan;",shall,True,2025,2,b
GRI102-2025-D102-2-Rb-iii,GRI 102,Climate Change,topic,102-2,Climate change adaptation plan,b.iii,"describe its adaptation plan, including: the total expenditure incurred by the implementation of the adaptation plan as monetary value and percentage of the total expenditure incurred in the reporting period;",shall,True,2025,2,b
GRI102-2025-D102-2-Rb-iv,GRI 102,Climate Change,topic,102-2,Climate change adaptation plan,b.iv,"describe its adaptation plan, including: the governance bodies or individual roles responsible for overseeing and implementing the adaptation plan and their responsibilities;",shall,True,2025,2,b
GRI102-2025-D102-2-Rb-v,GRI 102,Climate Change,topic,102-2,Climate change adaptation plan,b.v,"describe its adaptation plan, including: the targets to achieve the adaptation plan and progress toward them;",shall,True,2025,2,b
GRI102-2025-D102-2-Rb-vi,GRI 102,Climate Change,topic,102-2,Climate change adaptation plan,b.vi,"describe its adaptation plan, including: how the adaptation plan aligns with just transition principles and how engagement with stakeholders informs its development and implementation;",shall,True,2025,2,b
GRI102-2025-D102-2-Rc-i,GRI 102,Climate Change,topic,102-2,Climate change adaptation plan,c.i,"describe the impacts on people and the environment from implementing the adaptation plan and the actions taken to manage them, including for: workers, local communities, and Indigenous Peoples;",shall,True,2025,2,c
GRI102-2025-D102-2-Rc-ii,GRI 102,Climate Change,topic,102-2,Climate change adaptation plan,c.ii,"describe the impacts on people and the environment from implementing the adaptation plan and the actions taken to manage them, including for: biodiversity;",shall,True,2025,2,c
GRI102-2025-D102-2-Rd,GRI 102,Climate Change,topic,102-2,Climate change adaptation plan,d,"explain, in the absence of an adaptation plan, why it does not exist, and describe the steps being taken to develop it and the expected time frame.",shall,True,2025,1,
GRI102-2025-D102-3-Ra-i,GRI 102,Climate Change,topic,102-3,Just transition,a.i,report the total number of new employees recruited and a breakdown of this total by: gender;,shall,True,2025,2,a
GRI102-2025-D102-3-Ra-ii,GRI 102,Climate Change,topic,102-3,Just transition,a.ii,report the total number of new employees recruited and a breakdown of this total by: employee type;,shall,True,2025,2,a
GRI102-2025-D102-3-Rb-i,GRI 102,Climate Change,topic,102-3,Just transition,b.i,report the total number of employees whose work was terminated and a breakdown of this total by: gender;,shall,True,2025,2,b
GRI102-2025-D102-3-Rb-ii,GRI 102,Climate Change,topic,102-3,Just transition,b.ii,report the total number of employees whose work was terminated and a breakdown of this total by: employee type;,shall,True,2025,2,b
GRI102-2025-D102-3-Rc-i,GRI 102,Climate Change,topic,102-3,Just transition,c.i,report the total number of redeployed employees and a breakdown of this total by: gender;,shall,True,2025,2,c
GRI102-2025-D102-3-Rc-ii,GRI 102,Climate Change,topic,102-3,Just transition,c.ii,report the total number of redeployed employees and a breakdown of this total by: employee type;,shall,True,2025,2,c
GRI102-2025-D102-3-Rd-i,GRI 102,Climate Change,topic,102-3,Just transition,d.i,"report the total number of employees who received training for up- and re-skilling, and a breakdown of this total by: gender;",shall,True,2025,2,d
GRI102-2025-D102-3-Rd-ii,GRI 102,Climate Change,topic,102-3,Just transition,d.ii,"report the total number of employees who received training for up- and re-skilling, and a breakdown of this total by: employee type;",shall,True,2025,2,d
GRI102-2025-D102-3-Re,GRI 102,Climate Change,topic,102-3,Just transition,e,report the total number of new workers who are not employees recruited and a breakdown of this total by gender;,shall,True,2025,1,
GRI102-2025-D102-3-Rf,GRI 102,Climate Change,topic,102-3,Just transition,f,report the total number of workers who are not employees whose work was terminated and a breakdown of this total by gender;,shall,True,2025,1,
GRI102-2025-D102-3-Rg,GRI 102,Climate Change,topic,102-3,Just transition,g,"report the total number and percentage of new employees recruited whose basic pay is at or above the cost-of-living estimate, and describe actions taken or commitments made to address any gaps between basic pay and the cost-of-living estimate for workers reported under 102-3-a and 102-3-e;",shall,True,2025,1,
GRI102-2025-D102-3-Rh-i,GRI 102,Climate Change,topic,102-3,Just transition,h.i,list the locations of operation where the organization has impacts on local communities and Indigenous Peoples: report the percentage of locations of operation listed under 102-3-h in which an agreement has been reached with affected or potentially affected local communities or Indigenous Peoples to safeguard their interests;,shall,True,2025,2,h
GRI102-2025-D102-3-Rj-i,GRI 102,Climate Change,topic,102-3,Just transition,j.i,"report contextual information necessary to understand the data reported under 102-3 and describe the methodologies and assumptions used to compile the data, including whether the numbers are reported: in head count, full-time equivalent (FTE), or using another methodology;",shall,True,2025,2,j
GRI102-2025-D102-3-Rj-ii,GRI 102,Climate Change,topic,102-3,Just transition,j.ii,"report contextual information necessary to understand the data reported under 102-3 and describe the methodologies and assumptions used to compile the data, including whether the numbers are reported: at the end of the reporting period, as an average across the reporting period, or using another methodology.",shall,True,2025,2,j
GRI102-2025-D102-4-Ra-i,GRI 102,Climate Change,topic,102-4,GHG emissions reduction targets and progress,a.i,"report short-, medium-, and long-term gross Scope 1, Scope 2, and Scope 3 GHG emissions reduction targets in metric tons of CO₂ equivalent and as a percentage of base year emissions, where: gross Scope 1, Scope 2, and Scope 3 GHG emissions reduction targets are reported separately or where Scope 1 and Scope 2 GHG emissions are combined;",shall,True,2025,2,a
GRI102-2025-D102-4-Ra-ii,GRI 102,Climate Change,topic,102-4,GHG emissions reduction targets and progress,a.ii,"report short-, medium-, and long-term gross Scope 1, Scope 2, and Scope 3 GHG emissions reduction targets in metric tons of CO₂ equivalent and as a percentage of base year emissions, where: gross Scope 1 and Scope 2 GHG emissions reduction targets cover the total Scope 1 and Scope 2 GHG emissions reported under Disclosures 102-5 and 102-6;",shall,True,2025,2,a
GRI102-2025-D102-4-Ra-iii,GRI 102,Climate Change,topic,102-4,GHG emissions reduction targets and progress,a.iii,"report short-, medium-, and long-term gross Scope 1, Scope 2, and Scope 3 GHG emissions reduction targets in metric tons of CO₂ equivalent and as a percentage of base year emissions, where: GHG removals, GHG trades, and avoided GHG emissions are excluded;",shall,True,2025,2,a
GRI102-2025-D102-4-Rb,GRI 102,Climate Change,topic,102-4,GHG emissions reduction targets and progress,b,"for each gross GHG emissions reduction target, report whether biogenic CO₂ emissions are included in the target;",shall,True,2025,1,
GRI102-2025-D102-4-Rc,GRI 102,Climate Change,topic,102-4,GHG emissions reduction targets and progress,c,"for each gross Scope 2 GHG emissions reduction target, report whether the targets use the location-based or market-based method;",shall,True,2025,1,
GRI102-2025-D102-4-Rd,GRI 102,Climate Change,topic,102-4,GHG emissions reduction targets and progress,d,"for each gross Scope 3 GHG emissions reduction target, list the Scope 3 categories covered by the targets;",shall,True,2025,1,
GRI102-2025-D102-4-Re,GRI 102,Climate Change,topic,102-4,GHG emissions reduction targets and progress,e,"for each gross GHG emissions reduction target, report the gases covered by the target;",shall,True,2025,1,
GRI102-2025-D102-4-Rf,GRI 102,Climate Change,topic,102-4,GHG emissions reduction targets and progress,f,explain how the gross GHG emissions reduction targets align with the latest scientific evidence on the effort needed to limit global warming to 1.5°C;,shall,True,2025,1,
GRI102-2025-D102-4-Rg,GRI 102,Climate Change,topic,102-4,GHG emissions reduction targets and progress,g,describe its gross GHG emissions reduction target revision policy;,shall,True,2025,1,
GRI102-2025-D102-4-Rh-i,GRI 102,Climate Change,topic,102-4,GHG emissions reduction targets and progress,h.i,"for each gross GHG emissions reduction target, report the base year, including: the rationale for choosing it;",shall,True,2025,2,h
GRI102-2025-D102-4-Rh-ii,GRI 102,Climate Change,topic,102-4,GHG emissions reduction targets and progress,h.ii,"for each gross GHG emissions reduction target, report the base year, including: base year emissions in metric tons of CO equivalent; 2",shall,True,2025,2,h
GRI102-2025-D102-4-Rh-iii,GRI 102,Climate Change,topic,102-4,GHG emissions reduction targets and progress,h.iii,"for each gross GHG emissions reduction target, report the base year, including: the context for any significant changes in emissions that triggered recalculations of base year emissions;",shall,True,2025,2,h
GRI102-2025-D102-4-Rh-iv,GRI 102,Climate Change,topic,102-4,GHG emissions reduction targets and progress,h.iv,"for each gross GHG emissions reduction target, report the base year, including: the previously reported base year emissions, if base year emissions are recalculated;",shall,True,2025,2,h
GRI102-2025-D102-4-Rh-i,GRI 102,Climate Change,topic,102-4,GHG emissions reduction targets and progress,h.i,"for each gross GHG emissions reduction target, report the base year, including: report the progress toward each gross GHG emissions reduction target using the inventory method, in metric tons of CO equivalent, and as a percentage of a base year 2 emissions;",shall,True,2025,2,h
GRI102-2025-D102-4-Rj-i,GRI 102,Climate Change,topic,102-4,GHG emissions reduction targets and progress,j.i,"for each gross GHG emissions reduction target, explain how the progress toward the target was achieved and whether it is due to: reductions as a result of the organization’s initiatives; or",shall,True,2025,2,j
GRI102-2025-D102-4-Rj-ii,GRI 102,Climate Change,topic,102-4,GHG emissions reduction targets and progress,j.ii,"for each gross GHG emissions reduction target, explain how the progress toward the target was achieved and whether it is due to: other factors;",shall,True,2025,2,j
GRI102-2025-D102-4-Rk,GRI 102,Climate Change,topic,102-4,GHG emissions reduction targets and progress,k,"report standards, methodologies, assumptions, and calculation tools used. The GHG emissions reduction targets reported under",shall,True,2025,1,
GRI102-2025-D102-5-Ra-i,GRI 102,Climate Change,topic,102-5,Scope 1 GHG emissions,a.i,"report gross Scope 1 GHG emissions in metric tons of CO₂ equivalent, and in the calculation: include emissions of CO, CH , NO, HFCs, PFCs, SF, and NF ; 2 4 2 6 3",shall,True,2025,2,a
GRI102-2025-D102-5-Ra-ii,GRI 102,Climate Change,topic,102-5,Scope 1 GHG emissions,a.ii,"report gross Scope 1 GHG emissions in metric tons of CO₂ equivalent, and in the calculation: include biogenic non-CO GHG emissions produced by combustion or 2 biodegradation of biomass from owned or controlled sources;",shall,True,2025,2,a
GRI102-2025-D102-5-Ra-iii,GRI 102,Climate Change,topic,102-5,Scope 1 GHG emissions,a.iii,"report gross Scope 1 GHG emissions in metric tons of CO₂ equivalent, and in the calculation: exclude GHG removals, GHG trades, and avoided emissions;",shall,True,2025,2,a
GRI102-2025-D102-5-Ra-iv,GRI 102,Climate Change,topic,102-5,Scope 1 GHG emissions,a.iv,"report gross Scope 1 GHG emissions in metric tons of CO₂ equivalent, and in the calculation: use the global warming potential (GWP) values based on a 100-year timeframe from the latest IPCC assessment report;",shall,True,2025,2,a
GRI102-2025-D102-5-Rb,GRI 102,Climate Change,topic,102-5,Scope 1 GHG emissions,b,"provide a breakdown of gross Scope 1 GHG emissions by CO , CH , NO, HFCs, PFCs, 2 4 2 SF, and NF , in metric tons and metric tons of CO equivalent; 6 3 2",shall,True,2025,1,
GRI102-2025-D102-5-Rc,GRI 102,Climate Change,topic,102-5,Scope 1 GHG emissions,c,"report biogenic CO₂ emissions from the combustion or biodegradation of biomass from owned or controlled sources in metric tons, separately from gross Scope 1 GHG emissions;",shall,True,2025,1,
GRI102-2025-D102-5-Rd-i,GRI 102,Climate Change,topic,102-5,Scope 1 GHG emissions,d.i,"report the base year for the calculation, including: the rationale for choosing it;",shall,True,2025,2,d
GRI102-2025-D102-5-Rd-ii,GRI 102,Climate Change,topic,102-5,Scope 1 GHG emissions,d.ii,"report the base year for the calculation, including: base year emissions in metric tons of CO equivalent separately for gross Scope 1 2 GHG emissions and biogenic CO emissions; 2",shall,True,2025,2,d
GRI102-2025-D102-5-Rd-iii,GRI 102,Climate Change,topic,102-5,Scope 1 GHG emissions,d.iii,"report the base year for the calculation, including: the context for any significant changes in emissions that triggered recalculations of base year emissions;",shall,True,2025,2,d
GRI102-2025-D102-5-Rd-iv,GRI 102,Climate Change,topic,102-5,Scope 1 GHG emissions,d.iv,"report the base year for the calculation, including: the previously reported base year emissions, if base year emissions are recalculated;",shall,True,2025,2,d
GRI102-2025-D102-5-Re,GRI 102,Climate Change,topic,102-5,Scope 1 GHG emissions,e,"report the consolidation approach for Scope 1 GHG emissions that is consistently applied across Scope 1, Scope 2, and Scope 3 GHG emissions, whether equity share, financial control, or operational control;",shall,True,2025,1,
GRI102-2025-D102-5-Rf,GRI 102,Climate Change,topic,102-5,Scope 1 GHG emissions,f,"report standards, methodologies, assumptions, and calculation tools used, including the source of the emission factors used. Gross Scope 1 GHG emissions include those from energy consumption as reported under 103-",shall,True,2025,1,
GRI102-2025-D102-6-Ra-i,GRI 102,Climate Change,topic,102-6,Scope 2 GHG emissions,a.i,"report gross location-based and, if applicable, market-based Scope 2 GHG emissions in metric tons of CO equivalent, and in the calculation: 2: include emissions of CO, CH , and N O; 2 4 2",shall,True,2025,2,a
GRI102-2025-D102-6-Ra-ii,GRI 102,Climate Change,topic,102-6,Scope 2 GHG emissions,a.ii,"report gross location-based and, if applicable, market-based Scope 2 GHG emissions in metric tons of CO equivalent, and in the calculation: 2: include biogenic non-CO GHG emissions from electricity use; 2",shall,True,2025,2,a
GRI102-2025-D102-6-Ra-iii,GRI 102,Climate Change,topic,102-6,Scope 2 GHG emissions,a.iii,"report gross location-based and, if applicable, market-based Scope 2 GHG emissions in metric tons of CO equivalent, and in the calculation: 2: exclude GHG removals, GHG trades, and avoided emissions;",shall,True,2025,2,a
GRI102-2025-D102-6-Ra-iv,GRI 102,Climate Change,topic,102-6,Scope 2 GHG emissions,a.iv,"report gross location-based and, if applicable, market-based Scope 2 GHG emissions in metric tons of CO equivalent, and in the calculation: 2: use the global warming potential (GWP) values based on a 100-year timeframe from the latest IPCC assessment report;",shall,True,2025,2,a
GRI102-2025-D102-6-Rb,GRI 102,Climate Change,topic,102-6,Scope 2 GHG emissions,b,"provide a breakdown of gross location-based Scope 2 GHG emissions by CO CH, and 2, 4 NO in metric tons and metric tons of CO equivalent; 2 2",shall,True,2025,1,
GRI102-2025-D102-6-Rc,GRI 102,Climate Change,topic,102-6,Scope 2 GHG emissions,c,"report location-based and, if applicable, market-based biogenic CO₂ emissions from electricity use in metric tons, separately from gross Scope 2 GHG emissions;",shall,True,2025,1,
GRI102-2025-D102-6-Rd-i,GRI 102,Climate Change,topic,102-6,Scope 2 GHG emissions,d.i,"report the base year for the calculation, including: the rationale for choosing it;",shall,True,2025,2,d
GRI102-2025-D102-6-Rd-ii,GRI 102,Climate Change,topic,102-6,Scope 2 GHG emissions,d.ii,"report the base year for the calculation, including: base year emissions in metric tons of CO₂ equivalent separately for gross Scope 2 GHG emissions and biogenic CO emissions; 2",shall,True,2025,2,d
GRI102-2025-D102-6-Rd-iii,GRI 102,Climate Change,topic,102-6,Scope 2 GHG emissions,d.iii,"report the base year for the calculation, including: the context for any significant changes in emissions that triggered recalculations of base year emissions;",shall,True,2025,2,d
GRI102-2025-D102-6-Rd-iv,GRI 102,Climate Change,topic,102-6,Scope 2 GHG emissions,d.iv,"report the base year for the calculation, including: the previously reported base year emissions, if base year emissions are recalculated;",shall,True,2025,2,d
GRI102-2025-D102-6-Re,GRI 102,Climate Change,topic,102-6,Scope 2 GHG emissions,e,"report the consolidation approach for Scope 2 GHG emissions that is consistently applied across Scope 1, Scope 2, and Scope 3 GHG emissions, whether equity share, financial control, or operational control;",shall,True,2025,1,
GRI102-2025-D102-6-Rf,GRI 102,Climate Change,topic,102-6,Scope 2 GHG emissions,f,"report standards, methodologies, assumptions, and calculation tools used, including the source of the emission factors used. Gross Scope 2 GHG emissions include those from the generation of purchased or acquired",shall,True,2025,1,
GRI102-2025-D102-7-Ra-i,GRI 102,Climate Change,topic,102-7,Scope 3 GHG emissions,a.i,"report gross Scope 3 GHG emissions in metric tons of CO₂ equivalent, and in the calculation: include GHG emissions for each Scope 3 category;",shall,True,2025,2,a
GRI102-2025-D102-7-Ra-ii,GRI 102,Climate Change,topic,102-7,Scope 3 GHG emissions,a.ii,"report gross Scope 3 GHG emissions in metric tons of CO₂ equivalent, and in the calculation: include emissions of CO, CH , NO, HFCs, PFCs, SF, and NF ; 2 4 2 6 3",shall,True,2025,2,a
GRI102-2025-D102-7-Ra-iii,GRI 102,Climate Change,topic,102-7,Scope 3 GHG emissions,a.iii,"report gross Scope 3 GHG emissions in metric tons of CO₂ equivalent, and in the calculation: include biogenic non-CO GHG emissions from the combustion or biodegradation of 2 biomass in the upstream and downstream value chain;",shall,True,2025,2,a
GRI102-2025-D102-7-Ra-iv,GRI 102,Climate Change,topic,102-7,Scope 3 GHG emissions,a.iv,"report gross Scope 3 GHG emissions in metric tons of CO₂ equivalent, and in the calculation: exclude GHG removals, GHG trades, and avoided emissions;",shall,True,2025,2,a
GRI102-2025-D102-7-Ra-v,GRI 102,Climate Change,topic,102-7,Scope 3 GHG emissions,a.v,"report gross Scope 3 GHG emissions in metric tons of CO₂ equivalent, and in the calculation: use the global warming potential (GWP) values based on a 100-year timeframe from the latest IPCC assessment report;",shall,True,2025,2,a
GRI102-2025-D102-7-Rb,GRI 102,Climate Change,topic,102-7,Scope 3 GHG emissions,b,provide a breakdown of gross Scope 3 GHG emissions by each of the 15 Scope 3 categories in metric tons of CO equivalent; 2,shall,True,2025,1,
GRI102-2025-D102-7-Rc,GRI 102,Climate Change,topic,102-7,Scope 3 GHG emissions,c,"report biogenic CO₂ emissions from the combustion or biodegradation of biomass in the upstream and downstream value chain in metric tons, separately from gross Scope 3 GHG emissions, and a breakdown of this total by each of the 15 Scope 3 categories;",shall,True,2025,1,
GRI102-2025-D102-7-Rd-i,GRI 102,Climate Change,topic,102-7,Scope 3 GHG emissions,d.i,"report the base year for the calculation, including: the rationale for choosing it;",shall,True,2025,2,d
GRI102-2025-D102-7-Rd-ii,GRI 102,Climate Change,topic,102-7,Scope 3 GHG emissions,d.ii,"report the base year for the calculation, including: base year emissions in metric tons of CO equivalent separately for gross Scope 3 2 GHG emissions and biogenic CO emissions; 2",shall,True,2025,2,d
GRI102-2025-D102-7-Rd-iii,GRI 102,Climate Change,topic,102-7,Scope 3 GHG emissions,d.iii,"report the base year for the calculation, including: the context for any significant changes in emissions that triggered recalculations of base year emissions;",shall,True,2025,2,d
GRI102-2025-D102-7-Rd-iv,GRI 102,Climate Change,topic,102-7,Scope 3 GHG emissions,d.iv,"report the base year for the calculation, including: the previously reported base year emissions, if base year emissions are recalculated;",shall,True,2025,2,d
GRI102-2025-D102-7-Re,GRI 102,Climate Change,topic,102-7,Scope 3 GHG emissions,e,"report the consolidation approach for Scope 3 GHG emissions that is consistently applied across Scope 1, Scope 2, and Scope 3 GHG emissions, whether equity share, financial control, or operational control;",shall,True,2025,1,
GRI102-2025-D102-7-Rf,GRI 102,Climate Change,topic,102-7,Scope 3 GHG emissions,f,"report standards, methodologies, assumptions, and calculation tools used, including the sources of the emission factors used. Scope 3 GHG emissions are all indirect GHG emissions (not included in Scope 2) that occur in",shall,True,2025,1,
GRI102-2025-D102-8-Ra,GRI 102,Climate Change,topic,102-8,GHG emissions intensity,a,"report GHG emissions intensity ratio(s), including the gross GHG emissions in metric tons of CO₂ equivalent (the numerator) and the organization-specific metric (the denominator) chosen to calculate the ratio(s);",shall,True,2025,1,
GRI102-2025-D102-8-Rb,GRI 102,Climate Change,topic,102-8,GHG emissions intensity,b,"report the scope(s) of GHG emissions included in the intensity ratio(s), whether Scope 1, Scope 2, or Scope 3. GHG emissions intensity ratios are obtained by dividing the organization’s gross GHG",shall,True,2025,1,
GRI102-2025-D102-9-Ra,GRI 102,Climate Change,topic,102-9,GHG removals in the value chain,a,"report the total Scope 1 GHG removals in metric tons of CO₂ equivalent, excluding any GHG trades, and a breakdown of this total by each storage pool;",shall,True,2025,1,
GRI102-2025-D102-9-Rb,GRI 102,Climate Change,topic,102-9,GHG removals in the value chain,b,"for each type of storage pool, describe how quality criteria are monitored to manage the risk of non-permanence;",shall,True,2025,1,
GRI102-2025-D102-9-Rc,GRI 102,Climate Change,topic,102-9,GHG removals in the value chain,c,report the intended use of GHG removals;,shall,True,2025,1,
GRI102-2025-D102-9-Rd-i,GRI 102,Climate Change,topic,102-9,GHG removals in the value chain,d.i,"describe the impacts on people and the environment from its Scope 1 GHG removals and the actions taken to manage them, including for: workers, local communities, and Indigenous Peoples;",shall,True,2025,2,d
GRI102-2025-D102-9-Rd-ii,GRI 102,Climate Change,topic,102-9,GHG removals in the value chain,d.ii,"describe the impacts on people and the environment from its Scope 1 GHG removals and the actions taken to manage them, including for: biodiversity;",shall,True,2025,2,d
GRI102-2025-D102-9-Re,GRI 102,Climate Change,topic,102-9,GHG removals in the value chain,e,"report standards, methodologies, assumptions, and calculation tools used.",shall,True,2025,1,
GRI102-2025-D102-10-Ra,GRI 102,Climate Change,topic,102-10,Carbon credits,a,report the total amount of carbon credits canceled in metric tons of CO₂ equivalent and a breakdown of this total by removal or reduction projects;,shall,True,2025,1,
GRI102-2025-D102-10-Rb-i,GRI 102,Climate Change,topic,102-10,Carbon credits,b.i,"for each project where carbon credits have been canceled, report: project name and ID;",shall,True,2025,2,b
GRI102-2025-D102-10-Rb-ii,GRI 102,Climate Change,topic,102-10,Carbon credits,b.ii,"for each project where carbon credits have been canceled, report: project type;",shall,True,2025,2,b
GRI102-2025-D102-10-Rb-iii,GRI 102,Climate Change,topic,102-10,Carbon credits,b.iii,"for each project where carbon credits have been canceled, report: cancelation serial number, cancellation date, and vintage;",shall,True,2025,2,b
GRI102-2025-D102-10-Rb-iv,GRI 102,Climate Change,topic,102-10,Carbon credits,b.iv,"for each project where carbon credits have been canceled, report: host country and issuing registry;",shall,True,2025,2,b
GRI102-2025-D102-10-Rc-i,GRI 102,Climate Change,topic,102-10,Carbon credits,c.i,"for each carbon credit project reported under 102-10-b, describe how the project adheres to each of the following quality criteria: additionality;",shall,True,2025,2,c
GRI102-2025-D102-10-Rc-ii,GRI 102,Climate Change,topic,102-10,Carbon credits,c.ii,"for each carbon credit project reported under 102-10-b, describe how the project adheres to each of the following quality criteria: credible baselines;",shall,True,2025,2,c
GRI102-2025-D102-10-Rc-iii,GRI 102,Climate Change,topic,102-10,Carbon credits,c.iii,"for each carbon credit project reported under 102-10-b, describe how the project adheres to each of the following quality criteria: permanence;",shall,True,2025,2,c
GRI102-2025-D102-10-Rc-iv,GRI 102,Climate Change,topic,102-10,Carbon credits,c.iv,"for each carbon credit project reported under 102-10-b, describe how the project adheres to each of the following quality criteria: leakage avoidance;",shall,True,2025,2,c
GRI102-2025-D102-10-Rc-v,GRI 102,Climate Change,topic,102-10,Carbon credits,c.v,"for each carbon credit project reported under 102-10-b, describe how the project adheres to each of the following quality criteria: unique issuance and claiming;",shall,True,2025,2,c
GRI102-2025-D102-10-Rc-vi,GRI 102,Climate Change,topic,102-10,Carbon credits,c.vi,"for each carbon credit project reported under 102-10-b, describe how the project adheres to each of the following quality criteria: regular monitoring;",shall,True,2025,2,c
GRI102-2025-D102-10-Rc-vii,GRI 102,Climate Change,topic,102-10,Carbon credits,c.vii,"for each carbon credit project reported under 102-10-b, describe how the project adheres to each of the following quality criteria: independent validation and verification;",shall,True,2025,2,c
GRI102-2025-D102-10-Rc-viii,GRI 102,Climate Change,topic,102-10,Carbon credits,c.viii,"for each carbon credit project reported under 102-10-b, describe how the project adheres to each of the following quality criteria: GHG program governance;",shall,True,2025,2,c
GRI102-2025-D102-10-Rd,GRI 102,Climate Change,topic,102-10,Carbon credits,d,report the purpose of carbon credit cancelation;,shall,True,2025,1,
GRI102-2025-D102-10-Re-i,GRI 102,Climate Change,topic,102-10,Carbon credits,e.i,"describe the impacts on people and the environment from projects where carbon credits are purchased and how the organization continuously monitors and evaluates them, including: the categories of stakeholders consulted in project implementation;",shall,True,2025,2,e
GRI102-2025-D102-10-Re-ii,GRI 102,Climate Change,topic,102-10,Carbon credits,e.ii,"describe the impacts on people and the environment from projects where carbon credits are purchased and how the organization continuously monitors and evaluates them, including: how human rights are respected;",shall,True,2025,2,e
GRI102-2025-D102-10-Re-iii,GRI 102,Climate Change,topic,102-10,Carbon credits,e.iii,"describe the impacts on people and the environment from projects where carbon credits are purchased and how the organization continuously monitors and evaluates them, including: how socio-economic benefits are provided to local communities and Indigenous Peoples;",shall,True,2025,2,e
GRI102-2025-D102-10-Re-iv,GRI 102,Climate Change,topic,102-10,Carbon credits,e.iv,"describe the impacts on people and the environment from projects where carbon credits are purchased and how the organization continuously monitors and evaluates them, including: how biodiversity is conserved;",shall,True,2025,2,e
GRI102-2025-D102-10-Re-v,GRI 102,Climate Change,topic,102-10,Carbon credits,e.v,"describe the impacts on people and the environment from projects where carbon credits are purchased and how the organization continuously monitors and evaluates them, including: how trade-offs are assessed.",shall,True,2025,2,e
GRI103-2025-D103-1-Ra,GRI 103,Energy,topic,103-1,Energy policies and commitments,a,"describe how its energy-related policies and commitments contribute to energy consumption reduction, energy efficiency, and the transition to renewable energy sources;",shall,True,2025,1,
GRI103-2025-D103-1-Rb,GRI 103,Energy,topic,103-1,Energy policies and commitments,b,"describe the impacts on the economy, environment, and people that may result from its energy consumption and the transition to renewable energy sources.",shall,True,2025,1,
GRI103-2025-D103-2-Ra-i,GRI 103,Energy,topic,103-2,Energy consumption and self-generation within,a.i,"report total fuel consumption within the organization in joules, watt-hours, or multiples, and a breakdown of this total by: renewable and non-renewable energy sources;",shall,True,2025,2,a
GRI103-2025-D103-2-Ra-ii,GRI 103,Energy,topic,103-2,Energy consumption and self-generation within,a.ii,"report total fuel consumption within the organization in joules, watt-hours, or multiples, and a breakdown of this total by: each activity in which the fuel is consumed for each renewable and non-renewable energy source;",shall,True,2025,2,a
GRI103-2025-D103-2-Rb-i,GRI 103,Energy,topic,103-2,Energy consumption and self-generation within,b.i,"report total purchased electricity, heating, cooling, and steam consumption within the organization in joules, watt-hours, or multiples, and a breakdown of this total by: renewable and non-renewable energy sources;",shall,True,2025,2,b
GRI103-2025-D103-2-Rb-ii,GRI 103,Energy,topic,103-2,Energy consumption and self-generation within,b.ii,"report total purchased electricity, heating, cooling, and steam consumption within the organization in joules, watt-hours, or multiples, and a breakdown of this total by: electricity, heating, cooling, and steam consumption for each renewable and non- renewable energy source;",shall,True,2025,2,b
GRI103-2025-D103-2-Rc,GRI 103,Energy,topic,103-2,Energy consumption and self-generation within,c,"report total self-generated renewable electricity, heating, cooling, and steam consumption within the organization in joules, watt-hours, or multiples, and a breakdown of this total by electricity, heating, cooling, and steam consumption for each activity in which it is consumed for each renewable energy source;",shall,True,2025,1,
GRI103-2025-D103-2-Rd-i,GRI 103,Energy,topic,103-2,Energy consumption and self-generation within,d.i,"report total self-generated electricity, heating, cooling, and steam sold in joules, watt- hours, or multiples, and a breakdown of this total by: renewable and non-renewable energy sources;",shall,True,2025,2,d
GRI103-2025-D103-2-Rd-ii,GRI 103,Energy,topic,103-2,Energy consumption and self-generation within,d.ii,"report total self-generated electricity, heating, cooling, and steam sold in joules, watt- hours, or multiples, and a breakdown of this total by: electricity, heating, cooling, and steam sold for each renewable and non- renewable energy source;",shall,True,2025,2,d
GRI103-2025-D103-2-Re,GRI 103,Energy,topic,103-2,Energy consumption and self-generation within,e,"report whether contractual instruments are used to disclose information on purchased electricity, heating, cooling, and steam consumption, and if so, describe how the contractual instruments adhere to quality criteria to ensure accuracy and consistency;",shall,True,2025,1,
GRI103-2025-D103-2-Rf,GRI 103,Energy,topic,103-2,Energy consumption and self-generation within,f,"report standards, methodologies, assumptions, and calculation tools used, including the source of the conversion factors used. Throughout this guidance, electricity, heating, cooling, and steam are collectively referred to as",shall,True,2025,1,
GRI103-2025-D103-3-Ra,GRI 103,Energy,topic,103-3,Upstream and downstream energy consumption,a,"report total significant energy consumption in its upstream and downstream value chain in joules, watt-hours, or multiples, and list the upstream and downstream categories in which significant energy consumption occurs;",shall,True,2025,1,
GRI103-2025-D103-3-Rb,GRI 103,Energy,topic,103-3,Upstream and downstream energy consumption,b,"report standards, methodologies, assumptions, and calculation tools used, including the source of the conversion factors used.",shall,True,2025,1,
GRI103-2025-D103-4-Ra,GRI 103,Energy,topic,103-4,Energy intensity,a,"report energy intensity ratio(s), including the energy consumption in joules, watt-hours, or multiples (the numerator) and the organization-specific metric (the denominator) chosen to calculate the ratio(s);",shall,True,2025,1,
GRI103-2025-D103-4-Rb,GRI 103,Energy,topic,103-4,Energy intensity,b,"report whether the energy intensity ratio(s) include energy consumption within the organization, in its upstream and downstream value chain, or both;",shall,True,2025,1,
GRI103-2025-D103-4-Rc,GRI 103,Energy,topic,103-4,Energy intensity,c,"report the types of energy consumption included in the energy intensity ratio(s), whether fuel, electricity, heating, cooling, or steam. Energy intensity ratios are obtained by dividing the energy consumption (the numerator) by an",shall,True,2025,1,
GRI103-2025-D103-5-Ra-i,GRI 103,Energy,topic,103-5,Reduction in energy consumption,a.i,"report the reduction in energy consumption achieved in joules, watt-hours, or multiples, including whether and how it is due to: reductions from the organization’s conservation and efficiency initiatives;",shall,True,2025,2,a
GRI103-2025-D103-5-Ra-ii,GRI 103,Energy,topic,103-5,Reduction in energy consumption,a.ii,"report the reduction in energy consumption achieved in joules, watt-hours, or multiples, including whether and how it is due to: other factors;",shall,True,2025,2,a
GRI103-2025-D103-5-Rb,GRI 103,Energy,topic,103-5,Reduction in energy consumption,b,"report the types of energy consumption included in the reduction, whether fuel, electricity, heating, cooling, or steam;",shall,True,2025,1,
GRI103-2025-D103-5-Rc,GRI 103,Energy,topic,103-5,Reduction in energy consumption,c,"report whether the reduction in energy consumption was achieved within the organization, in its upstream and downstream value chain, or both, and list the upstream and downstream categories in which reduction was achieved;",shall,True,2025,1,
GRI103-2025-D103-5-Rd,GRI 103,Energy,topic,103-5,Reduction in energy consumption,d,"report whether the reduction in energy consumption is estimated, modeled, or sourced from direct measurements and, if applicable, the estimations or modeling methods used;",shall,True,2025,1,
GRI103-2025-D103-5-Re-i,GRI 103,Energy,topic,103-5,Reduction in energy consumption,e.i,"report the base year or baseline for calculating the reduction in energy consumption, including: the rationale for choosing it;",shall,True,2025,2,e
GRI103-2025-D103-5-Re-ii,GRI 103,Energy,topic,103-5,Reduction in energy consumption,e.ii,"report the base year or baseline for calculating the reduction in energy consumption, including: energy consumption in the base year or baseline;",shall,True,2025,2,e
GRI103-2025-D103-5-Rf,GRI 103,Energy,topic,103-5,Reduction in energy consumption,f,"report standards, methodologies, assumptions, and calculation tools used. Reductions in energy consumption can be related to target setting. For further information on",shall,True,2025,1,
GRI1-2021-D1-Ra,GRI 1,Foundation,universal,1,Apply the reporting principles,a,The organization shall apply all the reporting principles specified in section 4 of GRI 1: Foundation 2021.,shall,True,2021,1,
GRI1-2021-D2-Ra,GRI 1,Foundation,universal,2,Report the disclosures in GRI 2: General,a,The organization shall report all disclosures in GRI 2: General Disclosures 2021.,shall,True,2021,1,
GRI1-2021-D3-Ra,GRI 1,Foundation,universal,3,Determine material topics,a,determine its material topics;,shall,True,2021,1,
GRI1-2021-D3-Rb-i,GRI 1,Foundation,universal,3,Determine material topics,b.i,review the GRI Sector Standard(s) that apply to its sector(s) and: determine whether each topic in the applicable Sector Standard(s) is a material topic for the organization;,shall,True,2021,2,b
GRI1-2021-D3-Rb-ii,GRI 1,Foundation,universal,3,Determine material topics,b.ii,review the GRI Sector Standard(s) that apply to its sector(s) and: list in the GRI content index any topics from the applicable Sector Standard(s) that the organization has determined as not material and explain why they are not material.,shall,True,2021,2,b
GRI1-2021-D4-Ra,GRI 1,Foundation,universal,4,Report the disclosures in GRI 3: Material Topics,a,report its process of determining material topics using Disclosure 3-1;,shall,True,2021,1,
GRI1-2021-D4-Rb,GRI 1,Foundation,universal,4,Report the disclosures in GRI 3: Material Topics,b,report a list of its material topics using Disclosure 3-2;,shall,True,2021,1,
GRI1-2021-D4-Rc,GRI 1,Foundation,universal,4,Report the disclosures in GRI 3: Material Topics,c,report how it manages each material topic using Disclosure 3-3.,shall,True,2021,1,
GRI1-2021-D5-Ra,GRI 1,Foundation,universal,5,Report disclosures from the GRI Topic,a,report disclosures from the GRI Topic Standards for each material topic;,shall,True,2021,1,
GRI1-2021-D5-Rb-i,GRI 1,Foundation,universal,5,Report disclosures from the GRI Topic,b.i,"for each material topic covered in the applicable GRI Sector Standard(s), either: report the disclosures from the GRI Topic Standards listed for that topic in the Sector Standard(s), or;",shall,True,2021,2,b
GRI1-2021-D5-Rb-ii,GRI 1,Foundation,universal,5,Report disclosures from the GRI Topic,b.ii,"for each material topic covered in the applicable GRI Sector Standard(s), either: provide the ‘not applicable’ reason for omission and the required explanation in the GRI content index.",shall,True,2021,2,b
GRI1-2021-D6-Ra-i,GRI 1,Foundation,universal,6,Provide reasons for omission for disclosures,a.i,"If the organization cannot comply with a disclosure or with a requirement in a disclosure for which reasons for omission are permitted, the organization shall in the GRI content index: specify the disclosure or the requirement it cannot comply with;",shall,True,2021,2,a
GRI1-2021-D6-Ra-ii,GRI 1,Foundation,universal,6,Provide reasons for omission for disclosures,a.ii,"If the organization cannot comply with a disclosure or with a requirement in a disclosure for which reasons for omission are permitted, the organization shall in the GRI content index: provide one of the four reasons for omission included in Table 1 and the required explanation for that reason. Table 1. Permitted reasons for omission and required explanations REASON FOR OMISSION REQUIRED EXPLANATION Not applicable Explain why the disclosure or the requirement is considered not applicable. Legal prohibitions Describe the specific legal prohibitions. Confidentiality constraints Describe the specific confidentiality constraints. Information unavailable / Specify which information is unavailable or incomplete. When incomplete the information is incomplete, specify which part is missing (e.g., specify the entities for which the information is missing). Explain why the required information is unavailable or incomplete. Describe the steps being taken and the expected time frame to obtain the information.",shall,True,2021,2,a
GRI1-2021-D7-Ra-i,GRI 1,Foundation,universal,7,Publish a GRI content index,a.i,publish a GRI content index that includes: the title: GRI content index;,shall,True,2021,2,a
GRI1-2021-D7-Ra-ii,GRI 1,Foundation,universal,7,Publish a GRI content index,a.ii,publish a GRI content index that includes: the statement of use;,shall,True,2021,2,a
GRI1-2021-D7-Ra-iii,GRI 1,Foundation,universal,7,Publish a GRI content index,a.iii,publish a GRI content index that includes: the title of GRI 1 used;,shall,True,2021,2,a
GRI1-2021-D7-Ra-iv,GRI 1,Foundation,universal,7,Publish a GRI content index,a.iv,publish a GRI content index that includes: the title(s) of the GRI Sector Standard(s) that apply to the organization’s sector(s);,shall,True,2021,2,a
GRI1-2021-D7-Ra-v,GRI 1,Foundation,universal,7,Publish a GRI content index,a.v,publish a GRI content index that includes: a list of the organization’s material topics;,shall,True,2021,2,a
GRI1-2021-D7-Ra-vi,GRI 1,Foundation,universal,7,Publish a GRI content index,a.vi,publish a GRI content index that includes: a list of the topics in the applicable GRI Sector Standard(s) determined as not material and an explanation for why they are not material;,shall,True,2021,2,a
GRI1-2021-D7-Ra-vii,GRI 1,Foundation,universal,7,Publish a GRI content index,a.vii,"publish a GRI content index that includes: a list of the reported disclosures, including the disclosure titles;",shall,True,2021,2,a
GRI1-2021-D7-Ra-viii,GRI 1,Foundation,universal,7,Publish a GRI content index,a.viii,publish a GRI content index that includes: the titles of the GRI Standards and other sources that the reported disclosures come from;,shall,True,2021,2,a
GRI1-2021-D7-Ra-ix,GRI 1,Foundation,universal,7,Publish a GRI content index,a.ix,"publish a GRI content index that includes: when the organization does not report GRI Topic Standard disclosures for a material topic from the applicable GRI Sector Standard(s), a list of the disclosures and the required reason for omission;",shall,True,2021,2,a
GRI1-2021-D7-Ra-x,GRI 1,Foundation,universal,7,Publish a GRI content index,a.x,publish a GRI content index that includes: the GRI Sector Standard reference numbers for the disclosures from the applicable Sector Standard(s);,shall,True,2021,2,a
GRI1-2021-D7-Ra-xi,GRI 1,Foundation,universal,7,Publish a GRI content index,a.xi,publish a GRI content index that includes: the location where the information reported for each disclosure can be found;,shall,True,2021,2,a
GRI1-2021-D7-Ra-xii,GRI 1,Foundation,universal,7,Publish a GRI content index,a.xii,publish a GRI content index that includes: any reasons for omission used;,shall,True,2021,2,a
GRI1-2021-D7-Rb,GRI 1,Foundation,universal,7,Publish a GRI content index,b,"if it publishes a standalone sustainability report and the GRI content index is not included in the report itself, provide a link or reference to the GRI content index in the report.",shall,True,2021,1,
GRI1-2021-D8-Ra,GRI 1,Foundation,universal,8,Provide a statement of use,a,The organization shall include the following statement in its GRI content index: [Name of organization] has reported in accordance with the GRI Standards for the period [reporting period start and end dates].,shall,True,2021,1,
GRI1-2021-D9-Ra,GRI 1,Foundation,universal,9,Notify GRI,a,The organization shall notify GRI of the use of the GRI Standards and the statement of use by sending an email to reportregistration@globalreporting.org.,shall,True,2021,1,
GRI201-2016-D201-1-Ra-i,GRI 201,Economic Performance,topic,201-1,Direct economic value generated and,a.i,"Direct economic value generated and distributed (EVG&D) on an accruals basis, including the basic components for the organization’s global operations as listed below. If data are presented on a cash basis, report the justification for this decision in addition to reporting the following basic components: Direct economic value generated: revenues;",shall,True,2016,2,a
GRI201-2016-D201-1-Ra-ii,GRI 201,Economic Performance,topic,201-1,Direct economic value generated and,a.ii,"Direct economic value generated and distributed (EVG&D) on an accruals basis, including the basic components for the organization’s global operations as listed below. If data are presented on a cash basis, report the justification for this decision in addition to reporting the following basic components: Economic value distributed: operating costs, employee wages and benefits, payments to providers of capital, payments to government by country, and community investments;",shall,True,2016,2,a
GRI201-2016-D201-1-Ra-iii,GRI 201,Economic Performance,topic,201-1,Direct economic value generated and,a.iii,"Direct economic value generated and distributed (EVG&D) on an accruals basis, including the basic components for the organization’s global operations as listed below. If data are presented on a cash basis, report the justification for this decision in addition to reporting the following basic components: Economic value retained: ‘direct economic value generated’ less ‘economic value distributed’.",shall,True,2016,2,a
GRI201-2016-D201-1-Rb,GRI 201,Economic Performance,topic,201-1,Direct economic value generated and,b,"Where significant, report EVG&D separately at country, regional, or market levels, and the criteria used for defining significance.",shall,True,2016,1,
GRI201-2016-D201-2-Ra-i,GRI 201,Economic Performance,topic,201-2,Financial implications and other risks,a.i,"Risks and opportunities posed by climate change that have the potential to generate substantive changes in operations, revenue, or expenditure, including: a description of the risk or opportunity and its classification as either physical, regulatory, or other;",shall,True,2016,2,a
GRI201-2016-D201-2-Ra-ii,GRI 201,Economic Performance,topic,201-2,Financial implications and other risks,a.ii,"Risks and opportunities posed by climate change that have the potential to generate substantive changes in operations, revenue, or expenditure, including: a description of the impact associated with the risk or opportunity;",shall,True,2016,2,a
GRI201-2016-D201-2-Ra-iii,GRI 201,Economic Performance,topic,201-2,Financial implications and other risks,a.iii,"Risks and opportunities posed by climate change that have the potential to generate substantive changes in operations, revenue, or expenditure, including: the financial implications of the risk or opportunity before action is taken;",shall,True,2016,2,a
GRI201-2016-D201-2-Ra-iv,GRI 201,Economic Performance,topic,201-2,Financial implications and other risks,a.iv,"Risks and opportunities posed by climate change that have the potential to generate substantive changes in operations, revenue, or expenditure, including: the methods used to manage the risk or opportunity;",shall,True,2016,2,a
GRI201-2016-D201-2-Ra-v,GRI 201,Economic Performance,topic,201-2,Financial implications and other risks,a.v,"Risks and opportunities posed by climate change that have the potential to generate substantive changes in operations, revenue, or expenditure, including: the costs of actions taken to manage the risk or opportunity.",shall,True,2016,2,a
GRI201-2016-D201-3-Ra,GRI 201,Economic Performance,topic,201-3,Defined benefit plan obligations and,a,"If the plan’s liabilities are met by the organization’s general resources, the estimated value of those liabilities.",shall,True,2016,1,
GRI201-2016-D201-3-Rb-i,GRI 201,Economic Performance,topic,201-3,Defined benefit plan obligations and,b.i,If a separate fund exists to pay the plan’s pension liabilities: the extent to which the scheme’s liabilities are estimated to be covered by the assets that have been set aside to meet them;,shall,True,2016,2,b
GRI201-2016-D201-3-Rb-ii,GRI 201,Economic Performance,topic,201-3,Defined benefit plan obligations and,b.ii,If a separate fund exists to pay the plan’s pension liabilities: the basis on which that estimate has been arrived at;,shall,True,2016,2,b
GRI201-2016-D201-3-Rb-iii,GRI 201,Economic Performance,topic,201-3,Defined benefit plan obligations and,b.iii,If a separate fund exists to pay the plan’s pension liabilities: when that estimate was made.,shall,True,2016,2,b
GRI201-2016-D201-3-Rc,GRI 201,Economic Performance,topic,201-3,Defined benefit plan obligations and,c,"If a fund set up to pay the plan’s pension liabilities is not fully covered, explain the strategy, if any, adopted by the employer to work towards full coverage, and the timescale, if any, by which the employer hopes to achieve full coverage.",shall,True,2016,1,
GRI201-2016-D201-3-Rd,GRI 201,Economic Performance,topic,201-3,Defined benefit plan obligations and,d,Percentage of salary contributed by employee or employer.,shall,True,2016,1,
GRI201-2016-D201-3-Re,GRI 201,Economic Performance,topic,201-3,Defined benefit plan obligations and,e,"Level of participation in retirement plans, such as participation in mandatory or voluntary schemes, regional, or country-based schemes, or those with financial impact.",shall,True,2016,1,
GRI201-2016-D201-4-Ra-i,GRI 201,Economic Performance,topic,201-4,Financial assistance received from,a.i,"Total monetary value of financial assistance received by the organization from any government during the reporting period, including: tax relief and tax credits;",shall,True,2016,2,a
GRI201-2016-D201-4-Ra-ii,GRI 201,Economic Performance,topic,201-4,Financial assistance received from,a.ii,"Total monetary value of financial assistance received by the organization from any government during the reporting period, including: subsidies;",shall,True,2016,2,a
GRI201-2016-D201-4-Ra-iii,GRI 201,Economic Performance,topic,201-4,Financial assistance received from,a.iii,"Total monetary value of financial assistance received by the organization from any government during the reporting period, including: investment grants, research and development grants, and other relevant types of grant;",shall,True,2016,2,a
GRI201-2016-D201-4-Ra-iv,GRI 201,Economic Performance,topic,201-4,Financial assistance received from,a.iv,"Total monetary value of financial assistance received by the organization from any government during the reporting period, including: awards;",shall,True,2016,2,a
GRI201-2016-D201-4-Ra-v,GRI 201,Economic Performance,topic,201-4,Financial assistance received from,a.v,"Total monetary value of financial assistance received by the organization from any government during the reporting period, including: royalty holidays;",shall,True,2016,2,a
GRI201-2016-D201-4-Ra-vi,GRI 201,Economic Performance,topic,201-4,Financial assistance received from,a.vi,"Total monetary value of financial assistance received by the organization from any government during the reporting period, including: financial assistance from Export Credit Agencies (ECAs);",shall,True,2016,2,a
GRI201-2016-D201-4-Ra-vii,GRI 201,Economic Performance,topic,201-4,Financial assistance received from,a.vii,"Total monetary value of financial assistance received by the organization from any government during the reporting period, including: financial incentives;",shall,True,2016,2,a
GRI201-2016-D201-4-Ra-viii,GRI 201,Economic Performance,topic,201-4,Financial assistance received from,a.viii,"Total monetary value of financial assistance received by the organization from any government during the reporting period, including: other financial benefits received or receivable from any government for any operation.",shall,True,2016,2,a
GRI201-2016-D201-4-Rb,GRI 201,Economic Performance,topic,201-4,Financial assistance received from,b,The information in 201-4-a by country.,shall,True,2016,1,
GRI201-2016-D201-4-Rc,GRI 201,Economic Performance,topic,201-4,Financial assistance received from,c,"Whether, and the extent to which, any government is present in the shareholding structure.",shall,True,2016,1,
GRI202-2016-D202-1-Ra,GRI 202,Market Presence,topic,202-1,Ratios of standard entry level wage,a,"When a significant proportion of employees are compensated based on wages subject to minimum wage rules, report the relevant ratio of the entry level wage by gender at significant locations of operation to the minimum wage.",shall,True,2016,1,
GRI202-2016-D202-1-Rb,GRI 202,Market Presence,topic,202-1,Ratios of standard entry level wage,b,"When a significant proportion of other workers (excluding employees) performing the organization’s activities are compensated based on wages subject to minimum wage rules, describe the actions taken to determine whether these workers are paid above the minimum wage.",shall,True,2016,1,
GRI202-2016-D202-1-Rc,GRI 202,Market Presence,topic,202-1,Ratios of standard entry level wage,c,"Whether a local minimum wage is absent or variable at significant locations of operation, by gender. In circumstances in which different minimums can be used as a reference, report which minimum wage is being used.",shall,True,2016,1,
GRI202-2016-D202-1-Rd,GRI 202,Market Presence,topic,202-1,Ratios of standard entry level wage,d,The definition used for ‘significant locations of operation’.,shall,True,2016,1,
GRI202-2016-D202-2-Ra,GRI 202,Market Presence,topic,202-2,Proportion of senior management,a,Percentage of senior management at significant locations of operation that are hired from the local community.,shall,True,2016,1,
GRI202-2016-D202-2-Rb,GRI 202,Market Presence,topic,202-2,Proportion of senior management,b,The definition used for ‘senior management’.,shall,True,2016,1,
GRI202-2016-D202-2-Rc,GRI 202,Market Presence,topic,202-2,Proportion of senior management,c,The organization’s geographical definition of ‘local’.,shall,True,2016,1,
GRI202-2016-D202-2-Rd,GRI 202,Market Presence,topic,202-2,Proportion of senior management,d,The definition used for ‘significant locations of operation’.,shall,True,2016,1,
GRI203-2016-D203-1-Ra,GRI 203,Indirect Economic Impacts,topic,203-1,Infrastructure investments and,a,Extent of development of significant infrastructure investments and services supported.,shall,True,2016,1,
GRI203-2016-D203-1-Rb,GRI 203,Indirect Economic Impacts,topic,203-1,Infrastructure investments and,b,"Current or expected impacts on communities and local economies, including positive and negative impacts where relevant.",shall,True,2016,1,
GRI203-2016-D203-1-Rc,GRI 203,Indirect Economic Impacts,topic,203-1,Infrastructure investments and,c,"Whether these investments and services are commercial, in-kind, or pro bono engagements.",shall,True,2016,1,
GRI203-2016-D203-2-Ra,GRI 203,Indirect Economic Impacts,topic,203-2,Significant indirect economic impacts,a,"Examples of significant identified indirect economic impacts of the organization, including positive and negative impacts.",shall,True,2016,1,
GRI203-2016-D203-2-Rb,GRI 203,Indirect Economic Impacts,topic,203-2,Significant indirect economic impacts,b,"Significance of the indirect economic impacts in the context of external benchmarks and stakeholder priorities, such as national and international standards, protocols, and policy agendas.",shall,True,2016,1,
GRI204-2016-D204-1-Ra,GRI 204,Procurement Practices,topic,204-1,Proportion of spending on local,a,Percentage of the procurement budget used for significant locations of operation that is spent on suppliers local to that operation (such as percentage of products and services purchased locally).,shall,True,2016,1,
GRI204-2016-D204-1-Rb,GRI 204,Procurement Practices,topic,204-1,Proportion of spending on local,b,The organization’s geographical definition of ‘local’.,shall,True,2016,1,
GRI204-2016-D204-1-Rc,GRI 204,Procurement Practices,topic,204-1,Proportion of spending on local,c,The definition used for ‘significant locations of operation’.,shall,True,2016,1,
GRI205-2016-D205-1-Ra,GRI 205,Anti-corruption,topic,205-1,Operations assessed for risks,a,Total number and percentage of operations assessed for risks related to corruption.,shall,True,2016,1,
GRI205-2016-D205-1-Rb,GRI 205,Anti-corruption,topic,205-1,Operations assessed for risks,b,Significant risks related to corruption identified through the risk assessment.,shall,True,2016,1,
GRI205-2016-D205-2-Ra,GRI 205,Anti-corruption,topic,205-2,Communication and training about,a,"Total number and percentage of governance body members that the organization’s anti- corruption policies and procedures have been communicated to, broken down by region.",shall,True,2016,1,
GRI205-2016-D205-2-Rb,GRI 205,Anti-corruption,topic,205-2,Communication and training about,b,"Total number and percentage of employees that the organization’s anti-corruption policies and procedures have been communicated to, broken down by employee category and region.",shall,True,2016,1,
GRI205-2016-D205-2-Rc,GRI 205,Anti-corruption,topic,205-2,Communication and training about,c,"Total number and percentage of business partners that the organization’s anti- corruption policies and procedures have been communicated to, broken down by type of business partner and region. Describe if the organization’s anti-corruption policies and procedures have been communicated to any other persons or organizations.",shall,True,2016,1,
GRI205-2016-D205-2-Rd,GRI 205,Anti-corruption,topic,205-2,Communication and training about,d,"Total number and percentage of governance body members that have received training on anti-corruption, broken down by region.",shall,True,2016,1,
GRI205-2016-D205-2-Re,GRI 205,Anti-corruption,topic,205-2,Communication and training about,e,"Total number and percentage of employees that have received training on anti- corruption, broken down by employee category and region.",shall,True,2016,1,
GRI205-2016-D205-3-Ra,GRI 205,Anti-corruption,topic,205-3,Confirmed incidents of corruption and,a,Total number and nature of confirmed incidents of corruption.,shall,True,2016,1,
GRI205-2016-D205-3-Rb,GRI 205,Anti-corruption,topic,205-3,Confirmed incidents of corruption and,b,Total number of confirmed incidents in which employees were dismissed or disciplined for corruption.,shall,True,2016,1,
GRI205-2016-D205-3-Rc,GRI 205,Anti-corruption,topic,205-3,Confirmed incidents of corruption and,c,Total number of confirmed incidents when contracts with business partners were terminated or not renewed due to violations related to corruption.,shall,True,2016,1,
GRI205-2016-D205-3-Rd,GRI 205,Anti-corruption,topic,205-3,Confirmed incidents of corruption and,d,Public legal cases regarding corruption brought against the organization or its employees during the reporting period and the outcomes of such cases.,shall,True,2016,1,
GRI206-2016-D206-1-Ra,GRI 206,Anti-competitive Behavior,topic,206-1,Legal actions for anti-competitive,a,Number of legal actions pending or completed during the reporting period regarding anti-competitive behavior and violations of anti-trust and monopoly legislation in which the organization has been identified as a participant.,shall,True,2016,1,
GRI206-2016-D206-1-Rb,GRI 206,Anti-competitive Behavior,topic,206-1,Legal actions for anti-competitive,b,"Main outcomes of completed legal actions, including any decisions or judgements. Background",shall,True,2016,1,
GRI207-2019-D207-1-Ra-i,GRI 207,Tax,topic,207-1,Approach to tax,a.i,"A description of the approach to tax, including: whether the organization has a tax strategy and, if so, a link to this strategy if publicly available;",shall,True,2019,2,a
GRI207-2019-D207-1-Ra-ii,GRI 207,Tax,topic,207-1,Approach to tax,a.ii,"A description of the approach to tax, including: the governance body or executive-level position within the organization that formally reviews and approves the tax strategy, and the frequency of this review;",shall,True,2019,2,a
GRI207-2019-D207-1-Ra-iii,GRI 207,Tax,topic,207-1,Approach to tax,a.iii,"A description of the approach to tax, including: the approach to regulatory compliance;",shall,True,2019,2,a
GRI207-2019-D207-1-Ra-iv,GRI 207,Tax,topic,207-1,Approach to tax,a.iv,"A description of the approach to tax, including: how the approach to tax is linked to the business and sustainable development strategies of the organization. Background",shall,True,2019,2,a
GRI207-2019-D207-2-Ra-i,GRI 207,Tax,topic,207-2,"Tax governance, control, and risk",a.i,"A description of the tax governance and control framework, including: the governance body or executive-level position within the organization accountable for compliance with the tax strategy;",shall,True,2019,2,a
GRI207-2019-D207-2-Ra-ii,GRI 207,Tax,topic,207-2,"Tax governance, control, and risk",a.ii,"A description of the tax governance and control framework, including: how the approach to tax is embedded within the organization;",shall,True,2019,2,a
GRI207-2019-D207-2-Ra-iii,GRI 207,Tax,topic,207-2,"Tax governance, control, and risk",a.iii,"A description of the tax governance and control framework, including: the approach to tax risks, including how risks are identified, managed, and monitored;",shall,True,2019,2,a
GRI207-2019-D207-2-Ra-iv,GRI 207,Tax,topic,207-2,"Tax governance, control, and risk",a.iv,"A description of the tax governance and control framework, including: how compliance with the tax governance and control framework is evaluated.",shall,True,2019,2,a
GRI207-2019-D207-2-Rb,GRI 207,Tax,topic,207-2,"Tax governance, control, and risk",b,A description of the mechanisms to raise concerns about the organization’s business conduct and the organization’s integrity in relation to tax.,shall,True,2019,1,
GRI207-2019-D207-2-Rc,GRI 207,Tax,topic,207-2,"Tax governance, control, and risk",c,"A description of the assurance process for disclosures on tax including, if applicable, a link or reference to the external assurance report(s) or assurance statement(s). Background",shall,True,2019,1,
GRI207-2019-D207-3-Ra-i,GRI 207,Tax,topic,207-3,Stakeholder engagement and,a.i,"A description of the approach to stakeholder engagement and management of stakeholder concerns related to tax, including: the approach to engagement with tax authorities;",shall,True,2019,2,a
GRI207-2019-D207-3-Ra-ii,GRI 207,Tax,topic,207-3,Stakeholder engagement and,a.ii,"A description of the approach to stakeholder engagement and management of stakeholder concerns related to tax, including: the approach to public policy advocacy on tax;",shall,True,2019,2,a
GRI207-2019-D207-3-Ra-iii,GRI 207,Tax,topic,207-3,Stakeholder engagement and,a.iii,"A description of the approach to stakeholder engagement and management of stakeholder concerns related to tax, including: the processes for collecting and considering the views and concerns of stakeholders, including external stakeholders. Background",shall,True,2019,2,a
GRI207-2019-D207-4-Ra,GRI 207,Tax,topic,207-4,Country-by-country reporting,a,"All tax jurisdictions where the entities included in the organization’s audited consolidated financial statements, or in the financial information filed on public record, are resident for tax purposes.",shall,True,2019,1,
GRI207-2019-D207-4-Rb-i,GRI 207,Tax,topic,207-4,Country-by-country reporting,b.i,For each tax jurisdiction reported in Disclosure 207-4-a: Names of the resident entities;,shall,True,2019,2,b
GRI207-2019-D207-4-Rb-ii,GRI 207,Tax,topic,207-4,Country-by-country reporting,b.ii,For each tax jurisdiction reported in Disclosure 207-4-a: Primary activities of the organization;,shall,True,2019,2,b
GRI207-2019-D207-4-Rb-iii,GRI 207,Tax,topic,207-4,Country-by-country reporting,b.iii,"For each tax jurisdiction reported in Disclosure 207-4-a: Number of employees, and the basis of calculation of this number;",shall,True,2019,2,b
GRI207-2019-D207-4-Rb-iv,GRI 207,Tax,topic,207-4,Country-by-country reporting,b.iv,For each tax jurisdiction reported in Disclosure 207-4-a: Revenues from third-party sales;,shall,True,2019,2,b
GRI207-2019-D207-4-Rb-v,GRI 207,Tax,topic,207-4,Country-by-country reporting,b.v,For each tax jurisdiction reported in Disclosure 207-4-a: Revenues from intra-group transactions with other tax jurisdictions;,shall,True,2019,2,b
GRI207-2019-D207-4-Rb-vi,GRI 207,Tax,topic,207-4,Country-by-country reporting,b.vi,For each tax jurisdiction reported in Disclosure 207-4-a: Profit/loss before tax;,shall,True,2019,2,b
GRI207-2019-D207-4-Rb-vii,GRI 207,Tax,topic,207-4,Country-by-country reporting,b.vii,For each tax jurisdiction reported in Disclosure 207-4-a: Tangible assets other than cash and cash equivalents;,shall,True,2019,2,b
GRI207-2019-D207-4-Rb-viii,GRI 207,Tax,topic,207-4,Country-by-country reporting,b.viii,For each tax jurisdiction reported in Disclosure 207-4-a: Corporate income tax paid on a cash basis;,shall,True,2019,2,b
GRI207-2019-D207-4-Rb-ix,GRI 207,Tax,topic,207-4,Country-by-country reporting,b.ix,For each tax jurisdiction reported in Disclosure 207-4-a: Corporate income tax accrued on profit/loss;,shall,True,2019,2,b
GRI207-2019-D207-4-Rb-x,GRI 207,Tax,topic,207-4,Country-by-country reporting,b.x,For each tax jurisdiction reported in Disclosure 207-4-a: Reasons for the difference between corporate income tax accrued on profit/loss and the tax due if the statutory tax rate is applied to profit/loss before tax.,shall,True,2019,2,b
GRI207-2019-D207-4-Rc,GRI 207,Tax,topic,207-4,Country-by-country reporting,c,The time period covered by the information reported in Disclosure 207-4.,shall,True,2019,1,
GRI2-2021-D2-1-Ra,GRI 2,General Disclosures,universal,2-1,Organizational details,a,report its legal name;,shall,False,2021,1,
GRI2-2021-D2-1-Rb,GRI 2,General Disclosures,universal,2-1,Organizational details,b,report its nature of ownership and legal form;,shall,False,2021,1,
GRI2-2021-D2-1-Rc,GRI 2,General Disclosures,universal,2-1,Organizational details,c,report the location of its headquarters;,shall,False,2021,1,
GRI2-2021-D2-1-Rd,GRI 2,General Disclosures,universal,2-1,Organizational details,d,report its countries of operation.,shall,False,2021,1,
GRI2-2021-D2-2-Ra,GRI 2,General Disclosures,universal,2-2,Entities included in the organization’s,a,list all its entities included in its sustainability reporting;,shall,False,2021,1,
GRI2-2021-D2-2-Rb,GRI 2,General Disclosures,universal,2-2,Entities included in the organization’s,b,"if the organization has audited consolidated financial statements or financial information filed on public record, specify the differences between the list of entities included in its financial reporting and the list included in its sustainability reporting;",shall,False,2021,1,
GRI2-2021-D2-2-Rc-i,GRI 2,General Disclosures,universal,2-2,Entities included in the organization’s,c.i,"if the organization consists of multiple entities, explain the approach used for consolidating the information, including: whether the approach involves adjustments to information for minority interests;",shall,False,2021,2,c
GRI2-2021-D2-2-Rc-ii,GRI 2,General Disclosures,universal,2-2,Entities included in the organization’s,c.ii,"if the organization consists of multiple entities, explain the approach used for consolidating the information, including: how the approach takes into account mergers, acquisitions, and disposal of entities or parts of entities;",shall,False,2021,2,c
GRI2-2021-D2-2-Rc-iii,GRI 2,General Disclosures,universal,2-2,Entities included in the organization’s,c.iii,"if the organization consists of multiple entities, explain the approach used for consolidating the information, including: whether and how the approach differs across the disclosures in this Standard and across material topics.",shall,False,2021,2,c
GRI2-2021-D2-3-Ra,GRI 2,General Disclosures,universal,2-3,"Reporting period, frequency and contact",a,"specify the reporting period for, and the frequency of, its sustainability reporting;",shall,False,2021,1,
GRI2-2021-D2-3-Rb,GRI 2,General Disclosures,universal,2-3,"Reporting period, frequency and contact",b,"specify the reporting period for its financial reporting and, if it does not align with the period for its sustainability reporting, explain the reason for this;",shall,False,2021,1,
GRI2-2021-D2-3-Rc,GRI 2,General Disclosures,universal,2-3,"Reporting period, frequency and contact",c,report the publication date of the report or reported information;,shall,False,2021,1,
GRI2-2021-D2-3-Rd,GRI 2,General Disclosures,universal,2-3,"Reporting period, frequency and contact",d,specify the contact point for questions about the report or reported information.,shall,False,2021,1,
GRI2-2021-D2-4-Ra-i,GRI 2,General Disclosures,universal,2-4,Restatements of information,a.i,report restatements of information made from previous reporting periods and explain: the reasons for the restatements;,shall,False,2021,2,a
GRI2-2021-D2-4-Ra-ii,GRI 2,General Disclosures,universal,2-4,Restatements of information,a.ii,report restatements of information made from previous reporting periods and explain: the effect of the restatements. The organization should provide a restatement of information when it has learned that the,shall,False,2021,2,a
GRI2-2021-D2-5-Ra,GRI 2,General Disclosures,universal,2-5,External assurance,a,"describe its policy and practice for seeking external assurance, including whether and how the highest governance body and senior executives are involved;",shall,False,2021,1,
GRI2-2021-D2-5-Rb-i,GRI 2,General Disclosures,universal,2-5,External assurance,b.i,if the organization’s sustainability reporting has been externally assured: provide a link or reference to the external assurance report(s) or assurance statement(s);,shall,False,2021,2,b
GRI2-2021-D2-5-Rb-ii,GRI 2,General Disclosures,universal,2-5,External assurance,b.ii,"if the organization’s sustainability reporting has been externally assured: describe what has been assured and on what basis, including the assurance standards used, the level of assurance obtained, and any limitations of the assurance process;",shall,False,2021,2,b
GRI2-2021-D2-5-Rb-iii,GRI 2,General Disclosures,universal,2-5,External assurance,b.iii,if the organization’s sustainability reporting has been externally assured: describe the relationship between the organization and the assurance provider. See section 5.2 in GRI 1: Foundation 2021 for information on external assurance.,shall,False,2021,2,b
GRI2-2021-D2-6-Ra,GRI 2,General Disclosures,universal,2-6,"Activities, value chain and other",a,report the sector(s) in which it is active;,shall,True,2021,1,
GRI2-2021-D2-6-Rb-i,GRI 2,General Disclosures,universal,2-6,"Activities, value chain and other",b.i,"describe its value chain, including: the organization’s activities, products, services, and markets served;",shall,True,2021,2,b
GRI2-2021-D2-6-Rb-ii,GRI 2,General Disclosures,universal,2-6,"Activities, value chain and other",b.ii,"describe its value chain, including: the organization’s supply chain;",shall,True,2021,2,b
GRI2-2021-D2-6-Rb-iii,GRI 2,General Disclosures,universal,2-6,"Activities, value chain and other",b.iii,"describe its value chain, including: the entities downstream from the organization and their activities;",shall,True,2021,2,b
GRI2-2021-D2-6-Rc,GRI 2,General Disclosures,universal,2-6,"Activities, value chain and other",c,report other relevant business relationships;,shall,True,2021,1,
GRI2-2021-D2-6-Rd,GRI 2,General Disclosures,universal,2-6,"Activities, value chain and other",d,"describe significant changes in 2-6-a, 2-6-b, and 2-6-c compared to the previous reporting period.",shall,True,2021,1,
GRI2-2021-D2-7-Ra,GRI 2,General Disclosures,universal,2-7,Employees,a,"report the total number of employees, and a breakdown of this total by gender and by region;",shall,True,2021,1,
GRI2-2021-D2-7-Rb-i,GRI 2,General Disclosures,universal,2-7,Employees,b.i,"report the total number of: permanent employees, and a breakdown by gender and by region;",shall,True,2021,2,b
GRI2-2021-D2-7-Rb-ii,GRI 2,General Disclosures,universal,2-7,Employees,b.ii,"report the total number of: temporary employees, and a breakdown by gender and by region;",shall,True,2021,2,b
GRI2-2021-D2-7-Rb-iii,GRI 2,General Disclosures,universal,2-7,Employees,b.iii,"report the total number of: non-guaranteed hours employees, and a breakdown by gender and by region;",shall,True,2021,2,b
GRI2-2021-D2-7-Rb-iv,GRI 2,General Disclosures,universal,2-7,Employees,b.iv,"report the total number of: full-time employees, and a breakdown by gender and by region;",shall,True,2021,2,b
GRI2-2021-D2-7-Rb-v,GRI 2,General Disclosures,universal,2-7,Employees,b.v,"report the total number of: part-time employees, and a breakdown by gender and by region;",shall,True,2021,2,b
GRI2-2021-D2-7-Rc-i,GRI 2,General Disclosures,universal,2-7,Employees,c.i,"describe the methodologies and assumptions used to compile the data, including whether the numbers are reported: in head count, full-time equivalent (FTE), or using another methodology;",shall,True,2021,2,c
GRI2-2021-D2-7-Rc-ii,GRI 2,General Disclosures,universal,2-7,Employees,c.ii,"describe the methodologies and assumptions used to compile the data, including whether the numbers are reported: at the end of the reporting period, as an average across the reporting period, or using another methodology;",shall,True,2021,2,c
GRI2-2021-D2-7-Rd,GRI 2,General Disclosures,universal,2-7,Employees,d,report contextual information necessary to understand the data reported under 2-7-a and 2-7-b;,shall,True,2021,1,
GRI2-2021-D2-7-Re,GRI 2,General Disclosures,universal,2-7,Employees,e,"describe significant fluctuations in the number of employees during the reporting period and between reporting periods. Together with Disclosure 2-8,",shall,True,2021,1,
GRI2-2021-D2-8-Ra-i,GRI 2,General Disclosures,universal,2-8,Workers who are not employees,a.i,report the total number of workers who are not employees and whose work is controlled by the organization and describe: the most common types of worker and their contractual relationship with the organization;,shall,True,2021,2,a
GRI2-2021-D2-8-Ra-ii,GRI 2,General Disclosures,universal,2-8,Workers who are not employees,a.ii,report the total number of workers who are not employees and whose work is controlled by the organization and describe: the type of work they perform;,shall,True,2021,2,a
GRI2-2021-D2-8-Rb-i,GRI 2,General Disclosures,universal,2-8,Workers who are not employees,b.i,"describe the methodologies and assumptions used to compile the data, including whether the number of workers who are not employees is reported: in head count, full-time equivalent (FTE), or using another methodology;",shall,True,2021,2,b
GRI2-2021-D2-8-Rb-ii,GRI 2,General Disclosures,universal,2-8,Workers who are not employees,b.ii,"describe the methodologies and assumptions used to compile the data, including whether the number of workers who are not employees is reported: at the end of the reporting period, as an average across the reporting period, or using another methodology;",shall,True,2021,2,b
GRI2-2021-D2-8-Rc,GRI 2,General Disclosures,universal,2-8,Workers who are not employees,c,describe significant fluctuations in the number of workers who are not employees during the reporting period and between reporting periods.,shall,True,2021,1,
GRI2-2021-D2-9-Ra,GRI 2,General Disclosures,universal,2-9,Governance structure and composition,a,"describe its governance structure, including committees of the highest governance body;",shall,True,2021,1,
GRI2-2021-D2-9-Rb,GRI 2,General Disclosures,universal,2-9,Governance structure and composition,b,"list the committees of the highest governance body that are responsible for decision- making on and overseeing the management of the organization’s impacts on the economy, environment, and people;",shall,True,2021,1,
GRI2-2021-D2-9-Rc-i,GRI 2,General Disclosures,universal,2-9,Governance structure and composition,c.i,describe the composition of the highest governance body and its committees by: executive and non-executive members;,shall,True,2021,2,c
GRI2-2021-D2-9-Rc-ii,GRI 2,General Disclosures,universal,2-9,Governance structure and composition,c.ii,describe the composition of the highest governance body and its committees by: independence;,shall,True,2021,2,c
GRI2-2021-D2-9-Rc-iii,GRI 2,General Disclosures,universal,2-9,Governance structure and composition,c.iii,describe the composition of the highest governance body and its committees by: tenure of members on the governance body;,shall,True,2021,2,c
GRI2-2021-D2-9-Rc-iv,GRI 2,General Disclosures,universal,2-9,Governance structure and composition,c.iv,"describe the composition of the highest governance body and its committees by: number of other significant positions and commitments held by each member, and the nature of the commitments;",shall,True,2021,2,c
GRI2-2021-D2-9-Rc-v,GRI 2,General Disclosures,universal,2-9,Governance structure and composition,c.v,describe the composition of the highest governance body and its committees by: gender;,shall,True,2021,2,c
GRI2-2021-D2-9-Rc-vi,GRI 2,General Disclosures,universal,2-9,Governance structure and composition,c.vi,describe the composition of the highest governance body and its committees by: under-represented social groups;,shall,True,2021,2,c
GRI2-2021-D2-9-Rc-vii,GRI 2,General Disclosures,universal,2-9,Governance structure and composition,c.vii,describe the composition of the highest governance body and its committees by: competencies relevant to the impacts of the organization;,shall,True,2021,2,c
GRI2-2021-D2-9-Rc-viii,GRI 2,General Disclosures,universal,2-9,Governance structure and composition,c.viii,describe the composition of the highest governance body and its committees by: stakeholder representation.,shall,True,2021,2,c
GRI2-2021-D2-10-Ra,GRI 2,General Disclosures,universal,2-10,Nomination and selection of the,a,describe the nomination and selection processes for the highest governance body and its committees;,shall,True,2021,1,
GRI2-2021-D2-10-Rb-i,GRI 2,General Disclosures,universal,2-10,Nomination and selection of the,b.i,"describe the criteria used for nominating and selecting highest governance body members, including whether and how the following are taken into consideration: views of stakeholders (including shareholders);",shall,True,2021,2,b
GRI2-2021-D2-10-Rb-ii,GRI 2,General Disclosures,universal,2-10,Nomination and selection of the,b.ii,"describe the criteria used for nominating and selecting highest governance body members, including whether and how the following are taken into consideration: diversity;",shall,True,2021,2,b
GRI2-2021-D2-10-Rb-iii,GRI 2,General Disclosures,universal,2-10,Nomination and selection of the,b.iii,"describe the criteria used for nominating and selecting highest governance body members, including whether and how the following are taken into consideration: independence;",shall,True,2021,2,b
GRI2-2021-D2-10-Rb-iv,GRI 2,General Disclosures,universal,2-10,Nomination and selection of the,b.iv,"describe the criteria used for nominating and selecting highest governance body members, including whether and how the following are taken into consideration: competencies relevant to the impacts of the organization.",shall,True,2021,2,b
GRI2-2021-D2-11-Ra,GRI 2,General Disclosures,universal,2-11,Chair of the highest governance body,a,report whether the chair of the highest governance body is also a senior executive in the organization;,shall,True,2021,1,
GRI2-2021-D2-11-Rb,GRI 2,General Disclosures,universal,2-11,Chair of the highest governance body,b,"if the chair is also a senior executive, explain their function within the organization’s management, the reasons for this arrangement, and how conflicts of interest are prevented and mitigated. 23 GRI 2: General Disclosures 2021",shall,True,2021,1,
GRI2-2021-D2-12-Ra,GRI 2,General Disclosures,universal,2-12,Role of the highest governance body,a,"describe the role of the highest governance body and of senior executives in developing, approving, and updating the organization’s purpose, value or mission statements, strategies, policies, and goals related to sustainable development;",shall,True,2021,1,
GRI2-2021-D2-12-Rb-i,GRI 2,General Disclosures,universal,2-12,Role of the highest governance body,b.i,"describe the role of the highest governance body in overseeing the organization’s due diligence and other processes to identify and manage the organization’s impacts on the economy, environment, and people, including: whether and how the highest governance body engages with stakeholders to support these processes;",shall,True,2021,2,b
GRI2-2021-D2-12-Rb-ii,GRI 2,General Disclosures,universal,2-12,Role of the highest governance body,b.ii,"describe the role of the highest governance body in overseeing the organization’s due diligence and other processes to identify and manage the organization’s impacts on the economy, environment, and people, including: how the highest governance body considers the outcomes of these processes;",shall,True,2021,2,b
GRI2-2021-D2-12-Rc,GRI 2,General Disclosures,universal,2-12,Role of the highest governance body,c,"describe the role of the highest governance body in reviewing the effectiveness of the organization’s processes as described in 2-12-b, and report the frequency of this review. For more information about the role of the highest governance body in overseeing the",shall,True,2021,1,
GRI2-2021-D2-13-Ra-i,GRI 2,General Disclosures,universal,2-13,Delegation of responsibility for,a.i,"describe how the highest governance body delegates responsibility for managing the organization’s impacts on the economy, environment, and people, including: whether it has appointed any senior executives with responsibility for the management of impacts;",shall,True,2021,2,a
GRI2-2021-D2-13-Ra-ii,GRI 2,General Disclosures,universal,2-13,Delegation of responsibility for,a.ii,"describe how the highest governance body delegates responsibility for managing the organization’s impacts on the economy, environment, and people, including: whether it has delegated responsibility for the management of impacts to other employees;",shall,True,2021,2,a
GRI2-2021-D2-13-Rb,GRI 2,General Disclosures,universal,2-13,Delegation of responsibility for,b,"describe the process and frequency for senior executives or other employees to report back to the highest governance body on the management of the organization’s impacts on the economy, environment, and people. 25 GRI 2: General Disclosures 2021",shall,True,2021,1,
GRI2-2021-D2-14-Ra,GRI 2,General Disclosures,universal,2-14,Role of the highest governance body,a,"report whether the highest governance body is responsible for reviewing and approving the reported information, including the organization’s material topics, and if so, describe the process for reviewing and approving the information;",shall,True,2021,1,
GRI2-2021-D2-14-Rb,GRI 2,General Disclosures,universal,2-14,Role of the highest governance body,b,"if the highest governance body is not responsible for reviewing and approving the reported information, including the organization’s material topics, explain the reason for this. The organization can report whether the highest governance body has established a",shall,True,2021,1,
GRI2-2021-D2-15-Ra,GRI 2,General Disclosures,universal,2-15,Conflicts of interest,a,describe the processes for the highest governance body to ensure that conflicts of interest are prevented and mitigated;,shall,True,2021,1,
GRI2-2021-D2-15-Rb-i,GRI 2,General Disclosures,universal,2-15,Conflicts of interest,b.i,"report whether conflicts of interest are disclosed to stakeholders, including, at a minimum, conflicts of interest relating to: cross-board membership;",shall,True,2021,2,b
GRI2-2021-D2-15-Rb-ii,GRI 2,General Disclosures,universal,2-15,Conflicts of interest,b.ii,"report whether conflicts of interest are disclosed to stakeholders, including, at a minimum, conflicts of interest relating to: cross-shareholding with suppliers and other stakeholders;",shall,True,2021,2,b
GRI2-2021-D2-15-Rb-iii,GRI 2,General Disclosures,universal,2-15,Conflicts of interest,b.iii,"report whether conflicts of interest are disclosed to stakeholders, including, at a minimum, conflicts of interest relating to: existence of controlling shareholders;",shall,True,2021,2,b
GRI2-2021-D2-15-Rb-iv,GRI 2,General Disclosures,universal,2-15,Conflicts of interest,b.iv,"report whether conflicts of interest are disclosed to stakeholders, including, at a minimum, conflicts of interest relating to: related parties, their relationships, transactions, and outstanding balances. See reference [20] in the Bibliography.",shall,True,2021,2,b
GRI2-2021-D2-16-Ra,GRI 2,General Disclosures,universal,2-16,Communication of critical concerns,a,describe whether and how critical concerns are communicated to the highest governance body;,shall,True,2021,1,
GRI2-2021-D2-16-Rb,GRI 2,General Disclosures,universal,2-16,Communication of critical concerns,b,report the total number and the nature of critical concerns that were communicated to the highest governance body during the reporting period. Critical concerns include concerns about the organization’s potential and actual negative,shall,True,2021,1,
GRI2-2021-D2-17-Ra,GRI 2,General Disclosures,universal,2-17,Collective knowledge of the highest,a,"report measures taken to advance the collective knowledge, skills, and experience of the highest governance body on sustainable development. 29 GRI 2: General Disclosures 2021",shall,True,2021,1,
GRI2-2021-D2-18-Ra,GRI 2,General Disclosures,universal,2-18,Evaluation of the performance of the,a,"describe the processes for evaluating the performance of the highest governance body in overseeing the management of the organization’s impacts on the economy, environment, and people;",shall,True,2021,1,
GRI2-2021-D2-18-Rb,GRI 2,General Disclosures,universal,2-18,Evaluation of the performance of the,b,"report whether the evaluations are independent or not, and the frequency of the evaluations;",shall,True,2021,1,
GRI2-2021-D2-18-Rc,GRI 2,General Disclosures,universal,2-18,Evaluation of the performance of the,c,"describe actions taken in response to the evaluations, including changes to the composition of the highest governance body and organizational practices. 30 GRI 2: General Disclosures 2021",shall,True,2021,1,
GRI2-2021-D2-19-Ra-i,GRI 2,General Disclosures,universal,2-19,Remuneration policies,a.i,"describe the remuneration policies for members of the highest governance body and senior executives, including: fixed pay and variable pay;",shall,True,2021,2,a
GRI2-2021-D2-19-Ra-ii,GRI 2,General Disclosures,universal,2-19,Remuneration policies,a.ii,"describe the remuneration policies for members of the highest governance body and senior executives, including: sign-on bonuses or recruitment incentive payments;",shall,True,2021,2,a
GRI2-2021-D2-19-Ra-iii,GRI 2,General Disclosures,universal,2-19,Remuneration policies,a.iii,"describe the remuneration policies for members of the highest governance body and senior executives, including: termination payments;",shall,True,2021,2,a
GRI2-2021-D2-19-Ra-iv,GRI 2,General Disclosures,universal,2-19,Remuneration policies,a.iv,"describe the remuneration policies for members of the highest governance body and senior executives, including: clawbacks;",shall,True,2021,2,a
GRI2-2021-D2-19-Ra-v,GRI 2,General Disclosures,universal,2-19,Remuneration policies,a.v,"describe the remuneration policies for members of the highest governance body and senior executives, including: retirement benefits;",shall,True,2021,2,a
GRI2-2021-D2-19-Rb,GRI 2,General Disclosures,universal,2-19,Remuneration policies,b,"describe how the remuneration policies for members of the highest governance body and senior executives relate to their objectives and performance in relation to the management of the organization’s impacts on the economy, environment, and people.",shall,True,2021,1,
GRI2-2021-D2-20-Ra-i,GRI 2,General Disclosures,universal,2-20,Process to determine remuneration,a.i,"describe the process for designing its remuneration policies and for determining remuneration, including: whether independent highest governance body members or an independent remuneration committee oversees the process for determining remuneration;",shall,True,2021,2,a
GRI2-2021-D2-20-Ra-ii,GRI 2,General Disclosures,universal,2-20,Process to determine remuneration,a.ii,"describe the process for designing its remuneration policies and for determining remuneration, including: how the views of stakeholders (including shareholders) regarding remuneration are sought and taken into consideration;",shall,True,2021,2,a
GRI2-2021-D2-20-Ra-iii,GRI 2,General Disclosures,universal,2-20,Process to determine remuneration,a.iii,"describe the process for designing its remuneration policies and for determining remuneration, including: whether remuneration consultants are involved in determining remuneration and, if so, whether they are independent of the organization, its highest governance body and senior executives;",shall,True,2021,2,a
GRI2-2021-D2-20-Rb,GRI 2,General Disclosures,universal,2-20,Process to determine remuneration,b,"report the results of votes of stakeholders (including shareholders) on remuneration policies and proposals, if applicable. Remuneration policies are established to ensure that the remuneration arrangements help",shall,True,2021,1,
GRI2-2021-D2-21-Ra,GRI 2,General Disclosures,universal,2-21,Annual total compensation ratio,a,report the ratio of the annual total compensation for the organization’s highest-paid individual to the median annual total compensation for all employees(excluding the highest-paid individual);,shall,True,2021,1,
GRI2-2021-D2-21-Rb,GRI 2,General Disclosures,universal,2-21,Annual total compensation ratio,b,report the ratio of the percentage increase in annual total compensation for the organization’s highest-paid individual to the median percentage increase in annual total compensation for all employees (excluding the highest-paid individual);,shall,True,2021,1,
GRI2-2021-D2-21-Rc,GRI 2,General Disclosures,universal,2-21,Annual total compensation ratio,c,report contextual information necessary to understand the data and how the data has been compiled.,shall,True,2021,1,
GRI2-2021-D2-22-Ra,GRI 2,General Disclosures,universal,2-22,Statement on sustainable development,a,report a statement from the highest governance body or most senior executive of the organization about the relevance of sustainable development to the organization and its strategy for contributing to sustainable development. The organization should describe:,shall,True,2021,1,
GRI2-2021-D2-23-Ra-i,GRI 2,General Disclosures,universal,2-23,Policy commitments,a.i,"describe its policy commitments for responsible business conduct, including: the authoritative intergovernmental instruments that the commitments reference;",shall,True,2021,2,a
GRI2-2021-D2-23-Ra-ii,GRI 2,General Disclosures,universal,2-23,Policy commitments,a.ii,"describe its policy commitments for responsible business conduct, including: whether the commitments stipulate conducting due diligence;",shall,True,2021,2,a
GRI2-2021-D2-23-Ra-iii,GRI 2,General Disclosures,universal,2-23,Policy commitments,a.iii,"describe its policy commitments for responsible business conduct, including: whether the commitments stipulate applying the precautionary principle;",shall,True,2021,2,a
GRI2-2021-D2-23-Ra-iv,GRI 2,General Disclosures,universal,2-23,Policy commitments,a.iv,"describe its policy commitments for responsible business conduct, including: whether the commitments stipulate respecting human rights;",shall,True,2021,2,a
GRI2-2021-D2-23-Rb-i,GRI 2,General Disclosures,universal,2-23,Policy commitments,b.i,"describe its specific policy commitment to respect human rights, including: the internationally recognized human rights that the commitment covers;",shall,True,2021,2,b
GRI2-2021-D2-23-Rb-ii,GRI 2,General Disclosures,universal,2-23,Policy commitments,b.ii,"describe its specific policy commitment to respect human rights, including: the categories of stakeholders, including at-risk or vulnerable groups, that the organization gives particular attention to in the commitment;",shall,True,2021,2,b
GRI2-2021-D2-23-Rc,GRI 2,General Disclosures,universal,2-23,Policy commitments,c,"provide links to the policy commitments if publicly available, or, if the policy commitments are not publicly available, explain the reason for this;",shall,True,2021,1,
GRI2-2021-D2-23-Rd,GRI 2,General Disclosures,universal,2-23,Policy commitments,d,"report the level at which each of the policy commitments was approved within the organization, including whether this is the most senior level;",shall,True,2021,1,
GRI2-2021-D2-23-Re,GRI 2,General Disclosures,universal,2-23,Policy commitments,e,report the extent to which the policy commitments apply to the organization’s activities and to its business relationships;,shall,True,2021,1,
GRI2-2021-D2-23-Rf,GRI 2,General Disclosures,universal,2-23,Policy commitments,f,"describe how the policy commitments are communicated to workers, business partners, and other relevant parties.",shall,True,2021,1,
GRI2-2021-D2-24-Ra-i,GRI 2,General Disclosures,universal,2-24,Embedding policy commitments,a.i,"describe how it embeds each of its policy commitments for responsible business conduct throughout its activities and business relationships, including: how it allocates responsibility to implement the commitments across different levels within the organization;",shall,True,2021,2,a
GRI2-2021-D2-24-Ra-ii,GRI 2,General Disclosures,universal,2-24,Embedding policy commitments,a.ii,"describe how it embeds each of its policy commitments for responsible business conduct throughout its activities and business relationships, including: how it integrates the commitments into organizational strategies, operational policies, and operational procedures;",shall,True,2021,2,a
GRI2-2021-D2-24-Ra-iii,GRI 2,General Disclosures,universal,2-24,Embedding policy commitments,a.iii,"describe how it embeds each of its policy commitments for responsible business conduct throughout its activities and business relationships, including: how it implements its commitments with and through its business relationships;",shall,True,2021,2,a
GRI2-2021-D2-24-Ra-iv,GRI 2,General Disclosures,universal,2-24,Embedding policy commitments,a.iv,"describe how it embeds each of its policy commitments for responsible business conduct throughout its activities and business relationships, including: training that the organization provides on implementing the commitments.",shall,True,2021,2,a
GRI2-2021-D2-25-Ra,GRI 2,General Disclosures,universal,2-25,Processes to remediate negative,a,describe its commitments to provide for or cooperate in the remediation of negative impacts that the organization identifies it has caused or contributed to;,shall,True,2021,1,
GRI2-2021-D2-25-Rb,GRI 2,General Disclosures,universal,2-25,Processes to remediate negative,b,"describe its approach to identify and address grievances, including the grievance mechanisms that the organization has established or participates in;",shall,True,2021,1,
GRI2-2021-D2-25-Rc,GRI 2,General Disclosures,universal,2-25,Processes to remediate negative,c,describe other processes by which the organization provides for or cooperates in the remediation of negative impacts that it identifies it has caused or contributed to;,shall,True,2021,1,
GRI2-2021-D2-25-Rd,GRI 2,General Disclosures,universal,2-25,Processes to remediate negative,d,"describe how the stakeholders who are the intended users of the grievance mechanisms are involved in the design, review, operation, and improvement of these mechanisms;",shall,True,2021,1,
GRI2-2021-D2-25-Re,GRI 2,General Disclosures,universal,2-25,Processes to remediate negative,e,"describe how the organization tracks the effectiveness of the grievance mechanisms and other remediation processes, and report examples of their effectiveness, including stakeholder feedback.",shall,True,2021,1,
GRI2-2021-D2-26-Ra-i,GRI 2,General Disclosures,universal,2-26,Mechanisms for seeking advice and,a.i,describe the mechanisms for individuals to: seek advice on implementing the organization’s policies and practices for responsible business conduct;,shall,True,2021,2,a
GRI2-2021-D2-26-Ra-ii,GRI 2,General Disclosures,universal,2-26,Mechanisms for seeking advice and,a.ii,describe the mechanisms for individuals to: raise concerns about the organization’s business conduct.,shall,True,2021,2,a
GRI2-2021-D2-27-Ra-i,GRI 2,General Disclosures,universal,2-27,Compliance with laws and regulations,a.i,"report the total number of significant instances of non-compliance with laws and regulations during the reporting period, and a breakdown of this total by: instances for which fines were incurred;",shall,True,2021,2,a
GRI2-2021-D2-27-Ra-ii,GRI 2,General Disclosures,universal,2-27,Compliance with laws and regulations,a.ii,"report the total number of significant instances of non-compliance with laws and regulations during the reporting period, and a breakdown of this total by: instances for which non-monetary sanctions were incurred;",shall,True,2021,2,a
GRI2-2021-D2-27-Rb-i,GRI 2,General Disclosures,universal,2-27,Compliance with laws and regulations,b.i,"report the total number and the monetary value of fines for instances of non- compliance with laws and regulations that were paid during the reporting period, and a breakdown of this total by: fines for instances of non-compliance with laws and regulations that occurred in the current reporting period;",shall,True,2021,2,b
GRI2-2021-D2-27-Rb-ii,GRI 2,General Disclosures,universal,2-27,Compliance with laws and regulations,b.ii,"report the total number and the monetary value of fines for instances of non- compliance with laws and regulations that were paid during the reporting period, and a breakdown of this total by: fines for instances of non-compliance with laws and regulations that occurred in previous reporting periods;",shall,True,2021,2,b
GRI2-2021-D2-27-Rc,GRI 2,General Disclosures,universal,2-27,Compliance with laws and regulations,c,describe the significant instances of non-compliance;,shall,True,2021,1,
GRI2-2021-D2-27-Rd,GRI 2,General Disclosures,universal,2-27,Compliance with laws and regulations,d,describe how it has determined significant instances of non-compliance.,shall,True,2021,1,
GRI2-2021-D2-28-Ra,GRI 2,General Disclosures,universal,2-28,Membership associations,a,"report industry associations, other membership associations, and national or international advocacy organizations in which it participates in a significant role. The organization may have a significant role in an association or advocacy organization when it",shall,True,2021,1,
GRI2-2021-D2-29-Ra-i,GRI 2,General Disclosures,universal,2-29,Approach to stakeholder engagement,a.i,"describe its approach to engaging with stakeholders, including: the categories of stakeholders it engages with, and how they are identified;",shall,True,2021,2,a
GRI2-2021-D2-29-Ra-ii,GRI 2,General Disclosures,universal,2-29,Approach to stakeholder engagement,a.ii,"describe its approach to engaging with stakeholders, including: the purpose of the stakeholder engagement;",shall,True,2021,2,a
GRI2-2021-D2-29-Ra-iii,GRI 2,General Disclosures,universal,2-29,Approach to stakeholder engagement,a.iii,"describe its approach to engaging with stakeholders, including: how the organization seeks to ensure meaningful engagement with stakeholders. Stakeholders are individuals or groups that have interests that are affected or could be affected",shall,True,2021,2,a
GRI2-2021-D2-30-Ra,GRI 2,General Disclosures,universal,2-30,Collective bargaining agreements,a,report the percentage of total employees covered by collective bargaining agreements;,shall,True,2021,1,
GRI2-2021-D2-30-Rb,GRI 2,General Disclosures,universal,2-30,Collective bargaining agreements,b,"for employees not covered by collective bargaining agreements, report whether the organization determines their working conditions and terms of employment based on collective bargaining agreements that cover its other employees or based on collective bargaining agreements from other organizations.",shall,True,2021,1,
GRI301-2016-D301-1-Ra-i,GRI 301,Materials,topic,301-1,Materials used by weight or volume,a.i,"Total weight or volume of materials that are used to produce and package the organization’s primary products and services during the reporting period, by: non-renewable materials used;",shall,True,2016,2,a
GRI301-2016-D301-1-Ra-ii,GRI 301,Materials,topic,301-1,Materials used by weight or volume,a.ii,"Total weight or volume of materials that are used to produce and package the organization’s primary products and services during the reporting period, by: renewable materials used.",shall,True,2016,2,a
GRI301-2016-D301-2-Ra,GRI 301,Materials,topic,301-2,Recycled input materials used,a,Percentage of recycled input materials used to manufacture the organization's primary products and services.,shall,True,2016,1,
GRI301-2016-D301-3-Ra,GRI 301,Materials,topic,301-3,Reclaimed products and their,a,Percentage of reclaimed products and their packaging materials for each product category.,shall,True,2016,1,
GRI301-2016-D301-3-Rb,GRI 301,Materials,topic,301-3,Reclaimed products and their,b,How the data for,shall,True,2016,1,
GRI302-2016-D302-1-Ra,GRI 302,Energy,topic,302-1,Energy consumption within the,a,"Total fuel consumption within the organization from non-renewable sources, in joules or multiples, and including fuel types used.",shall,True,2016,1,
GRI302-2016-D302-1-Rb,GRI 302,Energy,topic,302-1,Energy consumption within the,b,"Total fuel consumption within the organization from renewable sources, in joules or multiples, and including fuel types used.",shall,True,2016,1,
GRI302-2016-D302-1-Rc-i,GRI 302,Energy,topic,302-1,Energy consumption within the,c.i,"In joules, watt-hours or multiples, the total: electricity consumption",shall,True,2016,2,c
GRI302-2016-D302-1-Rc-ii,GRI 302,Energy,topic,302-1,Energy consumption within the,c.ii,"In joules, watt-hours or multiples, the total: heating consumption",shall,True,2016,2,c
GRI302-2016-D302-1-Rc-iii,GRI 302,Energy,topic,302-1,Energy consumption within the,c.iii,"In joules, watt-hours or multiples, the total: cooling consumption",shall,True,2016,2,c
GRI302-2016-D302-1-Rc-iv,GRI 302,Energy,topic,302-1,Energy consumption within the,c.iv,"In joules, watt-hours or multiples, the total: steam consumption",shall,True,2016,2,c
GRI302-2016-D302-1-Rd-i,GRI 302,Energy,topic,302-1,Energy consumption within the,d.i,"In joules, watt-hours or multiples, the total: electricity sold",shall,True,2016,2,d
GRI302-2016-D302-1-Rd-ii,GRI 302,Energy,topic,302-1,Energy consumption within the,d.ii,"In joules, watt-hours or multiples, the total: heating sold",shall,True,2016,2,d
GRI302-2016-D302-1-Rd-iii,GRI 302,Energy,topic,302-1,Energy consumption within the,d.iii,"In joules, watt-hours or multiples, the total: cooling sold",shall,True,2016,2,d
GRI302-2016-D302-1-Rd-iv,GRI 302,Energy,topic,302-1,Energy consumption within the,d.iv,"In joules, watt-hours or multiples, the total: steam sold",shall,True,2016,2,d
GRI302-2016-D302-1-Re,GRI 302,Energy,topic,302-1,Energy consumption within the,e,"Total energy consumption within the organization, in joules or multiples.",shall,True,2016,1,
GRI302-2016-D302-1-Rf,GRI 302,Energy,topic,302-1,Energy consumption within the,f,"Standards, methodologies, assumptions, and/or calculation tools used.",shall,True,2016,1,
GRI302-2016-D302-1-Rg,GRI 302,Energy,topic,302-1,Energy consumption within the,g,Source of the conversion factors used.,shall,True,2016,1,
GRI302-2016-D302-2-Ra,GRI 302,Energy,topic,302-2,Energy consumption outside of the,a,"Energy consumption outside of the organization, in joules or multiples.",shall,True,2016,1,
GRI302-2016-D302-2-Rb,GRI 302,Energy,topic,302-2,Energy consumption outside of the,b,"Standards, methodologies, assumptions, and/or calculation tools used.",shall,True,2016,1,
GRI302-2016-D302-2-Rc,GRI 302,Energy,topic,302-2,Energy consumption outside of the,c,Source of the conversion factors used.,shall,True,2016,1,
GRI302-2016-D302-3-Ra,GRI 302,Energy,topic,302-3,Energy intensity,a,Energy intensity ratio for the organization.,shall,True,2016,1,
GRI302-2016-D302-3-Rb,GRI 302,Energy,topic,302-3,Energy intensity,b,Organization-specific metric (the denominator) chosen to calculate the ratio.,shall,True,2016,1,
GRI302-2016-D302-3-Rc,GRI 302,Energy,topic,302-3,Energy intensity,c,"Types of energy included in the intensity ratio; whether fuel, electricity, heating, cooling, steam, or all.",shall,True,2016,1,
GRI302-2016-D302-3-Rd,GRI 302,Energy,topic,302-3,Energy intensity,d,"Whether the ratio uses energy consumption within the organization, outside of it, or both.",shall,True,2016,1,
GRI302-2016-D302-4-Ra,GRI 302,Energy,topic,302-4,Reduction of energy consumption,a,"Amount of reductions in energy consumption achieved as a direct result of conservation and efficiency initiatives, in joules or multiples.",shall,True,2016,1,
GRI302-2016-D302-4-Rb,GRI 302,Energy,topic,302-4,Reduction of energy consumption,b,"Types of energy included in the reductions; whether fuel, electricity, heating, cooling, steam, or all.",shall,True,2016,1,
GRI302-2016-D302-4-Rc,GRI 302,Energy,topic,302-4,Reduction of energy consumption,c,"Basis for calculating reductions in energy consumption, such as base year or baseline, including the rationale for choosing it.",shall,True,2016,1,
GRI302-2016-D302-4-Rd,GRI 302,Energy,topic,302-4,Reduction of energy consumption,d,"Standards, methodologies, assumptions, and/or calculation tools used.",shall,True,2016,1,
GRI302-2016-D302-5-Ra,GRI 302,Energy,topic,302-5,Reductions in energy requirements of,a,"Reductions in energy requirements of sold products and services achieved during the reporting period, in joules or multiples.",shall,True,2016,1,
GRI302-2016-D302-5-Rb,GRI 302,Energy,topic,302-5,Reductions in energy requirements of,b,"Basis for calculating reductions in energy consumption, such as base year or baseline, including the rationale for choosing it.",shall,True,2016,1,
GRI302-2016-D302-5-Rc,GRI 302,Energy,topic,302-5,Reductions in energy requirements of,c,"Standards, methodologies, assumptions, and/or calculation tools used.",shall,True,2016,1,
GRI303-2018-D303-1-Ra,GRI 303,Water and Effluents,topic,303-1,Interactions with water as a shared,a,"A description of how the organization interacts with water, including how and where water is withdrawn, consumed, and discharged, and the water-related impacts the organization has caused or contributed to, or that are directly linked to its operations, products, or services by its business relationships (e.g., impacts caused by runoff).",shall,True,2018,1,
GRI303-2018-D303-1-Rb,GRI 303,Water and Effluents,topic,303-1,Interactions with water as a shared,b,"A description of the approach used to identify water-related impacts, including the scope of assessments, their timeframe, and any tools or methodologies used.",shall,True,2018,1,
GRI303-2018-D303-1-Rc,GRI 303,Water and Effluents,topic,303-1,Interactions with water as a shared,c,"A description of how water-related impacts are addressed, including how the organization works with stakeholders to steward water as a shared resource, and how it engages with suppliers or customers with significant water-related impacts.",shall,True,2018,1,
GRI303-2018-D303-1-Rd,GRI 303,Water and Effluents,topic,303-1,Interactions with water as a shared,d,"An explanation of the process for setting any water-related goals and targets that are part of the organization’s approach to managing water and effluents, and how they relate to public policy and the local context of each area with water stress.",shall,True,2018,1,
GRI303-2018-D303-2-Ra-i,GRI 303,Water and Effluents,topic,303-2,Management of water discharge-,a.i,"A description of any minimum standards set for the quality of effluent discharge, and how these minimum standards were determined, including: how standards for facilities operating in locations with no local discharge requirements were determined;",shall,True,2018,2,a
GRI303-2018-D303-2-Ra-ii,GRI 303,Water and Effluents,topic,303-2,Management of water discharge-,a.ii,"A description of any minimum standards set for the quality of effluent discharge, and how these minimum standards were determined, including: any internally developed water quality standards or guidelines;",shall,True,2018,2,a
GRI303-2018-D303-2-Ra-iii,GRI 303,Water and Effluents,topic,303-2,Management of water discharge-,a.iii,"A description of any minimum standards set for the quality of effluent discharge, and how these minimum standards were determined, including: any sector-specific standards considered;",shall,True,2018,2,a
GRI303-2018-D303-2-Ra-iv,GRI 303,Water and Effluents,topic,303-2,Management of water discharge-,a.iv,"A description of any minimum standards set for the quality of effluent discharge, and how these minimum standards were determined, including: whether the profile of the receiving waterbody was considered.",shall,True,2018,2,a
GRI303-2018-D303-3-Ra-i,GRI 303,Water and Effluents,topic,303-3,Water withdrawal,a.i,"Total water withdrawal from all areas in megaliters, and a breakdown of this total by the following sources, if applicable: Surface water;",shall,True,2018,2,a
GRI303-2018-D303-3-Ra-ii,GRI 303,Water and Effluents,topic,303-3,Water withdrawal,a.ii,"Total water withdrawal from all areas in megaliters, and a breakdown of this total by the following sources, if applicable: Groundwater;",shall,True,2018,2,a
GRI303-2018-D303-3-Ra-iii,GRI 303,Water and Effluents,topic,303-3,Water withdrawal,a.iii,"Total water withdrawal from all areas in megaliters, and a breakdown of this total by the following sources, if applicable: Seawater;",shall,True,2018,2,a
GRI303-2018-D303-3-Ra-iv,GRI 303,Water and Effluents,topic,303-3,Water withdrawal,a.iv,"Total water withdrawal from all areas in megaliters, and a breakdown of this total by the following sources, if applicable: Produced water;",shall,True,2018,2,a
GRI303-2018-D303-3-Ra-v,GRI 303,Water and Effluents,topic,303-3,Water withdrawal,a.v,"Total water withdrawal from all areas in megaliters, and a breakdown of this total by the following sources, if applicable: Third-party water.",shall,True,2018,2,a
GRI303-2018-D303-3-Rb-i,GRI 303,Water and Effluents,topic,303-3,Water withdrawal,b.i,"Total water withdrawal from all areas with water stress in megaliters, and a breakdown of this total by the following sources, if applicable: Surface water;",shall,True,2018,2,b
GRI303-2018-D303-3-Rb-ii,GRI 303,Water and Effluents,topic,303-3,Water withdrawal,b.ii,"Total water withdrawal from all areas with water stress in megaliters, and a breakdown of this total by the following sources, if applicable: Groundwater;",shall,True,2018,2,b
GRI303-2018-D303-3-Rb-iii,GRI 303,Water and Effluents,topic,303-3,Water withdrawal,b.iii,"Total water withdrawal from all areas with water stress in megaliters, and a breakdown of this total by the following sources, if applicable: Seawater;",shall,True,2018,2,b
GRI303-2018-D303-3-Rb-iv,GRI 303,Water and Effluents,topic,303-3,Water withdrawal,b.iv,"Total water withdrawal from all areas with water stress in megaliters, and a breakdown of this total by the following sources, if applicable: Produced water;",shall,True,2018,2,b
GRI303-2018-D303-3-Rb-v,GRI 303,Water and Effluents,topic,303-3,Water withdrawal,b.v,"Total water withdrawal from all areas with water stress in megaliters, and a breakdown of this total by the following sources, if applicable: Third-party water, and a breakdown of this total by the withdrawal sources listed in i-iv.",shall,True,2018,2,b
GRI303-2018-D303-3-Rc-i,GRI 303,Water and Effluents,topic,303-3,Water withdrawal,c.i,"A breakdown of total water withdrawal from each of the sources listed in Disclosures 303-3-a and 303-3-b in megaliters by the following categories: Freshwater (≤1,000 mg/L Total Dissolved Solids);",shall,True,2018,2,c
GRI303-2018-D303-3-Rc-ii,GRI 303,Water and Effluents,topic,303-3,Water withdrawal,c.ii,"A breakdown of total water withdrawal from each of the sources listed in Disclosures 303-3-a and 303-3-b in megaliters by the following categories: Other water (>1,000 mg/L Total Dissolved Solids).",shall,True,2018,2,c
GRI303-2018-D303-3-Rd,GRI 303,Water and Effluents,topic,303-3,Water withdrawal,d,"Any contextual information necessary to understand how the data have been compiled, such as any standards, methodologies, and assumptions used.",shall,True,2018,1,
GRI303-2018-D303-4-Ra-i,GRI 303,Water and Effluents,topic,303-4,Water discharge,a.i,"Total water discharge to all areas in megaliters, and a breakdown of this total by the following types of destination, if applicable: Surface water;",shall,True,2018,2,a
GRI303-2018-D303-4-Ra-ii,GRI 303,Water and Effluents,topic,303-4,Water discharge,a.ii,"Total water discharge to all areas in megaliters, and a breakdown of this total by the following types of destination, if applicable: Groundwater;",shall,True,2018,2,a
GRI303-2018-D303-4-Ra-iii,GRI 303,Water and Effluents,topic,303-4,Water discharge,a.iii,"Total water discharge to all areas in megaliters, and a breakdown of this total by the following types of destination, if applicable: Seawater;",shall,True,2018,2,a
GRI303-2018-D303-4-Ra-iv,GRI 303,Water and Effluents,topic,303-4,Water discharge,a.iv,"Total water discharge to all areas in megaliters, and a breakdown of this total by the following types of destination, if applicable: Third-party water, and the volume of this total sent for use to other organizations, if applicable.",shall,True,2018,2,a
GRI303-2018-D303-4-Rb-i,GRI 303,Water and Effluents,topic,303-4,Water discharge,b.i,"A breakdown of total water discharge to all areas in megaliters by the following categories: Freshwater (≤1,000 mg/L Total Dissolved Solids);",shall,True,2018,2,b
GRI303-2018-D303-4-Rb-ii,GRI 303,Water and Effluents,topic,303-4,Water discharge,b.ii,"A breakdown of total water discharge to all areas in megaliters by the following categories: Other water (>1,000 mg/L Total Dissolved Solids).",shall,True,2018,2,b
GRI303-2018-D303-4-Rc-i,GRI 303,Water and Effluents,topic,303-4,Water discharge,c.i,"Total water discharge to all areas with water stress in megaliters, and a breakdown of this total by the following categories: Freshwater (≤1,000 mg/L Total Dissolved Solids);",shall,True,2018,2,c
GRI303-2018-D303-4-Rc-ii,GRI 303,Water and Effluents,topic,303-4,Water discharge,c.ii,"Total water discharge to all areas with water stress in megaliters, and a breakdown of this total by the following categories: Other water (>1,000 mg/L Total Dissolved Solids).",shall,True,2018,2,c
GRI303-2018-D303-4-Rd-i,GRI 303,Water and Effluents,topic,303-4,Water discharge,d.i,"Priority substances of concern for which discharges are treated, including: how priority substances of concern were defined, and any international standard, authoritative list, or criteria used;",shall,True,2018,2,d
GRI303-2018-D303-4-Rd-ii,GRI 303,Water and Effluents,topic,303-4,Water discharge,d.ii,"Priority substances of concern for which discharges are treated, including: the approach for setting discharge limits for priority substances of concern;",shall,True,2018,2,d
GRI303-2018-D303-4-Rd-iii,GRI 303,Water and Effluents,topic,303-4,Water discharge,d.iii,"Priority substances of concern for which discharges are treated, including: number of incidents of non-compliance with discharge limits.",shall,True,2018,2,d
GRI303-2018-D303-4-Re,GRI 303,Water and Effluents,topic,303-4,Water discharge,e,"Any contextual information necessary to understand how the data have been compiled, such as any standards, methodologies, and assumptions used.",shall,True,2018,1,
GRI303-2018-D303-5-Ra,GRI 303,Water and Effluents,topic,303-5,Water consumption,a,Total water consumption from all areas in megaliters.,shall,True,2018,1,
GRI303-2018-D303-5-Rb,GRI 303,Water and Effluents,topic,303-5,Water consumption,b,Total water consumption from all areas with water stress in megaliters.,shall,True,2018,1,
GRI303-2018-D303-5-Rc,GRI 303,Water and Effluents,topic,303-5,Water consumption,c,"Change in water storage in megaliters, if water storage has been identified as having a significant water-related impact.",shall,True,2018,1,
GRI303-2018-D303-5-Rd,GRI 303,Water and Effluents,topic,303-5,Water consumption,d,"Any contextual information necessary to understand how the data have been compiled, such as any standards, methodologies, and assumptions used, including whether the information is calculated, estimated, modeled, or sourced from direct measurements, and the approach taken for this, such as the use of any sector-specific factors.",shall,True,2018,1,
GRI304-2016-D304-1-Ra-i,GRI 304,Biodiversity,topic,304-1,"Operational sites owned, leased,",a.i,"For each operational site owned, leased, managed in, or adjacent to, protected areas and areas of high biodiversity value outside protected areas, the following information: Geographic location;",shall,True,2016,2,a
GRI304-2016-D304-1-Ra-ii,GRI 304,Biodiversity,topic,304-1,"Operational sites owned, leased,",a.ii,"For each operational site owned, leased, managed in, or adjacent to, protected areas and areas of high biodiversity value outside protected areas, the following information: Subsurface and underground land that may be owned, leased, or managed by the organization;",shall,True,2016,2,a
GRI304-2016-D304-1-Ra-iii,GRI 304,Biodiversity,topic,304-1,"Operational sites owned, leased,",a.iii,"For each operational site owned, leased, managed in, or adjacent to, protected areas and areas of high biodiversity value outside protected areas, the following information: Position in relation to the protected area (in the area, adjacent to, or containing portions of the protected area) or the high biodiversity value area outside protected areas;",shall,True,2016,2,a
GRI304-2016-D304-1-Ra-iv,GRI 304,Biodiversity,topic,304-1,"Operational sites owned, leased,",a.iv,"For each operational site owned, leased, managed in, or adjacent to, protected areas and areas of high biodiversity value outside protected areas, the following information: Type of operation (office, manufacturing or production, or extractive);",shall,True,2016,2,a
GRI304-2016-D304-1-Ra-v,GRI 304,Biodiversity,topic,304-1,"Operational sites owned, leased,",a.v,"For each operational site owned, leased, managed in, or adjacent to, protected areas and areas of high biodiversity value outside protected areas, the following information: Size of operational site in km2 (or another unit, if appropriate);",shall,True,2016,2,a
GRI304-2016-D304-1-Ra-vi,GRI 304,Biodiversity,topic,304-1,"Operational sites owned, leased,",a.vi,"For each operational site owned, leased, managed in, or adjacent to, protected areas and areas of high biodiversity value outside protected areas, the following information: Biodiversity value characterized by the attribute of the protected area or area of high biodiversity value outside the protected area (terrestrial, freshwater, or maritime ecosystem);",shall,True,2016,2,a
GRI304-2016-D304-1-Ra-vii,GRI 304,Biodiversity,topic,304-1,"Operational sites owned, leased,",a.vii,"For each operational site owned, leased, managed in, or adjacent to, protected areas and areas of high biodiversity value outside protected areas, the following information: Biodiversity value characterized by listing of protected status (such as IUCN Protected Area Management Categories, Ramsar Convention, national legislation).",shall,True,2016,2,a
GRI304-2016-D304-2-Ra-i,GRI 304,Biodiversity,topic,304-2,"Significant impacts of activities,",a.i,"Nature of significant direct and indirect impacts on biodiversity with reference to one or more of the following: Construction or use of manufacturing plants, mines, and transport infrastructure;",shall,True,2016,2,a
GRI304-2016-D304-2-Ra-ii,GRI 304,Biodiversity,topic,304-2,"Significant impacts of activities,",a.ii,Nature of significant direct and indirect impacts on biodiversity with reference to one or more of the following: Pollution (introduction of substances that do not naturally occur in the habitat from point and non-point sources);,shall,True,2016,2,a
GRI304-2016-D304-2-Ra-iii,GRI 304,Biodiversity,topic,304-2,"Significant impacts of activities,",a.iii,"Nature of significant direct and indirect impacts on biodiversity with reference to one or more of the following: Introduction of invasive species, pests, and pathogens;",shall,True,2016,2,a
GRI304-2016-D304-2-Ra-iv,GRI 304,Biodiversity,topic,304-2,"Significant impacts of activities,",a.iv,Nature of significant direct and indirect impacts on biodiversity with reference to one or more of the following: Reduction of species;,shall,True,2016,2,a
GRI304-2016-D304-2-Ra-v,GRI 304,Biodiversity,topic,304-2,"Significant impacts of activities,",a.v,Nature of significant direct and indirect impacts on biodiversity with reference to one or more of the following: Habitat conversion;,shall,True,2016,2,a
GRI304-2016-D304-2-Ra-vi,GRI 304,Biodiversity,topic,304-2,"Significant impacts of activities,",a.vi,Nature of significant direct and indirect impacts on biodiversity with reference to one or more of the following: Changes in ecological processes outside the natural range of variation (such as salinity or changes in groundwater level).,shall,True,2016,2,a
GRI304-2016-D304-2-Rb-i,GRI 304,Biodiversity,topic,304-2,"Significant impacts of activities,",b.i,Significant direct and indirect positive and negative impacts with reference to the following: Species affected;,shall,True,2016,2,b
GRI304-2016-D304-2-Rb-ii,GRI 304,Biodiversity,topic,304-2,"Significant impacts of activities,",b.ii,Significant direct and indirect positive and negative impacts with reference to the following: Extent of areas impacted;,shall,True,2016,2,b
GRI304-2016-D304-2-Rb-iii,GRI 304,Biodiversity,topic,304-2,"Significant impacts of activities,",b.iii,Significant direct and indirect positive and negative impacts with reference to the following: Duration of impacts;,shall,True,2016,2,b
GRI304-2016-D304-2-Rb-iv,GRI 304,Biodiversity,topic,304-2,"Significant impacts of activities,",b.iv,Significant direct and indirect positive and negative impacts with reference to the following: Reversibility or irreversibility of the impacts.,shall,True,2016,2,b
GRI304-2016-D304-3-Ra,GRI 304,Biodiversity,topic,304-3,Habitats protected or restored,a,"Size and location of all habitat areas protected or restored, and whether the success of the restoration measure was or is approved by independent external professionals.",shall,True,2016,1,
GRI304-2016-D304-3-Rb,GRI 304,Biodiversity,topic,304-3,Habitats protected or restored,b,Whether partnerships exist with third parties to protect or restore habitat areas distinct from where the organization has overseen and implemented restoration or protection measures.,shall,True,2016,1,
GRI304-2016-D304-3-Rc,GRI 304,Biodiversity,topic,304-3,Habitats protected or restored,c,Status of each area based on its condition at the close of the reporting period.,shall,True,2016,1,
GRI304-2016-D304-3-Rd,GRI 304,Biodiversity,topic,304-3,Habitats protected or restored,d,"Standards, methodologies, and assumptions used.",shall,True,2016,1,
GRI304-2016-D304-4-Ra-i,GRI 304,Biodiversity,topic,304-4,IUCN Red List species and national,a.i,"Total number of IUCN Red List species and national conservation list species with habitats in areas affected by the operations of the organization, by level of extinction risk: Critically endangered",shall,True,2016,2,a
GRI304-2016-D304-4-Ra-ii,GRI 304,Biodiversity,topic,304-4,IUCN Red List species and national,a.ii,"Total number of IUCN Red List species and national conservation list species with habitats in areas affected by the operations of the organization, by level of extinction risk: Endangered",shall,True,2016,2,a
GRI304-2016-D304-4-Ra-iii,GRI 304,Biodiversity,topic,304-4,IUCN Red List species and national,a.iii,"Total number of IUCN Red List species and national conservation list species with habitats in areas affected by the operations of the organization, by level of extinction risk: Vulnerable",shall,True,2016,2,a
GRI304-2016-D304-4-Ra-iv,GRI 304,Biodiversity,topic,304-4,IUCN Red List species and national,a.iv,"Total number of IUCN Red List species and national conservation list species with habitats in areas affected by the operations of the organization, by level of extinction risk: Near threatened",shall,True,2016,2,a
GRI304-2016-D304-4-Ra-v,GRI 304,Biodiversity,topic,304-4,IUCN Red List species and national,a.v,"Total number of IUCN Red List species and national conservation list species with habitats in areas affected by the operations of the organization, by level of extinction risk: Least concern",shall,True,2016,2,a
GRI305-2016-D305-1-Ra,GRI 305,Emissions,topic,305-1,Direct (Scope 1) GHG emissions,a,Gross direct (Scope 1) GHG emissions in metric tons of CO2 equivalent.,shall,True,2016,1,
GRI305-2016-D305-1-Rb,GRI 305,Emissions,topic,305-1,Direct (Scope 1) GHG emissions,b,"Gases included in the calculation; whether CO , CH , N O, HFCs, PFCs, SF , NF , or all. 2 4 2 6 3",shall,True,2016,1,
GRI305-2016-D305-1-Rc,GRI 305,Emissions,topic,305-1,Direct (Scope 1) GHG emissions,c,Biogenic CO2 emissions in metric tons of CO equivalent. 2,shall,True,2016,1,
GRI305-2016-D305-1-Rd-i,GRI 305,Emissions,topic,305-1,Direct (Scope 1) GHG emissions,d.i,"Base year for the calculation, if applicable, including: the rationale for choosing it;",shall,True,2016,2,d
GRI305-2016-D305-1-Rd-ii,GRI 305,Emissions,topic,305-1,Direct (Scope 1) GHG emissions,d.ii,"Base year for the calculation, if applicable, including: emissions in the base year;",shall,True,2016,2,d
GRI305-2016-D305-1-Rd-iii,GRI 305,Emissions,topic,305-1,Direct (Scope 1) GHG emissions,d.iii,"Base year for the calculation, if applicable, including: the context for any significant changes in emissions that triggered recalculations of base year emissions.",shall,True,2016,2,d
GRI305-2016-D305-1-Re,GRI 305,Emissions,topic,305-1,Direct (Scope 1) GHG emissions,e,"Source of the emission factors and the global warming potential (GWP) rates used, or a reference to the GWP source.",shall,True,2016,1,
GRI305-2016-D305-1-Rf,GRI 305,Emissions,topic,305-1,Direct (Scope 1) GHG emissions,f,"Consolidation approach for emissions; whether equity share, financial control, or operational control.",shall,True,2016,1,
GRI305-2016-D305-1-Rg,GRI 305,Emissions,topic,305-1,Direct (Scope 1) GHG emissions,g,"Standards, methodologies, assumptions, and/or calculation tools used.",shall,True,2016,1,
GRI305-2016-D305-2-Ra,GRI 305,Emissions,topic,305-2,Energy indirect (Scope 2) GHG,a,Gross location-based energy indirect (Scope 2) GHG emissions in metric tons of CO2 equivalent.,shall,True,2016,1,
GRI305-2016-D305-2-Rb,GRI 305,Emissions,topic,305-2,Energy indirect (Scope 2) GHG,b,"If applicable, gross market-based energy indirect (Scope 2) GHG emissions in metric tons of CO equivalent. 2",shall,True,2016,1,
GRI305-2016-D305-2-Rc,GRI 305,Emissions,topic,305-2,Energy indirect (Scope 2) GHG,c,"If available, the gases included in the calculation; whether CO , CH , N O, HFCs, PFCs, 2 4 2 SF , NF , or all. 6 3",shall,True,2016,1,
GRI305-2016-D305-2-Rd-i,GRI 305,Emissions,topic,305-2,Energy indirect (Scope 2) GHG,d.i,"Base year for the calculation, if applicable, including: the rationale for choosing it;",shall,True,2016,2,d
GRI305-2016-D305-2-Rd-ii,GRI 305,Emissions,topic,305-2,Energy indirect (Scope 2) GHG,d.ii,"Base year for the calculation, if applicable, including: emissions in the base year;",shall,True,2016,2,d
GRI305-2016-D305-2-Rd-iii,GRI 305,Emissions,topic,305-2,Energy indirect (Scope 2) GHG,d.iii,"Base year for the calculation, if applicable, including: the context for any significant changes in emissions that triggered recalculations of base year emissions.",shall,True,2016,2,d
GRI305-2016-D305-2-Re,GRI 305,Emissions,topic,305-2,Energy indirect (Scope 2) GHG,e,"Source of the emission factors and the global warming potential (GWP) rates used, or a reference to the GWP source.",shall,True,2016,1,
GRI305-2016-D305-2-Rf,GRI 305,Emissions,topic,305-2,Energy indirect (Scope 2) GHG,f,"Consolidation approach for emissions; whether equity share, financial control, or operational control.",shall,True,2016,1,
GRI305-2016-D305-2-Rg,GRI 305,Emissions,topic,305-2,Energy indirect (Scope 2) GHG,g,"Standards, methodologies, assumptions, and/or calculation tools used.",shall,True,2016,1,
GRI305-2016-D305-3-Ra,GRI 305,Emissions,topic,305-3,Other indirect (Scope 3) GHG,a,Gross other indirect (Scope 3) GHG emissions in metric tons of CO2 equivalent.,shall,True,2016,1,
GRI305-2016-D305-3-Rb,GRI 305,Emissions,topic,305-3,Other indirect (Scope 3) GHG,b,"If available, the gases included in the calculation; whether CO , CH , N O, HFCs, PFCs, 2 4 2 SF , NF , or all. 6 3",shall,True,2016,1,
GRI305-2016-D305-3-Rc,GRI 305,Emissions,topic,305-3,Other indirect (Scope 3) GHG,c,Biogenic CO2 emissions in metric tons of CO equivalent. 2,shall,True,2016,1,
GRI305-2016-D305-3-Rd,GRI 305,Emissions,topic,305-3,Other indirect (Scope 3) GHG,d,Other indirect (Scope 3) GHG emissions categories and activities included in the calculation.,shall,True,2016,1,
GRI305-2016-D305-3-Re-i,GRI 305,Emissions,topic,305-3,Other indirect (Scope 3) GHG,e.i,"Base year for the calculation, if applicable, including: the rationale for choosing it;",shall,True,2016,2,e
GRI305-2016-D305-3-Re-ii,GRI 305,Emissions,topic,305-3,Other indirect (Scope 3) GHG,e.ii,"Base year for the calculation, if applicable, including: emissions in the base year;",shall,True,2016,2,e
GRI305-2016-D305-3-Re-iii,GRI 305,Emissions,topic,305-3,Other indirect (Scope 3) GHG,e.iii,"Base year for the calculation, if applicable, including: the context for any significant changes in emissions that triggered recalculations of base year emissions.",shall,True,2016,2,e
GRI305-2016-D305-3-Rf,GRI 305,Emissions,topic,305-3,Other indirect (Scope 3) GHG,f,"Source of the emission factors and the global warming potential (GWP) rates used, or a reference to the GWP source.",shall,True,2016,1,
GRI305-2016-D305-3-Rg,GRI 305,Emissions,topic,305-3,Other indirect (Scope 3) GHG,g,"Standards, methodologies, assumptions, and/or calculation tools used.",shall,True,2016,1,
GRI305-2016-D305-4-Ra,GRI 305,Emissions,topic,305-4,GHG emissions intensity,a,GHG emissions intensity ratio for the organization.,shall,True,2016,1,
GRI305-2016-D305-4-Rb,GRI 305,Emissions,topic,305-4,GHG emissions intensity,b,Organization-specific metric (the denominator) chosen to calculate the ratio.,shall,True,2016,1,
GRI305-2016-D305-4-Rc,GRI 305,Emissions,topic,305-4,GHG emissions intensity,c,"Types of GHG emissions included in the intensity ratio; whether direct (Scope 1), energy indirect (Scope 2), and/or other indirect (Scope 3).",shall,True,2016,1,
GRI305-2016-D305-4-Rd,GRI 305,Emissions,topic,305-4,GHG emissions intensity,d,"Gases included in the calculation; whether CO , CH , N O, HFCs, PFCs, SF , NF , or all. 2 4 2 6 3",shall,True,2016,1,
GRI305-2016-D305-5-Ra,GRI 305,Emissions,topic,305-5,Reduction of GHG emissions,a,"GHG emissions reduced as a direct result of reduction initiatives, in metric tons of CO2 equivalent.",shall,True,2016,1,
GRI305-2016-D305-5-Rb,GRI 305,Emissions,topic,305-5,Reduction of GHG emissions,b,"Gases included in the calculation; whether CO , CH , N O, HFCs, PFCs, SF , NF , or all. 2 4 2 6 3",shall,True,2016,1,
GRI305-2016-D305-5-Rc,GRI 305,Emissions,topic,305-5,Reduction of GHG emissions,c,"Base year or baseline, including the rationale for choosing it.",shall,True,2016,1,
GRI305-2016-D305-5-Rd,GRI 305,Emissions,topic,305-5,Reduction of GHG emissions,d,"Scopes in which reductions took place; whether direct (Scope 1), energy indirect (Scope 2), and/or other indirect (Scope 3).",shall,True,2016,1,
GRI305-2016-D305-5-Re,GRI 305,Emissions,topic,305-5,Reduction of GHG emissions,e,"Standards, methodologies, assumptions, and/or calculation tools used.",shall,True,2016,1,
GRI305-2016-D305-6-Ra,GRI 305,Emissions,topic,305-6,Emissions of ozone-depleting,a,"Production, imports, and exports of ODS in metric tons of CFC-11 (trichlorofluoromethane) equivalent.",shall,True,2016,1,
GRI305-2016-D305-6-Rb,GRI 305,Emissions,topic,305-6,Emissions of ozone-depleting,b,Substances included in the calculation.,shall,True,2016,1,
GRI305-2016-D305-6-Rc,GRI 305,Emissions,topic,305-6,Emissions of ozone-depleting,c,Source of the emission factors used.,shall,True,2016,1,
GRI305-2016-D305-6-Rd,GRI 305,Emissions,topic,305-6,Emissions of ozone-depleting,d,"Standards, methodologies, assumptions, and/or calculation tools used.",shall,True,2016,1,
GRI305-2016-D305-7-Ra-iii,GRI 305,Emissions,topic,305-7,"Nitrogen oxides (NOx), sulfur oxides",a.iii,"Significant air emissions, in kilograms or multiples, for each of the following: Persistent organic pollutants (POP)",shall,True,2016,2,a
GRI305-2016-D305-7-Ra-iv,GRI 305,Emissions,topic,305-7,"Nitrogen oxides (NOx), sulfur oxides",a.iv,"Significant air emissions, in kilograms or multiples, for each of the following: Volatile organic compounds (VOC)",shall,True,2016,2,a
GRI305-2016-D305-7-Ra-v,GRI 305,Emissions,topic,305-7,"Nitrogen oxides (NOx), sulfur oxides",a.v,"Significant air emissions, in kilograms or multiples, for each of the following: Hazardous air pollutants (HAP)",shall,True,2016,2,a
GRI305-2016-D305-7-Ra-vi,GRI 305,Emissions,topic,305-7,"Nitrogen oxides (NOx), sulfur oxides",a.vi,"Significant air emissions, in kilograms or multiples, for each of the following: Particulate matter (PM)",shall,True,2016,2,a
GRI305-2016-D305-7-Ra-vii,GRI 305,Emissions,topic,305-7,"Nitrogen oxides (NOx), sulfur oxides",a.vii,"Significant air emissions, in kilograms or multiples, for each of the following: Other standard categories of air emissions identified in relevant regulations",shall,True,2016,2,a
GRI305-2016-D305-7-Rb,GRI 305,Emissions,topic,305-7,"Nitrogen oxides (NOx), sulfur oxides",b,Source of the emission factors used.,shall,True,2016,1,
GRI305-2016-D305-7-Rc,GRI 305,Emissions,topic,305-7,"Nitrogen oxides (NOx), sulfur oxides",c,"Standards, methodologies, assumptions, and/or calculation tools used.",shall,True,2016,1,
GRI306-2016-D306-1-Ra-i,GRI 306,Effluents and Waste,topic,306-1,Water discharge by quality and,a.i,Total volume of planned and unplanned water discharges by: destination;,shall,True,2016,2,a
GRI306-2016-D306-1-Ra-ii,GRI 306,Effluents and Waste,topic,306-1,Water discharge by quality and,a.ii,"Total volume of planned and unplanned water discharges by: quality of the water, including treatment method;",shall,True,2016,2,a
GRI306-2016-D306-1-Ra-iii,GRI 306,Effluents and Waste,topic,306-1,Water discharge by quality and,a.iii,Total volume of planned and unplanned water discharges by: whether the water was reused by another organization.,shall,True,2016,2,a
GRI306-2016-D306-1-Rb,GRI 306,Effluents and Waste,topic,306-1,Water discharge by quality and,b,"Standards, methodologies, and assumptions used.",shall,True,2016,1,
GRI306-2016-D306-2-Ra-i,GRI 306,Effluents and Waste,topic,306-2,Waste by type and disposal method,a.i,"Total weight of hazardous waste, with a breakdown by the following disposal methods where applicable: Reuse",shall,True,2016,2,a
GRI306-2016-D306-2-Ra-ii,GRI 306,Effluents and Waste,topic,306-2,Waste by type and disposal method,a.ii,"Total weight of hazardous waste, with a breakdown by the following disposal methods where applicable: Recycling",shall,True,2016,2,a
GRI306-2016-D306-2-Ra-iii,GRI 306,Effluents and Waste,topic,306-2,Waste by type and disposal method,a.iii,"Total weight of hazardous waste, with a breakdown by the following disposal methods where applicable: Composting",shall,True,2016,2,a
GRI306-2016-D306-2-Ra-iv,GRI 306,Effluents and Waste,topic,306-2,Waste by type and disposal method,a.iv,"Total weight of hazardous waste, with a breakdown by the following disposal methods where applicable: Recovery, including energy recovery",shall,True,2016,2,a
GRI306-2016-D306-2-Ra-v,GRI 306,Effluents and Waste,topic,306-2,Waste by type and disposal method,a.v,"Total weight of hazardous waste, with a breakdown by the following disposal methods where applicable: Incineration (mass burn)",shall,True,2016,2,a
GRI306-2016-D306-2-Ra-vi,GRI 306,Effluents and Waste,topic,306-2,Waste by type and disposal method,a.vi,"Total weight of hazardous waste, with a breakdown by the following disposal methods where applicable: Deep well injection",shall,True,2016,2,a
GRI306-2016-D306-2-Ra-vii,GRI 306,Effluents and Waste,topic,306-2,Waste by type and disposal method,a.vii,"Total weight of hazardous waste, with a breakdown by the following disposal methods where applicable: Landfill",shall,True,2016,2,a
GRI306-2016-D306-2-Ra-viii,GRI 306,Effluents and Waste,topic,306-2,Waste by type and disposal method,a.viii,"Total weight of hazardous waste, with a breakdown by the following disposal methods where applicable: On-site storage",shall,True,2016,2,a
GRI306-2016-D306-2-Ra-ix,GRI 306,Effluents and Waste,topic,306-2,Waste by type and disposal method,a.ix,"Total weight of hazardous waste, with a breakdown by the following disposal methods where applicable: Other (to be specified by the organization)",shall,True,2016,2,a
GRI306-2016-D306-2-Rb-i,GRI 306,Effluents and Waste,topic,306-2,Waste by type and disposal method,b.i,"Total weight of non-hazardous waste, with a breakdown by the following disposal methods where applicable: Reuse",shall,True,2016,2,b
GRI306-2016-D306-2-Rb-ii,GRI 306,Effluents and Waste,topic,306-2,Waste by type and disposal method,b.ii,"Total weight of non-hazardous waste, with a breakdown by the following disposal methods where applicable: Recycling",shall,True,2016,2,b
GRI306-2016-D306-2-Rb-iii,GRI 306,Effluents and Waste,topic,306-2,Waste by type and disposal method,b.iii,"Total weight of non-hazardous waste, with a breakdown by the following disposal methods where applicable: Composting",shall,True,2016,2,b
GRI306-2016-D306-2-Rb-iv,GRI 306,Effluents and Waste,topic,306-2,Waste by type and disposal method,b.iv,"Total weight of non-hazardous waste, with a breakdown by the following disposal methods where applicable: Recovery, including energy recovery",shall,True,2016,2,b
GRI306-2016-D306-2-Rb-v,GRI 306,Effluents and Waste,topic,306-2,Waste by type and disposal method,b.v,"Total weight of non-hazardous waste, with a breakdown by the following disposal methods where applicable: Incineration (mass burn)",shall,True,2016,2,b
GRI306-2016-D306-2-Rb-vi,GRI 306,Effluents and Waste,topic,306-2,Waste by type and disposal method,b.vi,"Total weight of non-hazardous waste, with a breakdown by the following disposal methods where applicable: Deep well injection",shall,True,2016,2,b
GRI306-2016-D306-2-Rb-vii,GRI 306,Effluents and Waste,topic,306-2,Waste by type and disposal method,b.vii,"Total weight of non-hazardous waste, with a breakdown by the following disposal methods where applicable: Landfill",shall,True,2016,2,b
GRI306-2016-D306-2-Rb-viii,GRI 306,Effluents and Waste,topic,306-2,Waste by type and disposal method,b.viii,"Total weight of non-hazardous waste, with a breakdown by the following disposal methods where applicable: On-site storage",shall,True,2016,2,b
GRI306-2016-D306-2-Rb-ix,GRI 306,Effluents and Waste,topic,306-2,Waste by type and disposal method,b.ix,"Total weight of non-hazardous waste, with a breakdown by the following disposal methods where applicable: Other (to be specified by the organization)",shall,True,2016,2,b
GRI306-2016-D306-2-Rc-i,GRI 306,Effluents and Waste,topic,306-2,Waste by type and disposal method,c.i,"How the waste disposal method has been determined: Disposed of directly by the organization, or otherwise directly confirmed",shall,True,2016,2,c
GRI306-2016-D306-2-Rc-ii,GRI 306,Effluents and Waste,topic,306-2,Waste by type and disposal method,c.ii,How the waste disposal method has been determined: Information provided by the waste disposal contractor,shall,True,2016,2,c
GRI306-2016-D306-2-Rc-iii,GRI 306,Effluents and Waste,topic,306-2,Waste by type and disposal method,c.iii,How the waste disposal method has been determined: Organizational defaults of the waste disposal contractor,shall,True,2016,2,c
GRI306-2016-D306-3-Ra,GRI 306,Effluents and Waste,topic,306-3,Significant spills,a,Total number and total volume of recorded significant spills.,shall,True,2016,1,
GRI306-2016-D306-3-Rb-i,GRI 306,Effluents and Waste,topic,306-3,Significant spills,b.i,The following additional information for each spill that was reported in the organization’s financial statements: Location of spill;,shall,True,2016,2,b
GRI306-2016-D306-3-Rb-ii,GRI 306,Effluents and Waste,topic,306-3,Significant spills,b.ii,The following additional information for each spill that was reported in the organization’s financial statements: Volume of spill;,shall,True,2016,2,b
GRI306-2016-D306-3-Rb-iii,GRI 306,Effluents and Waste,topic,306-3,Significant spills,b.iii,"The following additional information for each spill that was reported in the organization’s financial statements: Material of spill, categorized by: oil spills (soil or water surfaces), fuel spills (soil or water surfaces), spills of wastes (soil or water surfaces), spills of chemicals (mostly soil or water surfaces), and other (to be specified by the organization).",shall,True,2016,2,b
GRI306-2016-D306-3-Rc,GRI 306,Effluents and Waste,topic,306-3,Significant spills,c,Impacts of significant spills. 11 GRI 306: Effluents and Waste 2016,shall,True,2016,1,
GRI306-2016-D306-4-Ra-i,GRI 306,Effluents and Waste,topic,306-4,Transport of hazardous waste,a.i,Total weight for each of the following: Hazardous waste transported,shall,True,2016,2,a
GRI306-2016-D306-4-Ra-ii,GRI 306,Effluents and Waste,topic,306-4,Transport of hazardous waste,a.ii,Total weight for each of the following: Hazardous waste imported,shall,True,2016,2,a
GRI306-2016-D306-4-Ra-iii,GRI 306,Effluents and Waste,topic,306-4,Transport of hazardous waste,a.iii,Total weight for each of the following: Hazardous waste exported,shall,True,2016,2,a
GRI306-2016-D306-4-Ra-iv,GRI 306,Effluents and Waste,topic,306-4,Transport of hazardous waste,a.iv,Total weight for each of the following: Hazardous waste treated,shall,True,2016,2,a
GRI306-2016-D306-4-Rb,GRI 306,Effluents and Waste,topic,306-4,Transport of hazardous waste,b,Percentage of hazardous waste shipped internationally.,shall,True,2016,1,
GRI306-2016-D306-4-Rc,GRI 306,Effluents and Waste,topic,306-4,Transport of hazardous waste,c,"Standards, methodologies, and assumptions used.",shall,True,2016,1,
GRI306-2016-D306-5-Ra-i,GRI 306,Effluents and Waste,topic,306-5,Water bodies affected by water,a.i,"Water bodies and related habitats that are significantly affected by water discharges and/or runoff, including information on: the size of the water body and related habitat;",shall,True,2016,2,a
GRI306-2016-D306-5-Ra-ii,GRI 306,Effluents and Waste,topic,306-5,Water bodies affected by water,a.ii,"Water bodies and related habitats that are significantly affected by water discharges and/or runoff, including information on: whether the water body and related habitat is designated as a nationally or internationally protected area;",shall,True,2016,2,a
GRI306-2016-D306-5-Ra-iii,GRI 306,Effluents and Waste,topic,306-5,Water bodies affected by water,a.iii,"Water bodies and related habitats that are significantly affected by water discharges and/or runoff, including information on: the biodiversity value, such as total number of protected species.",shall,True,2016,2,a
GRI306-2020-D306-1-Ra-i,GRI 306,Waste,topic,306-1,Waste generation and significant,a.i,"For the organization’s significant actual and potential waste-related impacts, a description of: the inputs, activities, and outputs that lead or could lead to these impacts;",shall,True,2020,2,a
GRI306-2020-D306-1-Ra-ii,GRI 306,Waste,topic,306-1,Waste generation and significant,a.ii,"For the organization’s significant actual and potential waste-related impacts, a description of: whether these impacts relate to waste generated in the organization’s own activities or to waste generated upstream or downstream in its value chain.",shall,True,2020,2,a
GRI306-2020-D306-2-Ra,GRI 306,Waste,topic,306-2,Management of significant waste-,a,"Actions, including circularity measures, taken to prevent waste generation in the organization’s own activities and upstream and downstream in its value chain, and to manage significant impacts from waste generated.",shall,True,2020,1,
GRI306-2020-D306-2-Rb,GRI 306,Waste,topic,306-2,Management of significant waste-,b,"If the waste generated by the organization in its own activities is managed by a third party, a description of the processes used to determine whether the third party manages the waste in line with contractual or legislative obligations.",shall,True,2020,1,
GRI306-2020-D306-2-Rc,GRI 306,Waste,topic,306-2,Management of significant waste-,c,The processes used to collect and monitor waste-related data. Background,shall,True,2020,1,
GRI306-2020-D306-3-Ra,GRI 306,Waste,topic,306-3,Waste generated,a,"Total weight of waste generated in metric tons, and a breakdown of this total by composition of the waste.",shall,True,2020,1,
GRI306-2020-D306-3-Rb,GRI 306,Waste,topic,306-3,Waste generated,b,Contextual information necessary to understand the data and how the data has been compiled.,shall,True,2020,1,
GRI306-2020-D306-4-Ra,GRI 306,Waste,topic,306-4,Waste diverted from disposal,a,"Total weight of waste diverted from disposal in metric tons, and a breakdown of this total by composition of the waste.",shall,True,2020,1,
GRI306-2020-D306-4-Rb-i,GRI 306,Waste,topic,306-4,Waste diverted from disposal,b.i,"Total weight of hazardous waste diverted from disposal in metric tons, and a breakdown of this total by the following recovery operations: Preparation for reuse;",shall,True,2020,2,b
GRI306-2020-D306-4-Rb-ii,GRI 306,Waste,topic,306-4,Waste diverted from disposal,b.ii,"Total weight of hazardous waste diverted from disposal in metric tons, and a breakdown of this total by the following recovery operations: Recycling;",shall,True,2020,2,b
GRI306-2020-D306-4-Rb-iii,GRI 306,Waste,topic,306-4,Waste diverted from disposal,b.iii,"Total weight of hazardous waste diverted from disposal in metric tons, and a breakdown of this total by the following recovery operations: Other recovery operations.",shall,True,2020,2,b
GRI306-2020-D306-4-Rc-i,GRI 306,Waste,topic,306-4,Waste diverted from disposal,c.i,"Total weight of non-hazardous waste diverted from disposal in metric tons, and a breakdown of this total by the following recovery operations: Preparation for reuse;",shall,True,2020,2,c
GRI306-2020-D306-4-Rc-ii,GRI 306,Waste,topic,306-4,Waste diverted from disposal,c.ii,"Total weight of non-hazardous waste diverted from disposal in metric tons, and a breakdown of this total by the following recovery operations: Recycling;",shall,True,2020,2,c
GRI306-2020-D306-4-Rc-iii,GRI 306,Waste,topic,306-4,Waste diverted from disposal,c.iii,"Total weight of non-hazardous waste diverted from disposal in metric tons, and a breakdown of this total by the following recovery operations: Other recovery operations.",shall,True,2020,2,c
GRI306-2020-D306-4-Rd-i,GRI 306,Waste,topic,306-4,Waste diverted from disposal,d.i,"For each recovery operation listed in Disclosures 306-4-b and 306-4-c, a breakdown of the total weight in metric tons of hazardous waste and of non-hazardous waste diverted from disposal: onsite;",shall,True,2020,2,d
GRI306-2020-D306-4-Rd-ii,GRI 306,Waste,topic,306-4,Waste diverted from disposal,d.ii,"For each recovery operation listed in Disclosures 306-4-b and 306-4-c, a breakdown of the total weight in metric tons of hazardous waste and of non-hazardous waste diverted from disposal: offsite.",shall,True,2020,2,d
GRI306-2020-D306-4-Re,GRI 306,Waste,topic,306-4,Waste diverted from disposal,e,Contextual information necessary to understand the data and how the data has been compiled.,shall,True,2020,1,
GRI306-2020-D306-5-Ra,GRI 306,Waste,topic,306-5,Waste directed to disposal,a,"Total weight of waste directed to disposal in metric tons, and a breakdown of this total by composition of the waste.",shall,True,2020,1,
GRI306-2020-D306-5-Rb-i,GRI 306,Waste,topic,306-5,Waste directed to disposal,b.i,"Total weight of hazardous waste directed to disposal in metric tons, and a breakdown of this total by the following disposal operations: Incineration (with energy recovery);",shall,True,2020,2,b
GRI306-2020-D306-5-Rb-ii,GRI 306,Waste,topic,306-5,Waste directed to disposal,b.ii,"Total weight of hazardous waste directed to disposal in metric tons, and a breakdown of this total by the following disposal operations: Incineration (without energy recovery);",shall,True,2020,2,b
GRI306-2020-D306-5-Rb-iii,GRI 306,Waste,topic,306-5,Waste directed to disposal,b.iii,"Total weight of hazardous waste directed to disposal in metric tons, and a breakdown of this total by the following disposal operations: Landfilling;",shall,True,2020,2,b
GRI306-2020-D306-5-Rb-iv,GRI 306,Waste,topic,306-5,Waste directed to disposal,b.iv,"Total weight of hazardous waste directed to disposal in metric tons, and a breakdown of this total by the following disposal operations: Other disposal operations.",shall,True,2020,2,b
GRI306-2020-D306-5-Rc-i,GRI 306,Waste,topic,306-5,Waste directed to disposal,c.i,"Total weight of non-hazardous waste directed to disposal in metric tons, and a breakdown of this total by the following disposal operations: Incineration (with energy recovery);",shall,True,2020,2,c
GRI306-2020-D306-5-Rc-ii,GRI 306,Waste,topic,306-5,Waste directed to disposal,c.ii,"Total weight of non-hazardous waste directed to disposal in metric tons, and a breakdown of this total by the following disposal operations: Incineration (without energy recovery);",shall,True,2020,2,c
GRI306-2020-D306-5-Rc-iii,GRI 306,Waste,topic,306-5,Waste directed to disposal,c.iii,"Total weight of non-hazardous waste directed to disposal in metric tons, and a breakdown of this total by the following disposal operations: Landfilling;",shall,True,2020,2,c
GRI306-2020-D306-5-Rc-iv,GRI 306,Waste,topic,306-5,Waste directed to disposal,c.iv,"Total weight of non-hazardous waste directed to disposal in metric tons, and a breakdown of this total by the following disposal operations: Other disposal operations.",shall,True,2020,2,c
GRI306-2020-D306-5-Rd-i,GRI 306,Waste,topic,306-5,Waste directed to disposal,d.i,"For each disposal operation listed in Disclosures 306-5-b and 306-5-c, a breakdown of the total weight in metric tons of hazardous waste and of non-hazardous waste directed to disposal: onsite;",shall,True,2020,2,d
GRI306-2020-D306-5-Rd-ii,GRI 306,Waste,topic,306-5,Waste directed to disposal,d.ii,"For each disposal operation listed in Disclosures 306-5-b and 306-5-c, a breakdown of the total weight in metric tons of hazardous waste and of non-hazardous waste directed to disposal: offsite.",shall,True,2020,2,d
GRI306-2020-D306-5-Re,GRI 306,Waste,topic,306-5,Waste directed to disposal,e,Contextual information necessary to understand the data and how the data has been compiled.,shall,True,2020,1,
GRI308-2016-D308-1-Ra,GRI 308,Supplier Environmental Assessment,topic,308-1,New suppliers that were screened,a,Percentage of new suppliers that were screened using environmental criteria.,shall,True,2016,1,
GRI308-2016-D308-2-Ra,GRI 308,Supplier Environmental Assessment,topic,308-2,Negative environmental impacts in,a,Number of suppliers assessed for environmental impacts.,shall,True,2016,1,
GRI308-2016-D308-2-Rb,GRI 308,Supplier Environmental Assessment,topic,308-2,Negative environmental impacts in,b,Number of suppliers identified as having significant actual and potential negative environmental impacts.,shall,True,2016,1,
GRI308-2016-D308-2-Rc,GRI 308,Supplier Environmental Assessment,topic,308-2,Negative environmental impacts in,c,Significant actual and potential negative environmental impacts identified in the supply chain.,shall,True,2016,1,
GRI308-2016-D308-2-Rd,GRI 308,Supplier Environmental Assessment,topic,308-2,Negative environmental impacts in,d,Percentage of suppliers identified as having significant actual and potential negative environmental impacts with which improvements were agreed upon as a result of assessment.,shall,True,2016,1,
GRI308-2016-D308-2-Re,GRI 308,Supplier Environmental Assessment,topic,308-2,Negative environmental impacts in,e,"Percentage of suppliers identified as having significant actual and potential negative environmental impacts with which relationships were terminated as a result of assessment, and why.",shall,True,2016,1,
GRI3-2021-D3-1-Ra-i,GRI 3,Material Topics,universal,3-1,Process to determine material topics,a.i,"describe the process it has followed to determine its material topics, including: how it has identified actual and potential, negative and positive impacts on the economy, environment, and people, including impacts on their human rights, across its activities and business relationships;",shall,False,2021,2,a
GRI3-2021-D3-1-Ra-ii,GRI 3,Material Topics,universal,3-1,Process to determine material topics,a.ii,"describe the process it has followed to determine its material topics, including: how it has prioritized the impacts for reporting based on their significance;",shall,False,2021,2,a
GRI3-2021-D3-1-Rb,GRI 3,Material Topics,universal,3-1,Process to determine material topics,b,specify the stakeholders and experts whose views have informed the process of determining its material topics.,shall,False,2021,1,
GRI3-2021-D3-2-Ra,GRI 3,Material Topics,universal,3-2,List of material topics,a,list its material topics;,shall,False,2021,1,
GRI3-2021-D3-2-Rb,GRI 3,Material Topics,universal,3-2,List of material topics,b,report changes to the list of material topics compared to the previous reporting period.,shall,False,2021,1,
GRI3-2021-D3-3-Ra,GRI 3,Material Topics,universal,3-3,Management of material topics,a,"describe the actual and potential, negative and positive impacts on the economy, environment, and people, including impacts on their human rights;",shall,True,2021,1,
GRI3-2021-D3-3-Rb,GRI 3,Material Topics,universal,3-3,Management of material topics,b,"report whether the organization is involved with the negative impacts through its activities or as a result of its business relationships, and describe the activities or business relationships;",shall,True,2021,1,
GRI3-2021-D3-3-Rc,GRI 3,Material Topics,universal,3-3,Management of material topics,c,describe its policies or commitments regarding the material topic;,shall,True,2021,1,
GRI3-2021-D3-3-Rd-i,GRI 3,Material Topics,universal,3-3,Management of material topics,d.i,"describe actions taken to manage the topic and related impacts, including: actions to prevent or mitigate potential negative impacts;",shall,True,2021,2,d
GRI3-2021-D3-3-Rd-ii,GRI 3,Material Topics,universal,3-3,Management of material topics,d.ii,"describe actions taken to manage the topic and related impacts, including: actions to address actual negative impacts, including actions to provide for or cooperate in their remediation;",shall,True,2021,2,d
GRI3-2021-D3-3-Rd-iii,GRI 3,Material Topics,universal,3-3,Management of material topics,d.iii,"describe actions taken to manage the topic and related impacts, including: actions to manage actual and potential positive impacts;",shall,True,2021,2,d
GRI3-2021-D3-3-Re-i,GRI 3,Material Topics,universal,3-3,Management of material topics,e.i,report the following information about tracking the effectiveness of the actions taken: processes used to track the effectiveness of the actions;,shall,True,2021,2,e
GRI3-2021-D3-3-Re-ii,GRI 3,Material Topics,universal,3-3,Management of material topics,e.ii,"report the following information about tracking the effectiveness of the actions taken: goals, targets, and indicators used to evaluate progress;",shall,True,2021,2,e
GRI3-2021-D3-3-Re-iii,GRI 3,Material Topics,universal,3-3,Management of material topics,e.iii,"report the following information about tracking the effectiveness of the actions taken: the effectiveness of the actions, including progress toward the goals and targets;",shall,True,2021,2,e
GRI3-2021-D3-3-Re-iv,GRI 3,Material Topics,universal,3-3,Management of material topics,e.iv,report the following information about tracking the effectiveness of the actions taken: lessons learned and how these have been incorporated into the organization’s operational policies and procedures;,shall,True,2021,2,e
GRI3-2021-D3-3-Rf,GRI 3,Material Topics,universal,3-3,Management of material topics,f,describe how engagement with stakeholders has informed the actions taken (3-3-d) and how it has informed whether the actions have been effective (3-3-e).,shall,True,2021,1,
GRI401-2016-D401-1-Ra,GRI 401,Employment,topic,401-1,New employee hires and employee,a,"Total number and rate of new employee hires during the reporting period, by age group, gender and region.",shall,True,2016,1,
GRI401-2016-D401-1-Rb,GRI 401,Employment,topic,401-1,New employee hires and employee,b,"Total number and rate of employee turnover during the reporting period, by age group, gender and region.",shall,True,2016,1,
GRI401-2016-D401-2-Ra-i,GRI 401,Employment,topic,401-2,Benefits provided to full-time,a.i,"Benefits which are standard for full-time employees of the organization but are not provided to temporary or part-time employees, by significant locations of operation. These include, as a minimum: life insurance;",shall,True,2016,2,a
GRI401-2016-D401-2-Ra-ii,GRI 401,Employment,topic,401-2,Benefits provided to full-time,a.ii,"Benefits which are standard for full-time employees of the organization but are not provided to temporary or part-time employees, by significant locations of operation. These include, as a minimum: health care;",shall,True,2016,2,a
GRI401-2016-D401-2-Ra-iii,GRI 401,Employment,topic,401-2,Benefits provided to full-time,a.iii,"Benefits which are standard for full-time employees of the organization but are not provided to temporary or part-time employees, by significant locations of operation. These include, as a minimum: disability and invalidity coverage;",shall,True,2016,2,a
GRI401-2016-D401-2-Ra-iv,GRI 401,Employment,topic,401-2,Benefits provided to full-time,a.iv,"Benefits which are standard for full-time employees of the organization but are not provided to temporary or part-time employees, by significant locations of operation. These include, as a minimum: parental leave;",shall,True,2016,2,a
GRI401-2016-D401-2-Ra-v,GRI 401,Employment,topic,401-2,Benefits provided to full-time,a.v,"Benefits which are standard for full-time employees of the organization but are not provided to temporary or part-time employees, by significant locations of operation. These include, as a minimum: retirement provision;",shall,True,2016,2,a
GRI401-2016-D401-2-Ra-vi,GRI 401,Employment,topic,401-2,Benefits provided to full-time,a.vi,"Benefits which are standard for full-time employees of the organization but are not provided to temporary or part-time employees, by significant locations of operation. These include, as a minimum: stock ownership;",shall,True,2016,2,a
GRI401-2016-D401-2-Ra-vii,GRI 401,Employment,topic,401-2,Benefits provided to full-time,a.vii,"Benefits which are standard for full-time employees of the organization but are not provided to temporary or part-time employees, by significant locations of operation. These include, as a minimum: others.",shall,True,2016,2,a
GRI401-2016-D401-2-Rb,GRI 401,Employment,topic,401-2,Benefits provided to full-time,b,The definition used for ‘significant locations of operation’.,shall,True,2016,1,
GRI401-2016-D401-3-Ra,GRI 401,Employment,topic,401-3,Parental leave,a,"Total number of employees that were entitled to parental leave, by gender.",shall,True,2016,1,
GRI401-2016-D401-3-Rb,GRI 401,Employment,topic,401-3,Parental leave,b,"Total number of employees that took parental leave, by gender.",shall,True,2016,1,
GRI401-2016-D401-3-Rc,GRI 401,Employment,topic,401-3,Parental leave,c,"Total number of employees that returned to work in the reporting period after parental leave ended, by gender.",shall,True,2016,1,
GRI401-2016-D401-3-Rd,GRI 401,Employment,topic,401-3,Parental leave,d,"Total number of employees that returned to work after parental leave ended that were still employed 12 months after their return to work, by gender.",shall,True,2016,1,
GRI401-2016-D401-3-Re,GRI 401,Employment,topic,401-3,Parental leave,e,"Return to work and retention rates of employees that took parental leave, by gender.",shall,True,2016,1,
GRI402-2016-D402-1-Ra,GRI 402,Labor and Management Relations,topic,402-1,Minimum notice periods regarding operational,a,Minimum number of weeks’ notice typically provided to employees and their representatives prior to the implementation of significant operational changes that could substantially affect them.,shall,True,2016,1,
GRI402-2016-D402-1-Rb,GRI 402,Labor and Management Relations,topic,402-1,Minimum notice periods regarding operational,b,"For organizations with collective bargaining agreements, report whether the notice period and provisions for consultation and negotiation are specified in collective agreements.",shall,True,2016,1,
GRI403-2018-D403-1-Ra-i,GRI 403,Occupational Health and Safety,topic,403-1,Occupational health and safety,a.i,"A statement of whether an occupational health and safety management system has been implemented, including whether: the system has been implemented because of legal requirements and, if so, a list of the requirements;",shall,True,2018,2,a
GRI403-2018-D403-1-Ra-ii,GRI 403,Occupational Health and Safety,topic,403-1,Occupational health and safety,a.ii,"A statement of whether an occupational health and safety management system has been implemented, including whether: the system has been implemented based on recognized risk management and/or management system standards/guidelines and, if so, a list of the standards/guidelines.",shall,True,2018,2,a
GRI403-2018-D403-1-Rb,GRI 403,Occupational Health and Safety,topic,403-1,Occupational health and safety,b,"A description of the scope of workers, activities, and workplaces covered by the occupational health and safety management system, and an explanation of whether and, if so, why any workers, activities, or workplaces are not covered.",shall,True,2018,1,
GRI403-2018-D403-2-Ra-i,GRI 403,Occupational Health and Safety,topic,403-2,"Hazard identification, risk",a.i,"A description of the processes used to identify work-related hazards and assess risks on a routine and non-routine basis, and to apply the hierarchy of controls in order to eliminate hazards and minimize risks, including: how the organization ensures the quality of these processes, including the competency of persons who carry them out;",shall,True,2018,2,a
GRI403-2018-D403-2-Ra-ii,GRI 403,Occupational Health and Safety,topic,403-2,"Hazard identification, risk",a.ii,"A description of the processes used to identify work-related hazards and assess risks on a routine and non-routine basis, and to apply the hierarchy of controls in order to eliminate hazards and minimize risks, including: how the results of these processes are used to evaluate and continually improve the occupational health and safety management system.",shall,True,2018,2,a
GRI403-2018-D403-2-Rb,GRI 403,Occupational Health and Safety,topic,403-2,"Hazard identification, risk",b,"A description of the processes for workers to report work-related hazards and hazardous situations, and an explanation of how workers are protected against reprisals.",shall,True,2018,1,
GRI403-2018-D403-2-Rc,GRI 403,Occupational Health and Safety,topic,403-2,"Hazard identification, risk",c,"A description of the policies and processes for workers to remove themselves from work situations that they believe could cause injury or ill health, and an explanation of how workers are protected against reprisals.",shall,True,2018,1,
GRI403-2018-D403-2-Rd,GRI 403,Occupational Health and Safety,topic,403-2,"Hazard identification, risk",d,"A description of the processes used to investigate work-related incidents, including the processes to identify hazards and assess risks relating to the incidents, to determine corrective actions using the hierarchy of controls, and to determine improvements needed in the occupational health and safety management system.",shall,True,2018,1,
GRI403-2018-D403-3-Ra,GRI 403,Occupational Health and Safety,topic,403-3,Occupational health services,a,"A description of the occupational health services’ functions that contribute to the identification and elimination of hazards and minimization of risks, and an explanation of how the organization ensures the quality of these services and facilitates workers’ access to them.",shall,True,2018,1,
GRI403-2018-D403-4-Ra,GRI 403,Occupational Health and Safety,topic,403-4,"Worker participation, consultation,",a,"A description of the processes for worker participation and consultation in the development, implementation, and evaluation of the occupational health and safety management system, and for providing access to and communicating relevant information on occupational health and safety to workers.",shall,True,2018,1,
GRI403-2018-D403-4-Rb,GRI 403,Occupational Health and Safety,topic,403-4,"Worker participation, consultation,",b,"Where formal joint management-worker health and safety committees exist, a description of their responsibilities, meeting frequency, decision-making authority, and whether and, if so, why any workers are not represented by these committees.",shall,True,2018,1,
GRI403-2018-D403-5-Ra,GRI 403,Occupational Health and Safety,topic,403-5,Worker training on occupational,a,"A description of any occupational health and safety training provided to workers, including generic training as well as training on specific work-related hazards, hazardous activities, or hazardous situations.",shall,True,2018,1,
GRI403-2018-D403-6-Ra,GRI 403,Occupational Health and Safety,topic,403-6,Promotion of worker health,a,"An explanation of how the organization facilitates workers’ access to non-occupational medical and healthcare services, and the scope of access provided.",shall,True,2018,1,
GRI403-2018-D403-6-Rb,GRI 403,Occupational Health and Safety,topic,403-6,Promotion of worker health,b,"A description of any voluntary health promotion services and programs offered to workers to address major non-work-related health risks, including the specific health risks addressed, and how the organization facilitates workers’ access to these services and programs.",shall,True,2018,1,
GRI403-2018-D403-7-Ra,GRI 403,Occupational Health and Safety,topic,403-7,Prevention and mitigation of,a,"A description of the organization’s approach to preventing or mitigating significant negative occupational health and safety impacts that are directly linked to its operations, products, or services by its business relationships, and the related hazards and risks. Background",shall,True,2018,1,
GRI403-2018-D403-8-Ra-i,GRI 403,Occupational Health and Safety,topic,403-8,Workers covered by an occupational,a.i,"If the organization has implemented an occupational health and safety management system based on legal requirements and/or recognized standards/guidelines: the number and percentage of all employees and workers who are not employees but whose work and/or workplace is controlled by the organization, who are covered by such a system;",shall,True,2018,2,a
GRI403-2018-D403-8-Ra-ii,GRI 403,Occupational Health and Safety,topic,403-8,Workers covered by an occupational,a.ii,"If the organization has implemented an occupational health and safety management system based on legal requirements and/or recognized standards/guidelines: the number and percentage of all employees and workers who are not employees but whose work and/or workplace is controlled by the organization, who are covered by such a system that has been internally audited;",shall,True,2018,2,a
GRI403-2018-D403-8-Ra-iii,GRI 403,Occupational Health and Safety,topic,403-8,Workers covered by an occupational,a.iii,"If the organization has implemented an occupational health and safety management system based on legal requirements and/or recognized standards/guidelines: the number and percentage of all employees and workers who are not employees but whose work and/or workplace is controlled by the organization, who are covered by such a system that has been audited or certified by an external party.",shall,True,2018,2,a
GRI403-2018-D403-8-Rb,GRI 403,Occupational Health and Safety,topic,403-8,Workers covered by an occupational,b,"Whether and, if so, why any workers have been excluded from",shall,True,2018,1,
GRI403-2018-D403-9-Ra-i,GRI 403,Occupational Health and Safety,topic,403-9,Work-related injuries,a.i,For all employees: The number and rate of fatalities as a result of work-related injury;,shall,True,2018,2,a
GRI403-2018-D403-9-Ra-ii,GRI 403,Occupational Health and Safety,topic,403-9,Work-related injuries,a.ii,For all employees: The number and rate of high-consequence work-related injuries (excluding fatalities);,shall,True,2018,2,a
GRI403-2018-D403-9-Ra-iii,GRI 403,Occupational Health and Safety,topic,403-9,Work-related injuries,a.iii,For all employees: The number and rate of recordable work-related injuries;,shall,True,2018,2,a
GRI403-2018-D403-9-Ra-iv,GRI 403,Occupational Health and Safety,topic,403-9,Work-related injuries,a.iv,For all employees: The main types of work-related injury;,shall,True,2018,2,a
GRI403-2018-D403-9-Ra-v,GRI 403,Occupational Health and Safety,topic,403-9,Work-related injuries,a.v,For all employees: The number of hours worked.,shall,True,2018,2,a
GRI403-2018-D403-9-Rb-i,GRI 403,Occupational Health and Safety,topic,403-9,Work-related injuries,b.i,For all workers who are not employees but whose work and/or workplace is controlled by the organization: The number and rate of fatalities as a result of work-related injury;,shall,True,2018,2,b
GRI403-2018-D403-9-Rb-ii,GRI 403,Occupational Health and Safety,topic,403-9,Work-related injuries,b.ii,For all workers who are not employees but whose work and/or workplace is controlled by the organization: The number and rate of high-consequence work-related injuries (excluding fatalities);,shall,True,2018,2,b
GRI403-2018-D403-9-Rb-iii,GRI 403,Occupational Health and Safety,topic,403-9,Work-related injuries,b.iii,For all workers who are not employees but whose work and/or workplace is controlled by the organization: The number and rate of recordable work-related injuries;,shall,True,2018,2,b
GRI403-2018-D403-9-Rb-iv,GRI 403,Occupational Health and Safety,topic,403-9,Work-related injuries,b.iv,For all workers who are not employees but whose work and/or workplace is controlled by the organization: The main types of work-related injury;,shall,True,2018,2,b
GRI403-2018-D403-9-Rb-v,GRI 403,Occupational Health and Safety,topic,403-9,Work-related injuries,b.v,For all workers who are not employees but whose work and/or workplace is controlled by the organization: The number of hours worked.,shall,True,2018,2,b
GRI403-2018-D403-9-Rc-i,GRI 403,Occupational Health and Safety,topic,403-9,Work-related injuries,c.i,"The work-related hazards that pose a risk of high-consequence injury, including: how these hazards have been determined;",shall,True,2018,2,c
GRI403-2018-D403-9-Rc-ii,GRI 403,Occupational Health and Safety,topic,403-9,Work-related injuries,c.ii,"The work-related hazards that pose a risk of high-consequence injury, including: which of these hazards have caused or contributed to high-consequence injuries during the reporting period;",shall,True,2018,2,c
GRI403-2018-D403-9-Rc-iii,GRI 403,Occupational Health and Safety,topic,403-9,Work-related injuries,c.iii,"The work-related hazards that pose a risk of high-consequence injury, including: actions taken or underway to eliminate these hazards and minimize risks using the hierarchy of controls.",shall,True,2018,2,c
GRI403-2018-D403-9-Rd,GRI 403,Occupational Health and Safety,topic,403-9,Work-related injuries,d,Any actions taken or underway to eliminate other work-related hazards and minimize risks using the hierarchy of controls.,shall,True,2018,1,
GRI403-2018-D403-9-Re,GRI 403,Occupational Health and Safety,topic,403-9,Work-related injuries,e,"Whether the rates have been calculated based on 200,000 or 1,000,000 hours worked.",shall,True,2018,1,
GRI403-2018-D403-9-Rf,GRI 403,Occupational Health and Safety,topic,403-9,Work-related injuries,f,"Whether and, if so, why any workers have been excluded from",shall,True,2018,1,
GRI403-2018-D403-10-Ra-i,GRI 403,Occupational Health and Safety,topic,403-10,Work-related ill health,a.i,For all employees: The number of fatalities as a result of work-related ill health;,shall,True,2018,2,a
GRI403-2018-D403-10-Ra-ii,GRI 403,Occupational Health and Safety,topic,403-10,Work-related ill health,a.ii,For all employees: The number of cases of recordable work-related ill health;,shall,True,2018,2,a
GRI403-2018-D403-10-Ra-iii,GRI 403,Occupational Health and Safety,topic,403-10,Work-related ill health,a.iii,For all employees: The main types of work-related ill health.,shall,True,2018,2,a
GRI403-2018-D403-10-Rb-i,GRI 403,Occupational Health and Safety,topic,403-10,Work-related ill health,b.i,For all workers who are not employees but whose work and/or workplace is controlled by the organization: The number of fatalities as a result of work-related ill health;,shall,True,2018,2,b
GRI403-2018-D403-10-Rb-ii,GRI 403,Occupational Health and Safety,topic,403-10,Work-related ill health,b.ii,For all workers who are not employees but whose work and/or workplace is controlled by the organization: The number of cases of recordable work-related ill health;,shall,True,2018,2,b
GRI403-2018-D403-10-Rb-iii,GRI 403,Occupational Health and Safety,topic,403-10,Work-related ill health,b.iii,For all workers who are not employees but whose work and/or workplace is controlled by the organization: The main types of work-related ill health.,shall,True,2018,2,b
GRI403-2018-D403-10-Rc-i,GRI 403,Occupational Health and Safety,topic,403-10,Work-related ill health,c.i,"The work-related hazards that pose a risk of ill health, including: how these hazards have been determined;",shall,True,2018,2,c
GRI403-2018-D403-10-Rc-ii,GRI 403,Occupational Health and Safety,topic,403-10,Work-related ill health,c.ii,"The work-related hazards that pose a risk of ill health, including: which of these hazards have caused or contributed to cases of ill health during the reporting period;",shall,True,2018,2,c
GRI403-2018-D403-10-Rc-iii,GRI 403,Occupational Health and Safety,topic,403-10,Work-related ill health,c.iii,"The work-related hazards that pose a risk of ill health, including: actions taken or underway to eliminate these hazards and minimize risks using the hierarchy of controls.",shall,True,2018,2,c
GRI403-2018-D403-10-Rd,GRI 403,Occupational Health and Safety,topic,403-10,Work-related ill health,d,"Whether and, if so, why any workers have been excluded from",shall,True,2018,1,
GRI404-2016-D404-1-Ra-i,GRI 404,Training and Education,topic,404-1,Average hours of training per year,a.i,"Average hours of training that the organization’s employees have undertaken during the reporting period, by: gender;",shall,True,2016,2,a
GRI404-2016-D404-1-Ra-ii,GRI 404,Training and Education,topic,404-1,Average hours of training per year,a.ii,"Average hours of training that the organization’s employees have undertaken during the reporting period, by: employee category.",shall,True,2016,2,a
GRI404-2016-D404-2-Ra,GRI 404,Training and Education,topic,404-2,Programs for upgrading employee,a,Type and scope of programs implemented and assistance provided to upgrade employee skills.,shall,True,2016,1,
GRI404-2016-D404-2-Rb,GRI 404,Training and Education,topic,404-2,Programs for upgrading employee,b,Transition assistance programs provided to facilitate continued employability and the management of career endings resulting from retirement or termination of employment.,shall,True,2016,1,
GRI404-2016-D404-3-Ra,GRI 404,Training and Education,topic,404-3,Percentage of employees receiving,a,Percentage of total employees by gender and by employee category who received a regular performance and career development review during the reporting period.,shall,True,2016,1,
GRI405-2016-D405-1-Ra-i,GRI 405,Diversity and Equal Opportunity,topic,405-1,Diversity of governance bodies and,a.i,Percentage of individuals within the organization’s governance bodies in each of the following diversity categories: Gender;,shall,True,2016,2,a
GRI405-2016-D405-1-Ra-ii,GRI 405,Diversity and Equal Opportunity,topic,405-1,Diversity of governance bodies and,a.ii,"Percentage of individuals within the organization’s governance bodies in each of the following diversity categories: Age group: under 30 years old, 30-50 years old, over 50 years old;",shall,True,2016,2,a
GRI405-2016-D405-1-Ra-iii,GRI 405,Diversity and Equal Opportunity,topic,405-1,Diversity of governance bodies and,a.iii,Percentage of individuals within the organization’s governance bodies in each of the following diversity categories: Other indicators of diversity where relevant (such as minority or vulnerable groups).,shall,True,2016,2,a
GRI405-2016-D405-1-Rb-i,GRI 405,Diversity and Equal Opportunity,topic,405-1,Diversity of governance bodies and,b.i,Percentage of employees per employee category in each of the following diversity categories: Gender;,shall,True,2016,2,b
GRI405-2016-D405-1-Rb-ii,GRI 405,Diversity and Equal Opportunity,topic,405-1,Diversity of governance bodies and,b.ii,"Percentage of employees per employee category in each of the following diversity categories: Age group: under 30 years old, 30-50 years old, over 50 years old;",shall,True,2016,2,b
GRI405-2016-D405-1-Rb-iii,GRI 405,Diversity and Equal Opportunity,topic,405-1,Diversity of governance bodies and,b.iii,Percentage of employees per employee category in each of the following diversity categories: Other indicators of diversity where relevant (such as minority or vulnerable groups).,shall,True,2016,2,b
GRI405-2016-D405-2-Ra,GRI 405,Diversity and Equal Opportunity,topic,405-2,Ratio of basic salary and,a,"Ratio of the basic salary and remuneration of women to men for each employee category, by significant locations of operation.",shall,True,2016,1,
GRI405-2016-D405-2-Rb,GRI 405,Diversity and Equal Opportunity,topic,405-2,Ratio of basic salary and,b,The definition used for ‘significant locations of operation’.,shall,True,2016,1,
GRI406-2016-D406-1-Ra,GRI 406,Non-discrimination,topic,406-1,Incidents of discrimination and,a,Total number of incidents of discrimination during the reporting period.,shall,True,2016,1,
GRI406-2016-D406-1-Rb-i,GRI 406,Non-discrimination,topic,406-1,Incidents of discrimination and,b.i,Status of the incidents and actions taken with reference to the following: Incident reviewed by the organization;,shall,True,2016,2,b
GRI406-2016-D406-1-Rb-ii,GRI 406,Non-discrimination,topic,406-1,Incidents of discrimination and,b.ii,Status of the incidents and actions taken with reference to the following: Remediation plans being implemented;,shall,True,2016,2,b
GRI406-2016-D406-1-Rb-iii,GRI 406,Non-discrimination,topic,406-1,Incidents of discrimination and,b.iii,"Status of the incidents and actions taken with reference to the following: Remediation plans that have been implemented, with results reviewed through routine internal management review processes;",shall,True,2016,2,b
GRI406-2016-D406-1-Rb-iv,GRI 406,Non-discrimination,topic,406-1,Incidents of discrimination and,b.iv,Status of the incidents and actions taken with reference to the following: Incident no longer subject to action.,shall,True,2016,2,b
GRI407-2016-D407-1-Ra-i,GRI 407,Freedom of Association and Collective Bargaining,topic,407-1,Operations and suppliers in which the,a.i,Operations and suppliers in which workers’ rights to exercise freedom of association or collective bargaining may be violated or at significant risk either in terms of: type of operation (such as manufacturing plant) and supplier;,shall,True,2016,2,a
GRI407-2016-D407-1-Ra-ii,GRI 407,Freedom of Association and Collective Bargaining,topic,407-1,Operations and suppliers in which the,a.ii,Operations and suppliers in which workers’ rights to exercise freedom of association or collective bargaining may be violated or at significant risk either in terms of: countries or geographic areas with operations and suppliers considered at risk.,shall,True,2016,2,a
GRI407-2016-D407-1-Rb,GRI 407,Freedom of Association and Collective Bargaining,topic,407-1,Operations and suppliers in which the,b,Measures taken by the organization in the reporting period intended to support rights to exercise freedom of association and collective bargaining.,shall,True,2016,1,
GRI408-2016-D408-1-Ra-i,GRI 408,Child Labor,topic,408-1,Operations and suppliers at,a.i,Operations and suppliers considered to have significant risk for incidents of: child labor;,shall,True,2016,2,a
GRI408-2016-D408-1-Ra-ii,GRI 408,Child Labor,topic,408-1,Operations and suppliers at,a.ii,Operations and suppliers considered to have significant risk for incidents of: young workers exposed to hazardous work.,shall,True,2016,2,a
GRI408-2016-D408-1-Rb-i,GRI 408,Child Labor,topic,408-1,Operations and suppliers at,b.i,Operations and suppliers considered to have significant risk for incidents of child labor either in terms of: type of operation (such as manufacturing plant) and supplier;,shall,True,2016,2,b
GRI408-2016-D408-1-Rb-ii,GRI 408,Child Labor,topic,408-1,Operations and suppliers at,b.ii,Operations and suppliers considered to have significant risk for incidents of child labor either in terms of: countries or geographic areas with operations and suppliers considered at risk.,shall,True,2016,2,b
GRI408-2016-D408-1-Rc,GRI 408,Child Labor,topic,408-1,Operations and suppliers at,c,Measures taken by the organization in the reporting period intended to contribute to the effective abolition of child labor.,shall,True,2016,1,
GRI409-2016-D409-1-Ra-i,GRI 409,Forced or Compulsory Labor,topic,409-1,Operations and suppliers at,a.i,Operations and suppliers considered to have significant risk for incidents of forced or compulsory labor either in terms of: type of operation (such as manufacturing plant) and supplier;,shall,True,2016,2,a
GRI409-2016-D409-1-Ra-ii,GRI 409,Forced or Compulsory Labor,topic,409-1,Operations and suppliers at,a.ii,Operations and suppliers considered to have significant risk for incidents of forced or compulsory labor either in terms of: countries or geographic areas with operations and suppliers considered at risk.,shall,True,2016,2,a
GRI409-2016-D409-1-Rb,GRI 409,Forced or Compulsory Labor,topic,409-1,Operations and suppliers at,b,Measures taken by the organization in the reporting period intended to contribute to the elimination of all forms of forced or compulsory labor.,shall,True,2016,1,
GRI410-2016-D410-1-Ra,GRI 410,Security Practices,topic,410-1,Security personnel trained in human,a,Percentage of security personnel who have received formal training in the organization’s human rights policies or specific procedures and their application to security.,shall,True,2016,1,
GRI410-2016-D410-1-Rb,GRI 410,Security Practices,topic,410-1,Security personnel trained in human,b,Whether training requirements also apply to third-party organizations providing security personnel.,shall,True,2016,1,
GRI411-2016-D411-1-Ra,GRI 411,Rights of Indigenous Peoples,topic,411-1,Incidents of violations involving rights,a,Total number of identified incidents of violations involving the rights of indigenous peoples during the reporting period.,shall,True,2016,1,
GRI411-2016-D411-1-Rb-i,GRI 411,Rights of Indigenous Peoples,topic,411-1,Incidents of violations involving rights,b.i,Status of the incidents and actions taken with reference to the following: Incident reviewed by the organization;,shall,True,2016,2,b
GRI411-2016-D411-1-Rb-ii,GRI 411,Rights of Indigenous Peoples,topic,411-1,Incidents of violations involving rights,b.ii,Status of the incidents and actions taken with reference to the following: Remediation plans being implemented;,shall,True,2016,2,b
GRI411-2016-D411-1-Rb-iii,GRI 411,Rights of Indigenous Peoples,topic,411-1,Incidents of violations involving rights,b.iii,"Status of the incidents and actions taken with reference to the following: Remediation plans that have been implemented, with results reviewed through routine internal management review processes;",shall,True,2016,2,b
GRI411-2016-D411-1-Rb-iv,GRI 411,Rights of Indigenous Peoples,topic,411-1,Incidents of violations involving rights,b.iv,Status of the incidents and actions taken with reference to the following: Incident no longer subject to action.,shall,True,2016,2,b
GRI413-2016-D413-1-Ra-i,GRI 413,Local Communities,topic,413-1,Operations with local community,a.i,"Percentage of operations with implemented local community engagement, impact assessments, and/or development programs, including the use of: social impact assessments, including gender impact assessments, based on participatory processes;",shall,True,2016,2,a
GRI413-2016-D413-1-Ra-ii,GRI 413,Local Communities,topic,413-1,Operations with local community,a.ii,"Percentage of operations with implemented local community engagement, impact assessments, and/or development programs, including the use of: environmental impact assessments and ongoing monitoring;",shall,True,2016,2,a
GRI413-2016-D413-1-Ra-iii,GRI 413,Local Communities,topic,413-1,Operations with local community,a.iii,"Percentage of operations with implemented local community engagement, impact assessments, and/or development programs, including the use of: public disclosure of results of environmental and social impact assessments;",shall,True,2016,2,a
GRI413-2016-D413-1-Ra-iv,GRI 413,Local Communities,topic,413-1,Operations with local community,a.iv,"Percentage of operations with implemented local community engagement, impact assessments, and/or development programs, including the use of: local community development programs based on local communities’ needs;",shall,True,2016,2,a
GRI413-2016-D413-1-Ra-v,GRI 413,Local Communities,topic,413-1,Operations with local community,a.v,"Percentage of operations with implemented local community engagement, impact assessments, and/or development programs, including the use of: stakeholder engagement plans based on stakeholder mapping;",shall,True,2016,2,a
GRI413-2016-D413-1-Ra-vi,GRI 413,Local Communities,topic,413-1,Operations with local community,a.vi,"Percentage of operations with implemented local community engagement, impact assessments, and/or development programs, including the use of: broad based local community consultation committees and processes that include vulnerable groups;",shall,True,2016,2,a
GRI413-2016-D413-1-Ra-vii,GRI 413,Local Communities,topic,413-1,Operations with local community,a.vii,"Percentage of operations with implemented local community engagement, impact assessments, and/or development programs, including the use of: works councils, occupational health and safety committees and other worker representation bodies to deal with impacts;",shall,True,2016,2,a
GRI413-2016-D413-1-Ra-viii,GRI 413,Local Communities,topic,413-1,Operations with local community,a.viii,"Percentage of operations with implemented local community engagement, impact assessments, and/or development programs, including the use of: formal local community grievance processes.",shall,True,2016,2,a
GRI413-2016-D413-2-Ra-i,GRI 413,Local Communities,topic,413-2,Operations with significant actual and,a.i,"Operations with significant actual and potential negative impacts on local communities, including: the location of the operations;",shall,True,2016,2,a
GRI413-2016-D413-2-Ra-ii,GRI 413,Local Communities,topic,413-2,Operations with significant actual and,a.ii,"Operations with significant actual and potential negative impacts on local communities, including: the significant actual and potential negative impacts of operations.",shall,True,2016,2,a
GRI414-2016-D414-1-Ra,GRI 414,Supplier Social Assessment,topic,414-1,New suppliers that were screened,a,Percentage of new suppliers that were screened using social criteria.,shall,True,2016,1,
GRI414-2016-D414-2-Ra,GRI 414,Supplier Social Assessment,topic,414-2,Negative social impacts in the supply,a,Number of suppliers assessed for social impacts.,shall,True,2016,1,
GRI414-2016-D414-2-Rb,GRI 414,Supplier Social Assessment,topic,414-2,Negative social impacts in the supply,b,Number of suppliers identified as having significant actual and potential negative social impacts.,shall,True,2016,1,
GRI414-2016-D414-2-Rc,GRI 414,Supplier Social Assessment,topic,414-2,Negative social impacts in the supply,c,Significant actual and potential negative social impacts identified in the supply chain.,shall,True,2016,1,
GRI414-2016-D414-2-Rd,GRI 414,Supplier Social Assessment,topic,414-2,Negative social impacts in the supply,d,Percentage of suppliers identified as having significant actual and potential negative social impacts with which improvements were agreed upon as a result of assessment.,shall,True,2016,1,
GRI414-2016-D414-2-Re,GRI 414,Supplier Social Assessment,topic,414-2,Negative social impacts in the supply,e,"Percentage of suppliers identified as having significant actual and potential negative social impacts with which relationships were terminated as a result of assessment, and why.",shall,True,2016,1,
GRI415-2016-D415-1-Ra,GRI 415,Public Policy,topic,415-1,Political contributions,a,Total monetary value of financial and in-kind political contributions made directly and indirectly by the organization by country and recipient/beneficiary.,shall,True,2016,1,
GRI415-2016-D415-1-Rb,GRI 415,Public Policy,topic,415-1,Political contributions,b,"If applicable, how the monetary value of in-kind contributions was estimated.",shall,True,2016,1,
GRI416-2016-D416-1-Ra,GRI 416,Customer Health and Safety,topic,416-1,Assessment of the health and safety,a,Percentage of significant product and service categories for which health and safety impacts are assessed for improvement.,shall,True,2016,1,
GRI416-2016-D416-2-Ra-i,GRI 416,Customer Health and Safety,topic,416-2,Incidents of non-compliance,a.i,"Total number of incidents of non-compliance with regulations and/or voluntary codes concerning the health and safety impacts of products and services within the reporting period, by: incidents of non-compliance with regulations resulting in a fine or penalty;",shall,True,2016,2,a
GRI416-2016-D416-2-Ra-ii,GRI 416,Customer Health and Safety,topic,416-2,Incidents of non-compliance,a.ii,"Total number of incidents of non-compliance with regulations and/or voluntary codes concerning the health and safety impacts of products and services within the reporting period, by: incidents of non-compliance with regulations resulting in a warning;",shall,True,2016,2,a
GRI416-2016-D416-2-Ra-iii,GRI 416,Customer Health and Safety,topic,416-2,Incidents of non-compliance,a.iii,"Total number of incidents of non-compliance with regulations and/or voluntary codes concerning the health and safety impacts of products and services within the reporting period, by: incidents of non-compliance with voluntary codes.",shall,True,2016,2,a
GRI416-2016-D416-2-Rb,GRI 416,Customer Health and Safety,topic,416-2,Incidents of non-compliance,b,"If the organization has not identified any non-compliance with regulations and/or voluntary codes, a brief statement of this fact is sufficient.",shall,True,2016,1,
GRI417-2016-D417-1-Ra-i,GRI 417,Marketing and Labeling,topic,417-1,Requirements for product and service,a.i,Whether each of the following types of information is required by the organization’s procedures for product and service information and labeling: The sourcing of components of the product or service;,shall,True,2016,2,a
GRI417-2016-D417-1-Ra-ii,GRI 417,Marketing and Labeling,topic,417-1,Requirements for product and service,a.ii,"Whether each of the following types of information is required by the organization’s procedures for product and service information and labeling: Content, particularly with regard to substances that might produce an environmental or social impact;",shall,True,2016,2,a
GRI417-2016-D417-1-Ra-iii,GRI 417,Marketing and Labeling,topic,417-1,Requirements for product and service,a.iii,Whether each of the following types of information is required by the organization’s procedures for product and service information and labeling: Safe use of the product or service;,shall,True,2016,2,a
GRI417-2016-D417-1-Ra-iv,GRI 417,Marketing and Labeling,topic,417-1,Requirements for product and service,a.iv,Whether each of the following types of information is required by the organization’s procedures for product and service information and labeling: Disposal of the product and environmental or social impacts;,shall,True,2016,2,a
GRI417-2016-D417-1-Ra-v,GRI 417,Marketing and Labeling,topic,417-1,Requirements for product and service,a.v,Whether each of the following types of information is required by the organization’s procedures for product and service information and labeling: Other (explain).,shall,True,2016,2,a
GRI417-2016-D417-1-Rb,GRI 417,Marketing and Labeling,topic,417-1,Requirements for product and service,b,Percentage of significant product or service categories covered by and assessed for compliance with such procedures. Background,shall,True,2016,1,
GRI417-2016-D417-2-Ra-i,GRI 417,Marketing and Labeling,topic,417-2,Incidents of non-compliance,a.i,"Total number of incidents of non-compliance with regulations and/or voluntary codes concerning product and service information and labeling, by: incidents of non-compliance with regulations resulting in a fine or penalty;",shall,True,2016,2,a
GRI417-2016-D417-2-Ra-ii,GRI 417,Marketing and Labeling,topic,417-2,Incidents of non-compliance,a.ii,"Total number of incidents of non-compliance with regulations and/or voluntary codes concerning product and service information and labeling, by: incidents of non-compliance with regulations resulting in a warning;",shall,True,2016,2,a
GRI417-2016-D417-2-Ra-iii,GRI 417,Marketing and Labeling,topic,417-2,Incidents of non-compliance,a.iii,"Total number of incidents of non-compliance with regulations and/or voluntary codes concerning product and service information and labeling, by: incidents of non-compliance with voluntary codes.",shall,True,2016,2,a
GRI417-2016-D417-2-Rb,GRI 417,Marketing and Labeling,topic,417-2,Incidents of non-compliance,b,"If the organization has not identified any non-compliance with regulations and/or voluntary codes, a brief statement of this fact is sufficient.",shall,True,2016,1,
GRI417-2016-D417-3-Ra-i,GRI 417,Marketing and Labeling,topic,417-3,Incidents of non-compliance,a.i,"Total number of incidents of non-compliance with regulations and/or voluntary codes concerning marketing communications, including advertising, promotion, and sponsorship, by: incidents of non-compliance with regulations resulting in a fine or penalty;",shall,True,2016,2,a
GRI417-2016-D417-3-Ra-ii,GRI 417,Marketing and Labeling,topic,417-3,Incidents of non-compliance,a.ii,"Total number of incidents of non-compliance with regulations and/or voluntary codes concerning marketing communications, including advertising, promotion, and sponsorship, by: incidents of non-compliance with regulations resulting in a warning;",shall,True,2016,2,a
GRI417-2016-D417-3-Ra-iii,GRI 417,Marketing and Labeling,topic,417-3,Incidents of non-compliance,a.iii,"Total number of incidents of non-compliance with regulations and/or voluntary codes concerning marketing communications, including advertising, promotion, and sponsorship, by: incidents of non-compliance with voluntary codes.",shall,True,2016,2,a
GRI417-2016-D417-3-Rb,GRI 417,Marketing and Labeling,topic,417-3,Incidents of non-compliance,b,"If the organization has not identified any non-compliance with regulations and/or voluntary codes, a brief statement of this fact is sufficient.",shall,True,2016,1,
GRI418-2016-D418-1-Ra-i,GRI 418,Customer Privacy,topic,418-1,Substantiated complaints concerning,a.i,"Total number of substantiated complaints received concerning breaches of customer privacy, categorized by: complaints received from outside parties and substantiated by the organization;",shall,True,2016,2,a
GRI418-2016-D418-1-Ra-ii,GRI 418,Customer Privacy,topic,418-1,Substantiated complaints concerning,a.ii,"Total number of substantiated complaints received concerning breaches of customer privacy, categorized by: complaints from regulatory bodies.",shall,True,2016,2,a
GRI418-2016-D418-1-Rb,GRI 418,Customer Privacy,topic,418-1,Substantiated complaints concerning,b,"Total number of identified leaks, thefts, or losses of customer data.",shall,True,2016,1,
GRI418-2016-D418-1-Rc,GRI 418,Customer Privacy,topic,418-1,Substantiated complaints concerning,c,"If the organization has not identified any substantiated complaints, a brief statement of this fact is sufficient.",shall,True,2016,1,
